field_id,date_of_image,source_dataset,raw_row_index,soil_moisture_flag,latitude,longitude,NDVI,GNDVI,NDWI,SAVI,soil_moisture,temperature,rainfall,crop_type,year,month,day_of_year,month_sin,month_cos,doy_sin,doy_cos,field_obs_number,NDVI_field_expanding_mean,GNDVI_field_expanding_mean,SAVI_field_expanding_mean,soil_moisture_field_expanding_mean,rainfall_field_expanding_mean,temperature_field_expanding_mean,NDVI_field_expanding_std,GNDVI_field_expanding_std,SAVI_field_expanding_std,soil_moisture_field_expanding_std,rainfall_field_expanding_std,temperature_field_expanding_std,yield
Field_1,2023-01-01,dataset1_field_satellite,0,ok,22.62523109,88.49792521,0.060189961,0.084800905,-0.084800905,0.09027956,46.11935326,9.884228735,1.662354196,Rice,2023,1,1,0.49999999999999994,0.8660254037844387,0.017213356155834685,0.9998518392091162,1,,,,,,,,,,,,,40.21803063
Field_1,2023-01-04,dataset1_field_satellite,6,ok,22.62523109,88.49792521,0.511422904,0.467237584,-0.467237584,0.767016104,21.98207972,14.59747283,17.52762933,Rice,2023,1,4,0.49999999999999994,0.8660254037844387,0.06880242680231986,0.9976303053065857,2,0.060189961,0.084800905,0.09027956,46.11935326,1.662354196,9.884228735,,,,,,,53.44668506
Field_1,2023-01-05,dataset1_field_satellite,8,ok,22.62523109,88.49792521,0.499145315,0.455278622,-0.455278622,0.748619438,22.71814608,11.23455428,16.86155872,Rice,2023,1,5,0.49999999999999994,0.8660254037844387,0.08596479873744647,0.9962981749346078,3,0.2858064325,0.2760192445,0.428647832,34.05071649,9.594991763,12.2408507825,0.3190698738900629,0.2704235690953629,0.4785249993391484,17.06762979948862,11.218443632641712,3.3327668609619505,52.78942541
Field_1,2023-01-16,dataset1_field_satellite,1,ok,22.62523109,88.49792521,0.21395714,0.222008568,-0.222008568,0.320895526,37.54252546,13.96707263,8.446302193,Rice,2023,1,16,0.49999999999999994,0.8660254037844387,0.2719581575341055,0.9623090774541486,4,0.3569193933333333,0.3357723703333333,0.535305034,30.273193019999997,12.017180748666666,11.905418615,0.2570485397888109,0.21742990020165065,0.38551311743139477,13.728111457349058,8.973724823964375,2.427181841507622,30.8703379
Field_1,2023-01-31,dataset1_field_satellite,2,ok,22.62523109,88.49792521,0.403306358,0.431204267,-0.431204267,0.604837027,24.92627906,13.59014742,3.862833237,Rice,2023,1,31,0.49999999999999994,0.8660254037844387,0.5086709438521044,0.8609610158889943,5,0.32117882999999997,0.30733141975,0.481702657,32.09052613,11.12446110975,12.420832118749999,0.22171795749234202,0.18642082773875066,0.33252534001884543,11.783526409967777,7.54141575295954,2.233848423809076,45.33005008
Field_1,2023-02-03,dataset1_field_satellite,4,ok,22.62523109,88.49792521,0.375137647,0.387985002,-0.387985002,0.562590743,27.42092711,11.00770651,9.496210107,Rice,2023,2,34,0.8660254037844386,0.5000000000000001,0.5524353131676196,0.8335557718385699,6,0.33760433559999997,0.3321059892,0.506329531,30.657676716000005,9.6721355352,12.654695178999999,0.19549456687337924,0.1706852079656145,0.2931931802260175,10.69597626244593,7.293898925931156,2.004000683673335,34.54264576
Field_1,2023-02-15,dataset1_field_satellite,3,ok,22.62523109,88.49792521,0.418186528,0.444132119,-0.444132119,0.627143696,24.1141571,12.34335542,16.62354196,Rice,2023,2,46,0.8660254037844386,0.5000000000000001,0.7116566222817746,0.7025274741691571,7,0.3438598875,0.34141915799999994,0.5157063996666666,30.118218448333334,9.6428146305,12.3801970675,0.1755257591325264,0.15436049641406255,0.2632438921243725,9.657598971833991,6.524256856230776,1.914395536829564,49.71178105
Field_1,2023-03-17,dataset1_field_satellite,5,ok,22.62523109,88.49792521,0.450441814,0.414487963,-0.414487963,0.675558913,25.29849811,29.05703078,11.03814476,Rice,2023,3,76,1.0,6.123233995736766e-17,0.9657399376548549,0.2595117970697999,8,0.354477979,0.3560924381428571,0.5316260134285714,29.26049539857143,10.640061391857143,12.374933975000001,0.16267641860123636,0.14616122979567875,0.24397095660540102,9.103525144760729,6.5140704626976325,1.7476515081272468,48.32423291
Field_1,2023-04-16,dataset1_field_satellite,7,ok,22.62523109,88.49792521,0.478374933,0.470818651,-0.470818651,0.717455656,22.13672953,26.89658942,16.57368075,Rice,2023,4,106,0.8660254037844387,-0.4999999999999998,0.9679377830240642,-0.25119006388481935,9,0.366473458375,0.36339187875,0.549617625875,28.7652457375,10.689821812875,14.460196075625,0.15438339494257555,0.13688494294230924,0.23153465048713115,8.543838758076417,6.032499429044216,6.11592212820793,51.58966574
Field_1,2023-05-31,dataset1_field_satellite,9,ok,22.62523109,88.49792521,0.495261375,0.467180972,-0.467180972,0.742791982,22.15002624,28.76547304,10.38336348,Rice,2023,5,151,0.49999999999999994,-0.8660254037844387,0.5160623910158528,-0.8565509959010036,10,0.37890695555555554,0.3753281867777778,0.5682662958888889,28.028743936666665,11.343583917,15.842017558333332,0.1491518696630914,0.13295706336176832,0.22368999445383225,8.291830151250348,5.974011398578929,7.064971056853935,38.43404016
Field_1,2023-10-13,dataset1_field_satellite,10,ok,22.62523109,88.49792521,0.440812789,0.368312131,-0.368312131,0.661123118,27.75477796,13.70434524,16.87002572,Rice,2023,10,286,-0.8660254037844386,0.5000000000000001,-0.9778483415056568,0.20931464596304888,11,0.39054239749999997,0.3845134653,0.5857188645,27.440872167,11.2475618733,17.1343631065,0.14535579246333413,0.12867438937102438,0.21799872643647938,8.03560802953445,5.640531086910926,7.814691717111562,51.90264653
Field_1,2023-10-28,dataset1_field_satellite,11,ok,22.62523109,88.49792521,0.597514171,0.534746658,-0.534746658,0.896115678,17.65553208,29.52973786,17.38086801,Rice,2023,10,301,-0.8660254037844386,0.5000000000000001,-0.8919813464595487,0.45207220393230374,12,0.3951124330909091,0.38304061672727274,0.5925737966363637,27.469409057272728,11.758694950272728,16.822543300454544,0.1387271178995059,0.12216894345170307,0.20805766339087328,7.623834642688512,5.613186180263343,7.485453458275412,55.62711785
Field_1,2023-11-27,dataset1_field_satellite,13,ok,22.62523109,88.49792521,0.422288701,0.408978993,-0.408978993,0.633314128,25.86733441,27.22968767,16.87002572,Rice,2023,11,331,-0.5000000000000004,0.8660254037844384,-0.5524353131676203,0.8335557718385695,13,0.4119792445833333,0.3956827868333333,0.6178689534166667,26.65158597583333,12.227209371916667,17.881476180416666,0.14460124605165464,0.12444397674156607,0.21686599281164684,7.801600726221616,5.5926359998667134,8.024603429470895,50.55682916
Field_1,2023-12-11,dataset1_field_satellite,12,ok,22.62523109,88.49792521,0.529307362,0.504987883,-0.504987883,0.793833125,19.87173275,12.30010937,10.59880157,Rice,2023,12,345,-2.4492935982947064e-16,1.0,-0.33752289959411347,0.941317317512847,14,0.4127722796923077,0.39670557192307687,0.6190570437692308,26.591258932307692,12.584349091,18.60056937192308,0.1384746767124219,0.11920309236649403,0.2076775646635483,7.472630347616132,5.507199539487504,8.108656305774367,39.26865558
Field_1,2023-12-12,dataset1_field_satellite,14,ok,22.62523109,88.49792521,0.501731263,0.482503444,-0.482503444,0.752461793,21.30151768,8.42731778,10.40500137,Rice,2023,12,346,-2.4492935982947064e-16,1.0,-0.32126966169236515,0.9469877530760751,15,0.42109621414285714,0.4044400227142857,0.6315410495714285,26.11129277642857,12.442524268071429,18.15053651464286,0.13663911707893986,0.11812642557296743,0.2049248311216732,7.400672208081092,5.317690072877535,7.970445732353417,38.45490555
Field_1,2023-12-27,dataset1_field_satellite,15,ok,22.62523109,88.49792521,0.445926395,0.430894417,-0.430894417,0.668751365,24.50682826,14.34964174,16.74302073,Rice,2023,12,361,-2.4492935982947064e-16,1.0,-0.06880242680232064,0.9976303053065857,16,0.42647188406666664,0.40964425080000005,0.6396024324666667,25.790641103333332,12.306689408200002,17.502321932333334,0.1333046381699523,0.11560020987861089,0.1999234605528121,7.238789425012273,5.151189135725048,8.080409809409463,51.04716572
Field_10,2023-01-01,dataset1_field_satellite,173,ok,26.85633861,75.97532686,0.439753752,0.503379965,-0.503379965,0.659537999,20.86843979,6.561077004,6.979629759,Bajra,2023,1,1,0.49999999999999994,0.8660254037844387,0.017213356155834685,0.9998518392091162,1,,,,,,,,,,,,,35.17904002
Field_10,2023-01-04,dataset1_field_satellite,179,ok,26.85633861,75.97532686,0.355368797,0.432258533,-0.432258533,0.53298311,25.36202389,5.160529177,6.392584474,Bajra,2023,1,4,0.49999999999999994,0.8660254037844387,0.06880242680231986,0.9976303053065857,2,0.439753752,0.503379965,0.659537999,20.86843979,6.979629759,6.561077004,,,,,,,33.02990531
Field_10,2023-01-05,dataset1_field_satellite,181,ok,26.85633861,75.97532686,0.320632719,0.405389572,-0.405389572,0.480897202,27.08882566,5.962621378,6.146100716,Bajra,2023,1,5,0.49999999999999994,0.8660254037844387,0.08596479873744647,0.9962981749346078,3,0.3975612745,0.46781924900000005,0.5962605544999999,23.11523184,6.686107116500001,5.8608030905,0.059669173910621646,0.05029044685489797,0.08948782020421077,3.177443788942049,0.41510370188708934,0.990336865847784,32.11182834
Field_10,2023-01-16,dataset1_field_satellite,174,ok,26.85633861,75.97532686,0.429723908,0.50239175,-0.50239175,0.644498647,21.02133591,13.92667068,6.892137432,Bajra,2023,1,16,0.49999999999999994,0.8660254037844387,0.2719581575341055,0.9623090774541486,4,0.3719184226666667,0.4470093566666667,0.5578061036666667,24.43976311333333,6.506104983,5.894742519666667,0.06126069464205304,0.05063318456513907,0.09187093854495186,3.2111094341453494,0.4282030427890935,0.702736941170082,34.80346308
Field_10,2023-01-31,dataset1_field_satellite,175,ok,26.85633861,75.97532686,0.408194911,0.480824532,-0.480824532,0.612199555,22.34252525,14.88110693,13.89340508,Bajra,2023,1,31,0.49999999999999994,0.8660254037844387,0.5086709438521044,0.8609610158889943,5,0.386369794,0.460854955,0.5794792395,23.5851563125,6.60261309525,7.90272455975,0.057769227728438,0.049758904988323145,0.08663570568855558,3.129785988662353,0.39936678232270806,4.056746680799648,47.22880017
Field_10,2023-02-03,dataset1_field_satellite,177,ok,26.85633861,75.97532686,0.382015999,0.466429055,-0.466429055,0.57294487,23.34498317,13.80872842,6.550635127,Bajra,2023,2,34,0.8660254037844386,0.5000000000000001,0.5524353131676196,0.8335557718385699,6,0.3907348174,0.4648488704,0.5860233026,23.3366301,8.0607714922,9.298401033800001,0.050972834928693485,0.04400816140603369,0.07644235039818849,2.7668568164287723,3.2788336223565944,4.699197732083363,33.53067456
Field_10,2023-02-15,dataset1_field_satellite,176,ok,26.85633861,75.97532686,0.392601567,0.477070028,-0.477070028,0.588818028,22.69349952,12.02035186,6.620252677,Bajra,2023,2,46,0.8660254037844386,0.5000000000000001,0.7116566222817746,0.7025274741691571,7,0.389281681,0.4651122345,0.5838435638333334,23.33802227833333,7.809082098,10.050122264833334,0.04573022581309104,0.03936738218584801,0.06858027350532366,2.4747543197371655,2.9967791452480164,4.588733628714087,33.77062649
Field_10,2023-03-17,dataset1_field_satellite,178,ok,26.85633861,75.97532686,0.285649333,0.335257037,-0.335257037,0.42842417,31.02738033,29.15834346,4.511969851,Bajra,2023,3,76,1.0,6.123233995736766e-17,0.9657399376548549,0.2595117970697999,8,0.3897559504285714,0.4668204907142857,0.5845542015714286,23.24594759857143,7.639249323571429,10.331583635571429,0.04176464790385592,0.03622042644504672,0.06263316456706038,2.272227617512735,2.7723287269102728,4.254598349856384,42.29413649
Field_10,2023-04-16,dataset1_field_satellite,180,ok,26.85633861,75.97532686,0.320659078,0.415726626,-0.415726626,0.48093072,26.56070131,12.7636022,6.121640496,Bajra,2023,4,106,0.8660254037844387,-0.4999999999999998,0.9679377830240642,-0.25119006388481935,9,0.37674262325,0.450375059,0.565037947625,24.21862669,7.2483393895,12.684928613625,0.053384226142138544,0.05734213149439496,0.08005979304404762,3.46327608134377,2.794694762464675,7.734437531608526,31.95533795
Field_10,2023-05-16,dataset1_field_satellite,182,ok,26.85633861,75.97532686,0.2755857,0.361198399,-0.361198399,0.413334681,29.80547964,18.61739075,5.846933407,Bajra,2023,5,136,0.49999999999999994,-0.8660254037844387,0.717676913675962,-0.6963762255968722,10,0.3705111182222222,0.44652523311111114,0.5556927001111112,24.478857203333334,7.1231506235555555,12.693670123222223,0.05332097190502619,0.054867982222360376,0.07996484861697911,3.3323378196522104,2.641037486954187,7.23495135885312,31.06855907
Field_10,2023-05-31,dataset1_field_satellite,183,ok,26.85633861,75.97532686,0.338486855,0.394072126,-0.394072126,0.50767818,27.48440187,14.8161351,6.331433923,Bajra,2023,5,151,0.49999999999999994,-0.8660254037844387,0.5160623910158528,-0.8565509959010036,11,0.3610185764,0.4379925497,0.5414568982000001,25.011519447,6.9955289019,13.286042185899998,0.058551743385535274,0.0583443470961732,0.08780928902988605,3.5648191270743514,2.522487515780754,7.073719662537023,32.97774184
Field_10,2023-06-15,dataset1_field_satellite,184,ok,26.85633861,75.97532686,0.327363763,0.38893775,-0.38893775,0.490994802,27.86018432,34.58961883,6.244882375,Bajra,2023,6,166,1.2246467991473532e-16,-1.0,0.2802306751992159,-0.9599326896597447,12,0.35897023809090906,0.4339997839090909,0.5383861056363636,25.23632694,6.9351566310909085,13.425141541727273,0.05596095581966412,0.05691239337387292,0.08392348629911886,3.4631003978917536,2.401404143923278,6.726558839143072,32.63346298
Field_10,2023-08-14,dataset1_field_satellite,185,ok,26.85633861,75.97532686,0.502942637,0.499141745,-0.499141745,0.754331429,20.43952171,25.50778505,14.33745215,Bajra,2023,8,226,-0.8660254037844384,-0.5000000000000004,-0.680773409477016,-0.732494071613579,13,0.35633636516666667,0.43024461441666667,0.5344368303333333,25.454981721666666,6.877633776416666,15.188847982416666,0.05413116023411316,0.05580125163181345,0.08117897728381542,3.3876990347004274,2.298303536947955,8.85783224118735,50.84894456
Field_10,2023-08-29,dataset1_field_satellite,186,ok,26.85633861,75.97532686,0.450003299,0.471689731,-0.471689731,0.674926047,22.38200434,32.47653256,7.146147411,Bajra,2023,8,241,-0.8660254037844384,-0.5000000000000004,-0.8452490573530633,-0.5343725582809785,14,0.36761377069230766,0.4355443936923077,0.5513517994615384,25.069177105384615,7.451465959,15.98261237223077,0.06587365947529529,0.05674008836957547,0.09879457393002289,3.52918078017832,3.0203807284193656,8.950618086492518,36.0658189
Field_10,2023-09-13,dataset1_field_satellite,187,ok,26.85633861,75.97532686,0.530284591,0.540468636,-0.540468636,0.795312249,18.04995011,21.67641781,15.02516065,Bajra,2023,9,256,-1.0,-1.8369701987210297e-16,-0.9536809966304455,-0.300819807635668,15,0.37349873699999997,0.4381262035,0.5601785314285714,24.87723619357143,7.429657491285715,17.1607495285,0.06701047158614754,0.05536342625080645,0.10050038344734515,3.4659500066348556,2.903034987750438,9.663492251759934,51.64182921
Field_10,2023-09-28,dataset1_field_satellite,188,ok,26.85633861,75.97532686,0.478895431,0.493908472,-0.493908472,0.718252852,20.95234659,22.06702864,7.352177728,Bajra,2023,9,271,-1.0,-1.8369701987210297e-16,-0.9988797155850335,-0.04732138832243232,16,0.38395112726666664,0.4449490323333334,0.5758541126,24.422083788000002,7.936024368533333,17.4617940806,0.07621316909487738,0.05953517876711505,0.11430106217880853,3.7765337699012558,3.4163944532187887,9.384683247531678,36.83783817
Field_10,2023-10-13,dataset1_field_satellite,189,ok,26.85633861,75.97532686,0.455768851,0.49497185,-0.49497185,0.683567546,21.13423471,12.3835119,7.142384301,Bajra,2023,10,286,-0.8660254037844386,0.5000000000000001,-0.9778483415056568,0.20931464596304888,17,0.38988514625,0.4480089973125,0.5847540338125,24.205225213125,7.8995339535,17.7496212405625,0.07736031692432312,0.058804386295211696,0.11602192977598208,3.750178096856202,3.3037764949948887,9.139272724361689,35.9301939
Field_10,2023-10-28,dataset1_field_satellite,190,ok,26.85633861,75.97532686,0.404769654,0.459241222,-0.459241222,0.607078509,23.47964511,17.57342934,14.18128305,Bajra,2023,10,301,-0.8660254037844386,0.5000000000000001,-0.8919813464595487,0.45207220393230374,18,0.39376065829411766,0.45077151805882354,0.5905665933529413,24.024578712941178,7.854995738647059,17.433967749941175,0.07658924899251164,0.05806521731587642,0.11486570245344752,3.706697952321385,3.2041344427512,8.944257540680749,47.59394441
Field_10,2023-11-27,dataset1_field_satellite,192,ok,26.85633861,75.97532686,0.055210932,0.005880251,-0.005880251,0.082796429,50.200237,11.0786418,11.96763313,Bajra,2023,11,331,-0.5000000000000004,0.8660254037844384,-0.5524353131676203,0.8335557718385695,19,0.3943722691666667,0.45124205716666665,0.591483922,23.99430462388889,8.206456144833332,17.441715616055557,0.07434778122595175,0.056366897852089565,0.11150404110510649,3.5983183214245105,3.4476088224370534,8.677266634785555,42.88879998
Field_10,2023-12-11,dataset1_field_satellite,191,ok,26.85633861,75.97532686,0.440399377,0.483777421,-0.483777421,0.660519224,21.86283771,9.443800814,7.031372532,Bajra,2023,12,345,-2.4492935982947064e-16,1.0,-0.33752289959411347,0.941317317512847,20,0.37652167247368423,0.42780196210526317,0.5647108960526316,25.37356422263158,8.404412828263156,17.106816994157896,0.10618256137684136,0.11593117624687811,0.15925301884327064,6.9550953286327495,3.4598010079679593,8.55820587378734,35.51288619
Field_10,2023-12-12,dataset1_field_satellite,193,ok,26.85633861,75.97532686,0.424612495,0.48470377,-0.48470377,0.636827586,21.9767637,7.577559516,6.888374322,Bajra,2023,12,346,-2.4492935982947064e-16,1.0,-0.32126966169236515,0.9469877530760751,21,0.3797155577,0.43060073504999996,0.56950131245,25.198027897,8.33576081345,16.72366618515,0.10433286740766785,0.1135311843703787,0.15647897220618542,6.8149574627425356,3.3814897988721686,8.504357106599441,34.88692462
Field_10,2023-12-27,dataset1_field_satellite,194,ok,26.85633861,75.97532686,0.435597001,0.496051461,-0.496051461,0.653304852,21.28511764,14.52522066,6.959873427,Bajra,2023,12,361,-2.4492935982947064e-16,1.0,-0.06880242680232064,0.9976303053065857,22,0.3818535070952381,0.4331770700476191,0.5727073254761905,25.044634363809525,8.266837647190476,16.288137296142857,0.10216196572296012,0.11128454913299043,0.15322282537394719,6.679489804959544,3.3109678428934806,8.525918072741241,35.13730925
Field_11,2023-01-01,dataset1_field_satellite,195,ok,22.34393983,73.23452663,0.348853721,0.420595835,-0.420595835,0.523189469,26.02410988,9.952262294,6.362479587,Bajra,2023,1,1,0.49999999999999994,0.8660254037844387,0.017213356155834685,0.9998518392091162,1,,,,,,,,,,,,,32.96730915
Field_11,2023-01-04,dataset1_field_satellite,201,ok,22.34393983,73.23452663,0.235097281,0.356107502,-0.356107502,0.352595331,30.47894621,10.15093566,5.496964103,Bajra,2023,1,4,0.49999999999999994,0.8660254037844387,0.06880242680231986,0.9976303053065857,2,0.348853721,0.420595835,0.523189469,26.02410988,6.362479587,9.952262294,,,,,,,29.58711669
Field_11,2023-01-05,dataset1_field_satellite,203,ok,22.34393983,73.23452663,0.186362636,0.307059518,-0.307059518,0.279509298,33.48127145,13.86017377,5.177099685,Bajra,2023,1,5,0.49999999999999994,0.8660254037844387,0.08596479873744647,0.9962981749346078,3,0.291975501,0.3883516685,0.43789239999999996,28.251528045,5.9297218449999995,10.051598977000001,0.08043795012764066,0.0456001375717162,0.12062827181047364,3.1500449780191917,0.6120118679583567,0.1404832843397559,28.47081857
Field_11,2023-01-16,dataset1_field_satellite,196,ok,22.34393983,73.23452663,0.320017816,0.418297669,-0.418297669,0.479949873,26.43596173,6.819327897,6.109410386,Bajra,2023,1,16,0.49999999999999994,0.8660254037844387,0.2719581575341055,0.9623090774541486,4,0.25677121266666664,0.361254285,0.38509803266666665,29.99477584666667,5.678847791666667,11.321123907999999,0.08338559624742041,0.05694287357446883,0.1250492928663395,3.7520834713288256,0.6132639196696859,2.201124355387742,31.8927418
Field_11,2023-01-31,dataset1_field_satellite,197,ok,22.34393983,73.23452663,0.307958032,0.421691892,-0.421691892,0.461859286,26.38580293,7.639494465,13.06363915,Bajra,2023,1,31,0.49999999999999994,0.8660254037844387,0.5086709438521044,0.8609610158889943,5,0.2725828635,0.375515131,0.40881099275,29.1050723175,5.78648844025,10.19567490525,0.07506977853521489,0.05454491252006451,0.11257931278837485,3.542839218732974,0.5450453745840927,2.8803658534553,43.82774232
Field_11,2023-02-03,dataset1_field_satellite,199,ok,22.34393983,73.23452663,0.238323811,0.335947525,-0.335947525,0.357432757,31.47545062,5.945272768,5.573167097,Bajra,2023,2,34,0.8660254037844386,0.5000000000000001,0.5524353131676196,0.8335557718385699,6,0.2796578972,0.3847504832,0.4194206514,28.561218439999998,7.2419185822,9.6844388172,0.06690952283700233,0.05155404215632701,0.10034141983385851,3.3004041415716463,3.288493627141403,2.74393736734948,30.02528979
Field_11,2023-02-15,dataset1_field_satellite,198,ok,22.34393983,73.23452663,0.281332334,0.4026758,-0.4026758,0.421931826,27.62877258,14.5480559,5.8008353,Bajra,2023,2,46,0.8660254037844386,0.5000000000000001,0.7116566222817746,0.7025274741691571,7,0.27276888283333334,0.37661665683333334,0.40908933566666666,29.046923803333332,6.963793334666668,9.061244475666667,0.06217924501539969,0.050231565756041936,0.09324771812817004,3.182702027835344,3.019184358149162,2.8902562074432825,30.64081866
Field_11,2023-03-17,dataset1_field_satellite,200,ok,22.34393983,73.23452663,0.269072172,0.393054663,-0.393054663,0.403545476,28.24528139,21.87430552,13.14078292,Bajra,2023,3,76,1.0,6.123233995736766e-17,0.9657399376548549,0.2595117970697999,8,0.27399223300000003,0.38033939157142854,0.41092397714285717,28.84433077142857,6.797656472571428,9.845074679142856,0.056853831811493345,0.04690081494776522,0.08526141455653889,2.9544262366304825,2.7909565903178137,3.355897192861799,42.81577113
Field_11,2023-04-16,dataset1_field_satellite,202,ok,22.34393983,73.23452663,0.213200007,0.332477618,-0.332477618,0.319757112,31.90922547,10.89918577,5.356788226,Bajra,2023,4,106,0.8660254037844387,-0.4999999999999998,0.9679377830240642,-0.25119006388481935,9,0.273377225375,0.3819288005,0.4100016645,28.76944959875,7.5905472785,11.34872853425,0.05266515556542199,0.04365381184166357,0.07897982551378697,2.7434547815107546,3.421413213055388,5.2669708169896765,29.10721283
Field_11,2023-05-16,dataset1_field_satellite,204,ok,22.34393983,73.23452663,0.197557902,0.323380355,-0.323380355,0.296299793,32.53352231,27.37198259,12.58102019,Bajra,2023,5,136,0.49999999999999994,-0.8660254037844387,0.717676913675962,-0.6963762255968722,10,0.2666908677777778,0.37643422466666665,0.399974492,29.118313584444447,7.342351828222222,11.298779338222223,0.05319100192372972,0.04403591317962195,0.07976831406340185,2.771476293521463,3.2859121506072775,4.929078330509435,40.84399219
Field_11,2023-05-31,dataset1_field_satellite,205,ok,22.34393983,73.23452663,0.205717001,0.334771104,-0.334771104,0.308536633,31.86853307,13.42859378,5.284348343,Bajra,2023,5,151,0.49999999999999994,-0.8660254037844387,0.5160623910158528,-0.8565509959010036,11,0.2597775712,0.3711288377,0.3896070221,29.459834457,7.8662186644,12.9060996634,0.05470698893672849,0.04477913077223524,0.08204163598753898,2.8273649361515134,3.513102947479315,6.887021465546184,28.78379935
Field_11,2023-06-15,dataset1_field_satellite,206,ok,22.34393983,73.23452663,0.177704952,0.294530772,-0.294530772,0.266525543,34.20946383,33.99320385,5.129120022,Bajra,2023,6,166,1.2246467991473532e-16,-1.0,0.2802306751992159,-0.9599326896597447,12,0.2548629739090909,0.36782358918181823,0.3822369867272727,29.678807058181818,7.631503180636364,12.953599128545454,0.05439903589698002,0.04387282579093379,0.08157964615826935,2.778854482464455,3.4225294781975864,6.535501234892751,28.33519356
Field_11,2023-09-28,dataset1_field_satellite,207,ok,22.34393983,73.23452663,0.517171895,0.473607677,-0.473607677,0.775648226,21.59808121,27.06479899,3.25226851,Bajra,2023,9,271,-1.0,-1.8369701987210297e-16,-0.9988797155850335,-0.04732138832243232,13,0.24843313874999998,0.3617158544166667,0.37259436641666666,30.05636178916667,7.42297125075,14.706899522,0.05644772162891961,0.04687743437724923,0.08465210267757406,2.9547589077542105,3.3422525742998777,8.701640302586867,49.06495409
Field_11,2023-10-13,dataset1_field_satellite,208,ok,22.34393983,73.23452663,0.482573213,0.446087819,-0.446087819,0.723750778,23.35671742,12.29878792,7.497057494,Bajra,2023,10,286,-0.8660254037844386,0.5000000000000001,-0.9778483415056568,0.20931464596304888,14,0.26910535076923076,0.3703229176923077,0.40359850946153847,29.40572482153846,7.102147962999999,15.657507173384614,0.09206650341459181,0.05456582596258164,0.13807662050856404,3.6750945856423414,3.4026200414869026,9.008672437266199,37.72461705
Field_11,2023-10-28,dataset1_field_satellite,209,ok,22.34393983,73.23452663,0.471378934,0.48534004,-0.48534004,0.706956623,21.46665321,16.77459935,7.305138843,Bajra,2023,10,301,-0.8660254037844386,0.5000000000000001,-0.8919813464595487,0.45207220393230374,15,0.2843530552142857,0.3757346963571429,0.4264665286428571,28.973652864285715,7.130355786642857,15.417598655285714,0.10525738634612657,0.056199815048606855,0.15786022649196663,3.883423614816222,3.270834894123532,8.701676932318556,36.68134778
Field_11,2023-11-27,dataset1_field_satellite,211,ok,22.34393983,73.23452663,0.458885941,0.53258958,-0.53258958,0.688214709,19.18147455,28.36718048,13.71183498,Bajra,2023,11,331,-0.5000000000000004,0.8660254037844384,-0.5524353131676203,0.8335557718385695,16,0.29682144713333336,0.3830417192666667,0.44516586826666665,28.473186220666665,7.142007990400001,15.508065368266667,0.11233727702303288,0.061104063663985346,0.16847801422954173,4.214352750900154,3.1521784334580523,8.392462801061756,48.28250214
Field_11,2023-12-11,dataset1_field_satellite,210,ok,22.34393983,73.23452663,0.42125248,0.476867678,-0.476867678,0.631783593,22.41122419,6.587928567,6.877084989,Bajra,2023,12,345,-2.4492935982947064e-16,1.0,-0.33752289959411347,0.941317317512847,17,0.306950478,0.3923884605625,0.4603564208125,27.89245424125,7.55262217725,16.31176006275,0.11584433153641643,0.06987544625108781,0.1737370562464379,4.687505940877328,3.4599823388297777,8.72196493536723,34.87649193
Field_11,2023-12-12,dataset1_field_satellite,212,ok,22.34393983,73.23452663,0.423232329,0.452230642,-0.452230642,0.634743576,23.64907901,14.31080081,6.952347205,Bajra,2023,12,346,-2.4492935982947064e-16,1.0,-0.32126966169236515,0.9469877530760751,18,0.3136741251764706,0.39735782629411764,0.47044037211764705,27.570028944117645,7.512884695588236,15.739769974764707,0.11554086359514305,0.07069105313020282,0.17328211874086177,4.729345057941458,3.3541175546006925,8.768127824440219,35.3459631
Field_11,2023-12-27,dataset1_field_satellite,213,ok,22.34393983,73.23452663,0.3775264,0.423566848,-0.423566848,0.566190708,25.57956654,12.68602286,6.611785678,Bajra,2023,12,361,-2.4492935982947064e-16,1.0,-0.06880242680232064,0.9976303053065857,19,0.3197606920555556,0.40040631605555554,0.4795683278888889,27.352198392222224,7.481743723888889,15.660382798944445,0.11502716437619956,0.06978932438550353,0.1725113590860287,4.680290466922141,3.2566530971455645,8.512998917845605,34.02101112
Field_12,2023-01-04,dataset1_field_satellite,219,ok,27.48970503,80.61771069,0.391698173,0.414034446,-0.414034446,0.587463863,25.9215981,5.559848323,3.17042085,Bajra,2023,1,4,0.49999999999999994,0.8660254037844387,0.06880242680231986,0.9976303053065857,1,,,,,,,,,,,,,34.72000154
Field_12,2023-01-05,dataset1_field_satellite,221,ok,27.48970503,80.61771069,0.387727659,0.439968985,-0.439968985,0.581509787,24.63781753,4.575440915,14.18598694,Bajra,2023,1,5,0.49999999999999994,0.8660254037844387,0.08596479873744647,0.9962981749346078,2,0.391698173,0.414034446,0.587463863,25.9215981,3.17042085,5.559848323,,,,,,,47.24966555
Field_12,2023-01-16,dataset1_field_satellite,214,ok,27.48970503,80.61771069,0.503528472,0.482152029,-0.482152029,0.755169738,21.30110779,13.94825115,14.39389881,Bajra,2023,1,16,0.49999999999999994,0.8660254037844387,0.2719581575341055,0.9623090774541486,3,0.389712916,0.4270017155,0.5844868249999999,25.279707815000002,8.678203895,5.067644618999999,0.0028075773741961293,0.01833848839384697,0.004210167515300017,0.9077699466025333,7.789181480847583,0.6960811536470721,51.17235803
Field_12,2023-01-31,dataset1_field_satellite,215,ok,27.48970503,80.61771069,0.574534762,0.529761134,-0.529761134,0.86164245,18.14480051,12.84425055,8.122674664,Bajra,2023,1,31,0.49999999999999994,0.8660254037844387,0.5086709438521044,0.8609610158889943,4,0.42765143466666666,0.44538515333333334,0.6413811293333334,23.953507806666664,10.583435533333333,8.027846796,0.06574142408876682,0.03438026233177582,0.09858878410841321,2.385045602140007,6.4207006516351806,5.150791713161962,39.967646
Field_12,2023-02-03,dataset1_field_satellite,217,ok,27.48970503,80.61771069,0.546770345,0.538990294,-0.538990294,0.820025168,17.95707377,6.794317571,7.852671464,Bajra,2023,2,34,0.8660254037844386,0.5000000000000001,0.5524353131676196,0.8335557718385699,5,0.46437226649999996,0.4664791485,0.6964464595,22.5013309825,9.968245315999999,9.2319477345,0.09096685031523212,0.050673742250794046,0.13641332259023034,3.4967935499223772,5.3849265472504655,4.846291344451441,38.75745364
Field_12,2023-02-15,dataset1_field_satellite,216,ok,27.48970503,80.61771069,0.629202597,0.632432267,-0.632432267,0.943628053,12.34364801,5.475853826,8.369158422,Bajra,2023,2,46,0.8660254037844386,0.5000000000000001,0.7116566222817746,0.7025274741691571,6,0.48085188219999997,0.48098137760000004,0.7211622012,21.59247954,9.5451305456,8.7444217018,0.08697191822826388,0.05456596338029199,0.1304254015672763,3.647016392992456,4.758487783331522,4.336278705212537,40.46841525
Field_12,2023-03-17,dataset1_field_satellite,218,ok,27.48970503,80.61771069,0.554802773,0.570544692,-0.570544692,0.832052557,16.26373411,15.51617808,14.61780391,Bajra,2023,3,76,1.0,6.123233995736766e-17,0.9657399376548549,0.2595117970697999,7,0.5055770013333333,0.5062231924999999,0.7582398431666667,20.051007618333333,9.349135191666667,8.199660389166667,0.09858641257895642,0.07877087535612808,0.1478415959804214,4.989729147791984,4.283112169891536,4.101614283897955,51.89221384
Field_12,2023-04-16,dataset1_field_satellite,220,ok,27.48970503,80.61771069,0.314092666,0.378680774,-0.378680774,0.471079923,28.51948637,18.98904676,6.149863827,Bajra,2023,4,106,0.8660254037844387,-0.4999999999999998,0.9679377830240642,-0.25119006388481935,8,0.5126092544285714,0.5154119781428571,0.7687845165714285,19.509968545714287,10.10180215142857,9.244877202142858,0.09189977533247065,0.07590616229776646,0.13781368659240675,4.774609277589192,4.387834820969764,4.654751738577813,32.27875143
Field_12,2023-05-16,dataset1_field_satellite,222,ok,27.48970503,80.61771069,0.380209824,0.449426309,-0.449426309,0.570247136,24.23166391,11.39380784,6.57415457,Bajra,2023,5,136,0.49999999999999994,-0.8660254037844387,0.717676913675962,-0.6963762255968722,9,0.487794680875,0.498320577625,0.7315714423749999,20.63615827375,9.607809860875,10.462898396875,0.11029579944928963,0.08529693283860162,0.16540219171871373,5.448543023069843,4.295914270755493,5.51725239346666,33.72889572
Field_12,2023-05-31,dataset1_field_satellite,223,ok,27.48970503,80.61771069,0.387034846,0.41597692,-0.41597692,0.580487715,25.87003286,20.70938366,6.714330447,Bajra,2023,5,151,0.49999999999999994,-0.8660254037844387,0.5160623910158528,-0.8565509959010036,10,0.47584080788888883,0.4928878811111111,0.7136465194444445,21.0356589,9.270737050777777,10.566332779444444,0.10922716543264718,0.08143554893547403,0.16379827580222592,5.235666165191394,4.143740123093165,5.170237206361,34.51134768
Field_12,2023-06-15,dataset1_field_satellite,224,ok,27.48970503,80.61771069,0.376104138,0.404766895,-0.404766895,0.564094625,26.55409966,32.06859906,6.642831342,Bajra,2023,6,166,1.2246467991473532e-16,-1.0,0.2802306751992159,-0.9599326896597447,11,0.4669602117,0.485196785,0.7003306389999999,21.519096296,9.0150963904,11.580637867499998,0.10674082751532991,0.0805382968865725,0.16006843735214668,5.167544613291835,3.9895189199438854,5.8351821375867345,34.26096305
Field_12,2023-08-29,dataset1_field_satellite,225,ok,27.48970503,80.61771069,0.725496246,0.664270709,-0.664270709,1.088116732,9.734403103,26.58268642,15.78530903,Bajra,2023,8,241,-0.8660254037844384,-0.5000000000000004,-0.8452490573530633,-0.5343725582809785,12,0.4587005686363636,0.4778849768181818,0.6879455468181818,21.976823874545456,8.799435931454546,13.443179794090907,0.1049032057265988,0.08016148368521793,0.15731182334648522,5.132039116676455,3.851783854321191,8.294823821657026,57.66149294
Field_12,2023-09-13,dataset1_field_satellite,226,ok,27.48970503,80.61771069,0.746429419,0.667585989,-0.667585989,1.119502936,9.351322548,18.45943763,16.42974176,Bajra,2023,9,256,-1.0,-1.8369701987210297e-16,-0.9536809966304455,-0.300819807635668,13,0.48093354174999997,0.49341712116666664,0.7212931455833332,20.956622143583335,9.381592023,14.538138679583334,0.12623754594033945,0.09347012441045292,0.189319913704281,6.035993421559783,4.189792172910396,8.771339885023123,58.77779106
Field_12,2023-09-28,dataset1_field_satellite,227,ok,27.48970503,80.61771069,0.734022659,0.663564562,-0.663564562,1.100889761,9.683382861,21.95912835,9.232792351,Bajra,2023,9,271,-1.0,-1.8369701987210297e-16,-0.9988797155850335,-0.04732138832243232,14,0.5013563015384614,0.5068147263846154,0.7519246679230769,20.063906790076924,9.923757387384615,14.839777060384616,0.14152767702416488,0.10169589246056847,0.21225683971460796,6.614933433832816,4.462371333521081,8.4680488128271,44.03639618
Field_12,2023-10-13,dataset1_field_satellite,228,ok,27.48970503,80.61771069,0.675554205,0.638642043,-0.638642043,1.013198341,11.55316655,10.25487561,8.768988945,Bajra,2023,10,286,-0.8660254037844386,0.5000000000000001,-0.9778483415056568,0.20931464596304888,15,0.5179753270714286,0.5180111432142857,0.7768507459999999,19.322440795142857,9.874402741928572,15.348302152499999,0.1495192156741016,0.10630874086218299,0.22424469757861573,6.934565615299364,4.291282983389621,8.355371383228064,42.16894417
Field_12,2023-10-28,dataset1_field_satellite,229,ok,27.48970503,80.61771069,0.598227013,0.572589836,-0.572589836,0.897215973,15.71581385,26.61227475,8.233686433,Bajra,2023,10,301,-0.8660254037844386,0.5000000000000001,-0.8919813464595487,0.45207220393230374,16,0.5284805856,0.5260532031999999,0.7926072523333333,18.8044891788,9.800708488800002,15.008740383,0.14971488189300886,0.10707201249594317,0.2245392218971397,6.9769217408475495,4.145021991878233,8.158135568629453,40.21803063
Field_12,2023-11-27,dataset1_field_satellite,231,ok,27.48970503,80.61771069,0.492127945,0.469673508,-0.469673508,0.738091096,22.05474778,10.16892947,14.2932356,Bajra,2023,11,331,-0.5000000000000004,0.8660254037844384,-0.5524353131676203,0.8335557718385695,17,0.5328397373125,0.52896174275,0.799145297375,18.61144697075,9.7027696103125,15.7339612809375,0.14568554513516394,0.1040935882093222,0.2184962422704287,6.784432122008314,4.023588681138701,8.398409958951293,50.86980994
Field_12,2023-12-11,dataset1_field_satellite,230,ok,27.48970503,80.61771069,0.614748367,0.590461107,-0.590461107,0.92197184,14.63449815,5.052100514,15.42499117,Bajra,2023,12,345,-2.4492935982947064e-16,1.0,-0.33752289959411347,0.941317317512847,18,0.530444926,0.5254741995294118,0.7955538737647059,18.81399407717647,9.972797021470587,15.406606468529413,0.14140458883388082,0.10180878249596988,0.21207567374343075,6.621870383998323,4.05178829716032,8.24297878004144,54.34389664
Field_12,2023-12-12,dataset1_field_satellite,232,ok,27.48970503,80.61771069,0.60342497,0.581088701,-0.581088701,0.904994151,15.22873856,10.62714377,8.260028209,Bajra,2023,12,346,-2.4492935982947064e-16,1.0,-0.32126966169236515,0.9469877530760751,19,0.5351284505,0.5290845832777777,0.8025770941111111,18.581799859,10.275696696388888,14.83135613772222,0.1386142248929709,0.09994972899971785,0.20789011566551133,6.499250678689985,4.135547247933689,8.360996799840782,40.28062678
Field_12,2023-12-27,dataset1_field_satellite,233,ok,27.48970503,80.61771069,0.537650408,0.520658651,-0.520658651,0.806340332,18.98630835,6.645296239,15.28105219,Bajra,2023,12,361,-2.4492935982947064e-16,1.0,-0.06880242680232064,0.9976303053065857,20,0.5387230041578948,0.5318216421052632,0.8079674655263157,18.405322948526315,10.169608881263159,14.610081802578948,0.1356169597508956,0.09786362719269072,0.20339456602869666,6.362807258295242,4.04554521297034,8.182473358121248,52.3721177
Field_13,2023-01-01,dataset1_field_satellite,234,ok,19.09470733,74.86794962,0.56639063,0.571294732,-0.571294732,0.849443531,16.10708846,16.65171122,7.951453123,Jowar,2023,1,1,0.49999999999999994,0.8660254037844387,0.017213356155834685,0.9998518392091162,1,,,,,,,,,,,,,39.00783826
Field_13,2023-01-04,dataset1_field_satellite,240,ok,19.09470733,74.86794962,0.30404324,0.397915849,-0.397915849,0.456001916,27.63989287,21.57792987,6.015332616,Jowar,2023,1,4,0.49999999999999994,0.8660254037844387,0.06880242680231986,0.9976303053065857,2,0.56639063,0.571294732,0.849443531,16.10708846,7.951453123,16.65171122,,,,,,,31.59019371
Field_13,2023-01-05,dataset1_field_satellite,242,ok,19.09470733,74.86794962,0.258710448,0.379369782,-0.379369782,0.388009147,29.04991425,20.44505811,5.653133201,Jowar,2023,1,5,0.49999999999999994,0.8660254037844387,0.08596479873744647,0.9962981749346078,3,0.435216935,0.4846052905,0.6527227235,21.873490665,6.9833928695,19.114820545,0.18550761849559189,0.12259738388384905,0.2782052339674869,8.154924204409122,1.3690439396940366,3.4833626130226376,30.12961672
Field_13,2023-01-16,dataset1_field_satellite,235,ok,19.09470733,74.86794962,0.607745582,0.623434253,-0.623434253,0.911464645,13.02226372,18.27255645,8.198877658,Jowar,2023,1,16,0.49999999999999994,0.8660254037844387,0.2719581575341055,0.9623090774541486,4,0.37638143933333335,0.44952678766666665,0.5644848646666667,24.26563186,6.539972980000001,19.558233066666666,0.16610654686369256,0.10586105681820134,0.2491120938411579,7.100592431640966,1.235720134018646,2.5800681270102785,39.79029022
Field_13,2023-01-31,dataset1_field_satellite,236,ok,19.09470733,74.86794962,0.600683858,0.615748418,-0.615748418,0.900880629,13.48685657,16.9444557,8.153720329,Jowar,2023,1,31,0.49999999999999994,0.8660254037844387,0.5086709438521044,0.8609610158889943,5,0.434222475,0.493003654,0.65122980975,21.454789825,6.954699149500001,19.2368139125,0.17825991763515003,0.12260503194585354,0.26733867195374605,8.075618059096762,1.3061370585631302,2.2025157095172814,39.63379983
Field_13,2023-02-03,dataset1_field_satellite,238,ok,19.09470733,74.86794962,0.386529409,0.435173204,-0.435173204,0.579710363,24.89494865,16.18961622,6.664469229,Jowar,2023,2,34,0.8660254037844386,0.5000000000000001,0.5524353131676196,0.8335557718385699,6,0.4675147516,0.5175526068,0.7011599736,19.861203174,7.1945033854,18.77834227,0.17138940189674037,0.11952928851003826,0.2570361461972493,7.849159021738207,1.2518090387882146,2.1654763501100747,34.18793421
Field_13,2023-02-15,dataset1_field_satellite,237,ok,19.09470733,74.86794962,0.526880769,0.573472521,-0.573472521,0.790199508,16.39939032,18.86766449,7.593957597,Jowar,2023,2,46,0.8660254037844386,0.5000000000000001,0.7116566222817746,0.7025274741691571,7,0.4540171945,0.5038227063333334,0.6809183718333333,20.700160753333332,7.106164359333334,18.346887928333334,0.1568201707435127,0.11207524994538363,0.23518588183398448,7.315089664409624,1.140369850895727,2.206433174144855,37.44293435
Field_13,2023-03-17,dataset1_field_satellite,239,ok,19.09470733,74.86794962,0.381094485,0.467436747,-0.467436747,0.57155517,23.30293734,28.99725455,13.38162201,Jowar,2023,3,76,1.0,6.123233995736766e-17,0.9657399376548549,0.2595117970697999,8,0.46442627657142854,0.5137726798571428,0.6965299627142858,20.085764977142855,7.1758491075714295,18.42128458,0.14578150735607226,0.10564278735659975,0.21863146670565,6.872735204213238,1.0572107546049332,2.0237836245739302,46.11250204
Field_13,2023-04-16,dataset1_field_satellite,241,ok,19.09470733,74.86794962,0.256122604,0.346866205,-0.346866205,0.384128226,30.73611825,23.93468204,5.70675753,Jowar,2023,4,106,0.8660254037844387,-0.4999999999999998,0.9679377830240642,-0.25119006388481935,9,0.454009802625,0.50798068825,0.680908113625,20.4879115225,7.951570720375001,19.74328082625,0.13814570536354637,0.09916871083616939,0.2071799324484513,6.463782156691923,2.402493723192815,4.18234297220573,30.53649174
Field_13,2023-05-16,dataset1_field_satellite,243,ok,19.09470733,74.86794962,0.229538279,0.332608141,-0.332608141,0.344258142,31.73569969,35.70642373,5.502608769,Jowar,2023,5,136,0.49999999999999994,-0.8660254037844387,0.717676913675962,-0.6963762255968722,10,0.43202233611111107,0.49007907900000003,0.6479325705555555,21.62660115888889,7.702147032555555,20.20899207222222,0.1450853010297296,0.10718832763622857,0.2175880553355349,6.944598375010459,2.368625901898046,4.154211877918461,29.73317439
Field_13,2023-05-31,dataset1_field_satellite,244,ok,19.09470733,74.86794962,0.19623866,0.307956986,-0.307956986,0.294313433,33.33458023,34.59810853,5.262710455,Jowar,2023,5,151,0.49999999999999994,-0.8660254037844387,0.5160623910158528,-0.8565509959010036,11,0.4117739304,0.4743319852,0.6175651277,22.637511011999997,7.4821932062,21.758735238,0.15103265675006852,0.11266079241823992,0.22650799281955383,7.286166943234319,2.338976058513619,6.273517175856106,28.83596281
Field_13,2023-06-15,dataset1_field_satellite,245,ok,19.09470733,74.86794962,0.192551597,0.305755584,-0.305755584,0.288780032,33.48464896,42.03176011,5.235427902,Jowar,2023,6,166,1.2246467991473532e-16,-1.0,0.2802306751992159,-0.9599326896597447,12,0.39217981490909093,0.45920698527272724,0.58817861,23.60997185,7.280422047000001,22.92595099181818,0.15733086170573002,0.11806621271250796,0.23595449853284275,7.627705208520631,2.31766169006694,7.099833431550364,28.73163589
Field_13,2023-09-28,dataset1_field_satellite,246,ok,19.09470733,74.86794962,0.362769404,0.356307209,-0.356307209,0.544084314,29.16484901,37.78684419,31.69668228,Jowar,2023,9,271,-1.0,-1.8369701987210297e-16,-0.9988797155850335,-0.04732138832243232,13,0.3755441300833333,0.44641936849999997,0.5632287285,24.432861609166668,7.11000586825,24.518101751666666,0.16069747798008857,0.12097383664645754,0.24100448944232372,7.811427205405198,2.2872980896755313,8.73180685827795,57.29634869
Field_13,2023-10-13,dataset1_field_satellite,247,ok,19.09470733,74.86794962,0.423365288,0.495781685,-0.495781685,0.634946472,21.42381453,39.20470642,6.851683991,Jowar,2023,10,286,-0.8660254037844386,0.5000000000000001,-0.9778483415056568,0.20931464596304888,14,0.3745614588461539,0.4394876639230769,0.5617560812307693,24.79686064,9.001288669153846,25.53877424692308,0.15389691192250277,0.11848942678002702,0.2308053145838356,7.593152676219848,7.162130483827999,9.134209720214571,34.66783807
Field_13,2023-10-28,dataset1_field_satellite,248,ok,19.09470733,74.86794962,0.378480447,0.47269244,-0.47269244,0.567623513,23.06125551,31.09460172,6.50453702,Jowar,2023,10,301,-0.8660254037844386,0.5000000000000001,-0.8919813464595487,0.45207220393230374,15,0.3780474466428571,0.4435086654285714,0.5669839662857143,24.555928775,8.847745477857142,26.514912259285715,0.1484335640507761,0.11483084200061779,0.22261165240643496,7.350752847591078,6.905093437336787,9.5055583449692,33.29072263
Field_13,2023-11-27,dataset1_field_satellite,250,ok,19.09470733,74.86794962,0.467937157,0.511525363,-0.511525363,0.701792525,20.16466662,36.72573166,14.13142184,Jowar,2023,11,331,-0.5000000000000004,0.8660254037844384,-0.5524353131676203,0.8335557718385695,16,0.37807631333333336,0.44545425040000003,0.5670266027333334,24.45628389066667,8.691531580666666,26.820224890000002,0.14303420499222955,0.11091003521337245,0.21451401935281597,7.093868016852338,6.6813636550290925,9.235794618781744,49.19014641
Field_13,2023-12-11,dataset1_field_satellite,249,ok,19.09470733,74.86794962,0.462701401,0.537035842,-0.537035842,0.693926383,18.9154622,18.8705507,14.05427806,Jowar,2023,12,345,-2.4492935982947064e-16,1.0,-0.33752289959411347,0.941317317512847,17,0.3836926160625,0.4495836949375,0.575449472875,24.18805781125,9.031524721875,27.439319063124998,0.1399983949173663,0.10841496135362821,0.20996101875129353,6.936802064786068,6.596522137848612,9.259896522862475,48.54331946
Field_13,2023-12-12,dataset1_field_satellite,251,ok,19.09470733,74.86794962,0.639214627,0.599572656,-0.599572656,0.958677091,13.91935175,15.15702595,8.536616853,Jowar,2023,12,346,-2.4492935982947064e-16,1.0,-0.32126966169236515,0.9469877530760751,18,0.38834019164705885,0.4547279388823529,0.5824187028823529,23.877905128235295,9.326980800588235,26.935273865294118,0.13690061346854918,0.10709372662750867,0.20531462538043915,6.837183713410423,6.502190077278395,9.203565881385126,41.37605952
Field_13,2023-12-27,dataset1_field_satellite,252,ok,19.09470733,74.86794962,0.671619641,0.637919762,-0.637919762,1.00727588,11.63023262,15.29934065,8.736061725,Jowar,2023,12,361,-2.4492935982947064e-16,1.0,-0.06880242680232064,0.9976303053065857,19,0.4022776602777778,0.46277486761111114,0.6033219466666666,23.32465216277778,9.283071692388889,26.28092675888889,0.14538182490776766,0.10936164977051499,0.2180354639445739,7.036110574549073,6.310801122867131,9.350401251032196,42.02288648
Field_14,2023-01-01,dataset1_field_satellite,253,ok,12.90677064,77.65434998,0.573126633,0.536932584,-0.536932584,0.859538427,17.79297599,15.5247279,8.092569778,Jowar,2023,1,1,0.49999999999999994,0.8660254037844387,0.017213356155834685,0.9998518392091162,1,,,,,,,,,,,,,39.80072292
Field_14,2023-01-04,dataset1_field_satellite,259,ok,12.90677064,77.65434998,0.285805692,0.256603927,-0.256603927,0.428606164,35.04215503,19.15581611,6.184672602,Jowar,2023,1,4,0.49999999999999994,0.8660254037844387,0.06880242680231986,0.9976303053065857,2,0.573126633,0.536932584,0.859538427,17.79297599,8.092569778,15.5247279,,,,,,,33.10293416
Field_14,2023-01-05,dataset1_field_satellite,261,ok,12.90677064,77.65434998,0.115039883,0.07334696,-0.07334696,0.172538552,46.14406644,17.84080685,15.2509473,Jowar,2023,1,5,0.49999999999999994,0.8660254037844387,0.08596479873744647,0.9962981749346078,3,0.4294661625,0.3967682555,0.6440722955,26.417565510000003,7.13862119,17.340272005,0.20316658575799995,0.19822229432561772,0.30471512539936474,12.197011469084865,1.349087030956264,2.567567096377523,43.46259808
Field_14,2023-01-16,dataset1_field_satellite,254,ok,12.90677064,77.65434998,0.587493486,0.559796214,-0.559796214,0.881068808,16.47873223,15.98493079,8.167831994,Jowar,2023,1,16,0.49999999999999994,0.8660254037844387,0.2719581575341055,0.9623090774541486,4,0.32465740266666665,0.28896115699999997,0.486894381,32.993065820000005,9.842729893333333,17.507116953333334,0.2315015317393935,0.233480514058073,0.34718920525166563,14.286187642927139,4.779814802570957,1.838399332994143,39.99894408
Field_14,2023-01-31,dataset1_field_satellite,255,ok,12.90677064,77.65434998,0.553098325,0.534917705,-0.534917705,0.829478708,18.10041111,18.76333525,14.59804758,Jowar,2023,1,31,0.49999999999999994,0.8660254037844387,0.5086709438521044,0.8609610158889943,5,0.39036642349999995,0.35666992124999997,0.58543798775,28.864482422500004,9.4240054185,17.1265704125,0.2302158577088584,0.23383756610432874,0.3452587424247454,14.291404470044224,3.991541946150898,1.682974772240037,52.3721177
Field_14,2023-02-03,dataset1_field_satellite,257,ok,12.90677064,77.65434998,0.504559449,0.555546934,-0.555546934,0.75666929,17.54271392,20.12364947,7.435906943,Jowar,2023,2,34,0.8660254037844386,0.5000000000000001,0.5524353131676196,0.8335557718385699,6,0.42291280379999996,0.392319478,0.6342461318,26.71166816,10.4588138508,17.45392338,0.21224005326193768,0.21763377489157004,0.31829840408579696,13.279918205279621,4.159741312714949,1.6309821855718052,36.86913625
Field_14,2023-02-15,dataset1_field_satellite,256,ok,12.90677064,77.65434998,0.508276615,0.517413466,-0.517413466,0.762258148,19.45201255,19.17070176,7.559148822,Jowar,2023,2,46,0.8660254037844386,0.5000000000000001,0.7116566222817746,0.7025274741691571,7,0.43652057799999994,0.41952405400000004,0.6546499915,25.18350912,9.954996032833334,17.898877728333336,0.1927373894162034,0.20574766514077947,0.289048446075733,12.453778637037678,3.919917421728441,1.8209855969574587,37.60985743
Field_14,2023-03-17,dataset1_field_satellite,258,ok,12.90677064,77.65434998,0.448766102,0.491151859,-0.491151859,0.67299291,21.40081835,33.04913,14.50773292,Jowar,2023,3,76,1.0,6.123233995736766e-17,0.9657399376548549,0.2595117970697999,8,0.4467714404285714,0.4335082557142857,0.6700225852857143,24.364723895714288,9.612732145571428,18.080566875714286,0.178022411499744,0.1914305532271066,0.2669801240296751,11.573246446935576,3.6911794601871093,1.7304335904249204,48.98149255
Field_14,2023-04-16,dataset1_field_satellite,260,ok,12.90677064,77.65434998,0.49203318,0.487944881,-0.487944881,0.737918813,21.12269943,29.94406359,7.482945828,Jowar,2023,4,106,0.8660254037844387,-0.4999999999999998,0.9679377830240642,-0.25119006388481935,9,0.447020773125,0.440713706125,0.670393875875,23.9942357025,10.224607242375,19.95163726625,0.16481823551915847,0.17839818109571123,0.24717779596785874,10.765864333972235,3.8306049196437533,5.529363812801557,37.44293435
Field_14,2023-05-16,dataset1_field_satellite,262,ok,12.90677064,77.65434998,0.540012024,0.478411325,-0.478411325,0.809905145,21.11952257,23.20584232,7.934519124,Jowar,2023,5,136,0.49999999999999994,-0.8660254037844387,0.717676913675962,-0.6963762255968722,10,0.45202215166666665,0.4459616144444445,0.6778966466666667,23.675176116666666,9.919978196333334,21.061906857777778,0.1549017220709508,0.16761723365018155,0.2323066488352366,10.115930341501851,3.69790913832795,6.151944265463624,39.43557867
Field_14,2023-05-31,dataset1_field_satellite,263,ok,12.90677064,77.65434998,0.650946868,0.574030582,-0.574030582,0.976291611,15.10382182,33.74453503,17.0356026,Jowar,2023,5,151,0.49999999999999994,-0.8660254037844387,0.5160623910158528,-0.8565509959010036,11,0.4608211389,0.4492065855,0.6910974965000001,23.419610762,9.7214322891,21.276300404,0.14866978467368597,0.1583638502085701,0.22296353763027488,9.57157018314871,3.5425053739119368,5.8395981530554995,46.4567809
Field_14,2023-08-14,dataset1_field_satellite,264,ok,12.90677064,77.65434998,0.592800168,0.534013883,-0.534013883,0.889089066,17.74109429,37.41302639,2.862786542,Jowar,2023,8,226,-0.8660254037844384,-0.5000000000000004,-0.680773409477016,-0.732494071613579,12,0.4781052960909091,0.4605542215454546,0.7170242341818182,22.663629949090907,10.386356862818182,22.40977627909091,0.1522451883483637,0.15487948679413707,0.22833225395547213,9.420193048881794,4.019674298727799,6.695017481963464,51.03673303
Field_14,2023-10-13,dataset1_field_satellite,265,ok,12.90677064,77.65434998,0.702098914,0.622663142,-0.622663142,1.052988824,12.09802132,39.03281312,9.043696033,Jowar,2023,10,286,-0.8660254037844386,0.5000000000000001,-0.9778483415056568,0.20931464596304888,13,0.48766320208333336,0.46667586,0.7313629701666667,22.25341864416667,9.759392669416668,23.660047121666665,0.1488881961836434,0.1491866380406988,0.22330071369766724,9.093516413161325,4.405212984770874,7.714048451134265,43.44173269
Field_14,2023-10-28,dataset1_field_satellite,266,ok,12.90677064,77.65434998,0.641990714,0.570406049,-0.570406049,0.962836607,15.38037437,38.39194607,15.99886557,Jowar,2023,10,301,-0.8660254037844386,0.5000000000000001,-0.8919813464595487,0.45207220393230374,14,0.5041582568461538,0.4786748816923077,0.7561034204615384,21.472234234615385,9.704339082,24.84256758307692,0.15445878369461755,0.14924351466480787,0.23165731111573595,9.15064344308654,4.222338766027409,8.527970170117314,56.02356017
Field_14,2023-11-27,dataset1_field_satellite,268,ok,12.90677064,77.65434998,0.590438611,0.538811155,-0.538811155,0.885512002,17.52024289,35.38840191,15.1371132,Jowar,2023,11,331,-0.5000000000000004,0.8660254037844384,-0.5524353131676203,0.8335557718385695,15,0.5140034323571429,0.48522710792857143,0.7708700766428571,21.037101387142858,10.153948116857142,25.81038033214286,0.1529029334724696,0.1454692893120987,0.22932462212229582,8.941137827053842,4.391676774484938,8.957968943946627,54.05178124
Field_14,2023-12-11,dataset1_field_satellite,267,ok,12.90677064,77.65434998,0.590438611,0.538811155,-0.538811155,0.885512002,17.52024289,16.61562116,14.99223343,Jowar,2023,12,345,-2.4492935982947064e-16,1.0,-0.33752289959411347,0.941317317512847,16,0.5190991109333333,0.4887993777333334,0.7785128716666667,20.802644154000003,10.4861591224,26.448915103999997,0.14865680496417913,0.1408588242470744,0.22295639489801783,8.663614529938995,4.423195318455981,8.9793823217894,53.9683197
Field_15,2023-01-01,dataset1_field_satellite,269,ok,23.40625179,77.319258,0.647569313,0.564916801,-0.564916801,0.971227727,15.60370587,8.708406984,8.692785951,Jowar,2023,1,1,0.49999999999999994,0.8660254037844387,0.017213356155834685,0.9998518392091162,1,,,,,,,,,,,,,42.24197302
Field_15,2023-01-04,dataset1_field_satellite,275,ok,23.40625179,77.319258,0.238184666,0.347422199,-0.347422199,0.357228534,30.89092466,11.53131002,5.544943766,Jowar,2023,1,4,0.49999999999999994,0.8660254037844387,0.06880242680231986,0.9976303053065857,2,0.647569313,0.564916801,0.971227727,15.60370587,8.692785951,8.708406984,,,,,,,29.83750132
Field_15,2023-01-05,dataset1_field_satellite,277,ok,23.40625179,77.319258,0.167190411,0.271078309,-0.271078309,0.250744863,35.51443276,5.268948061,5.090548136,Jowar,2023,1,5,0.49999999999999994,0.8660254037844387,0.08596479873744647,0.9962981749346078,3,0.4428769895,0.4561695,0.6642281305,23.247315265,7.1188648585,10.119858502,0.289478660007361,0.15379190794566924,0.43416299301336775,10.809696071891405,2.2258605551185786,1.9960938793876923,28.29346279
Field_15,2023-01-16,dataset1_field_satellite,270,ok,23.40625179,77.319258,0.736234998,0.671231442,-0.671231442,1.104212967,9.269284135,13.88113993,9.234673906,Jowar,2023,1,16,0.49999999999999994,0.8660254037844387,0.2719581575341055,0.9623090774541486,4,0.3509814633333333,0.39447243633333334,0.5264003746666667,27.33635443,6.4427592843333334,8.502888355,0.2592938689752887,0.15246494177367714,0.3888935883828913,10.42043609749822,1.9617807848162108,3.1362354434149404,43.99466541
Field_15,2023-01-31,dataset1_field_satellite,271,ok,23.40625179,77.319258,0.6132624,0.519839242,-0.519839242,0.919785252,18.25593524,6.902334145,8.491459523,Jowar,2023,1,31,0.49999999999999994,0.8660254037844387,0.5086709438521044,0.8609610158889943,5,0.447294847,0.46366218775,0.67085352275,22.819586856249998,7.14073793975,9.84745124875,0.2862294158282937,0.18613416071327246,0.42929282549516573,12.409475528904533,2.1247163054829468,3.713315590145672,41.61601146
Field_15,2023-02-03,dataset1_field_satellite,273,ok,23.40625179,77.319258,0.640666946,0.638514905,-0.638514905,0.960872372,11.91595799,5.552405317,8.457591526,Jowar,2023,2,34,0.8660254037844386,0.5000000000000001,0.5524353131676196,0.8335557718385699,6,0.48048835759999997,0.47489759859999997,0.7206398686,21.906856533,7.410882256399999,9.258427827999999,0.2587556851429863,0.1631429331082632,0.3880884547132215,10.93899882949809,1.936673512283447,3.475093877145527,40.82312681
Field_15,2023-02-15,dataset1_field_satellite,272,ok,23.40625179,77.319258,0.77495036,0.719711744,-0.719711744,1.162265387,6.398272897,14.5673042,9.467045998,Jowar,2023,2,46,0.8660254037844386,0.5000000000000001,0.7116566222817746,0.7025274741691571,7,0.507184789,0.5021671496666666,0.7606786191666667,20.241706775833332,7.585333801333333,8.640757409499999,0.24049906522068323,0.1604813502896802,0.3607058749549215,10.600268798297602,1.784142226315493,3.456894912970202,43.84860771
Field_15,2023-03-17,dataset1_field_satellite,274,ok,23.40625179,77.319258,0.334488658,0.396409291,-0.396409291,0.501656842,27.40588912,18.92926495,3.145019852,Jowar,2023,3,76,1.0,6.123233995736766e-17,0.9657399376548549,0.2595117970697999,8,0.5454370134285714,0.5332449488571428,0.8180481574285715,18.264073364571427,7.854149829428571,9.487406951,0.2417487587548044,0.16799611218714997,0.3625779745542356,11.000696320181003,1.777208663933783,3.8699022583205513,43.22264614
Field_15,2023-04-16,dataset1_field_satellite,276,ok,23.40625179,77.319258,0.176887371,0.288078405,-0.288078405,0.265294408,34.5472997,20.69662,5.136646244,Jowar,2023,4,106,0.8660254037844387,-0.4999999999999998,0.9679377830240642,-0.25119006388481935,9,0.519068469,0.516140491625,0.778499243,19.406800334,7.26550858225,10.667639200875,0.23591511237631285,0.16288456028888867,0.3538295104404916,10.685224197567605,2.340779504238604,4.896966380144334,28.39778972
Field_15,2023-05-16,dataset1_field_satellite,278,ok,23.40625179,77.319258,0.052987715,0.081430889,-0.081430889,0.079468977,46.36499667,22.10898786,11.25264207,Jowar,2023,5,136,0.49999999999999994,-0.8660254037844387,0.717676913675962,-0.6963762255968722,10,0.481048347,0.4908002597777778,0.7214764835555556,21.089078041333334,7.028968322444444,11.781970400777778,0.24841238859735085,0.17027655045125947,0.372572493621267,11.196999093264456,2.301717674283817,5.670833357622298,41.31346337
Field_15,2023-05-31,dataset1_field_satellite,279,ok,23.40625179,77.319258,0.154546265,0.275631136,-0.275631136,0.231772997,35.41107856,22.86914947,4.96636548,Jowar,2023,5,151,0.49999999999999994,-0.8660254037844387,0.5160623910158528,-0.8565509959010036,11,0.4382422838,0.4498633227,0.6572757329,23.616669904200002,7.451335697199999,12.8146721467,0.2705102242205244,0.20623012567586207,0.40571451082581395,13.241211617216576,2.548173898437315,6.264976442290965,27.73009738
Field_15,2023-06-15,dataset1_field_satellite,280,ok,23.40625179,77.319258,0.129995657,0.264971081,-0.264971081,0.194955879,36.20615987,28.69767763,4.772565274,Jowar,2023,6,166,1.2246467991473532e-16,-1.0,0.2802306751992159,-0.9599326896597447,12,0.4124517366363636,0.43402403300000003,0.618593666,24.68888887290909,7.225429313818182,13.728715539727272,0.27050855590914646,0.20257712689950827,0.40571315379388845,13.055378403867715,2.5308579236276154,6.671968630615673,26.95807812
Field_15,2023-08-29,dataset1_field_satellite,281,ok,23.40625179,77.319258,0.679253457,0.613310911,-0.613310911,1.018744056,12.80890492,32.34271556,15.48896406,Jowar,2023,8,241,-0.8660254037844384,-0.5000000000000004,-0.8452490573530633,-0.5343725582809785,13,0.38891373,0.419936287,0.5832905170833333,25.648661456,7.021023977166666,14.97612904725,0.2705015160513893,0.19921944249773296,0.4057030775318439,12.88417853933177,2.514821189990916,7.690306736016428,56.50346404
Field_15,2023-09-13,dataset1_field_satellite,282,ok,23.40625179,77.319258,0.679253457,0.613310911,-0.613310911,1.018744056,12.80890492,12.70457521,16.10987734,Jowar,2023,9,256,-1.0,-1.8369701987210297e-16,-0.9536809966304455,-0.300819807635668,14,0.41124755515384614,0.4348112580769231,0.6167869431538461,24.66098787630769,7.6724039835384605,16.31202031746154,0.27121555578904105,0.1981349607860581,0.4067737398919788,12.839394075041785,3.363501947069007,8.798425287247381,56.8477429
Field_15,2023-09-28,dataset1_field_satellite,283,ok,23.40625179,77.319258,0.486139686,0.444700386,-0.444700386,0.729099893,23.39114186,16.28119646,7.532807046,Jowar,2023,9,271,-1.0,-1.8369701987210297e-16,-0.9988797155850335,-0.04732138832243232,15,0.43039083385714283,0.4475612332857143,0.6454981655,23.814410522285716,8.275080651857142,16.054345666928572,0.2702408020458082,0.1962486280544745,0.40531159391600835,12.735893094669388,3.9405547489656296,8.508057554094762,37.89154014
Field_15,2023-10-13,dataset1_field_satellite,284,ok,23.40625179,77.319258,0.051613514,0.029760992,-0.029760992,0.077412915,49.01752197,14.21132917,4.624863175,Jowar,2023,10,286,-0.8660254037844386,0.5000000000000001,-0.9778483415056568,0.20931464596304888,16,0.43410742399999996,0.44737051013333334,0.6510716139999999,23.786192611466667,8.2255957448,16.069469053133336,0.26080807435129083,0.1891113524940502,0.3911640727215746,12.273100261920446,3.802047110723923,8.198778628549407,30.67211674
Field_15,2023-10-28,dataset1_field_satellite,285,ok,23.40625179,77.319258,0.245035471,0.298852934,-0.298852934,0.367535258,33.30111722,25.26438177,5.720869196,Jowar,2023,10,301,-0.8660254037844386,0.5000000000000001,-0.8919813464595487,0.45207220393230374,17,0.41020155462499996,0.42126991525,0.6152179453125,25.363150696375,8.0005499591875,15.9533353104375,0.2694994947173363,0.21042517336306468,0.40419856333560733,13.430406032387818,3.781823339779946,7.934382921125117,30.85990521
Field_15,2023-11-27,dataset1_field_satellite,287,ok,23.40625179,77.319258,0.295759724,0.33699855,-0.33699855,0.443561224,30.83519491,23.59411625,13.33928701,Jowar,2023,11,331,-0.5000000000000004,0.8660254037844384,-0.5524353131676203,0.8335557718385695,18,0.4004859026470588,0.41406891635294113,0.6006483754705882,25.83008990364706,7.866451090764706,16.501043925705883,0.26399867468730476,0.20589525500308065,0.3959470657819556,13.145678609471545,3.7032423156176915,8.007466558214174,44.83971352
Field_15,2023-12-11,dataset1_field_satellite,286,ok,23.40625179,77.319258,0.198790977,0.276569292,-0.276569292,0.298150545,34.91130655,13.47037337,11.95540302,Jowar,2023,12,345,-2.4492935982947064e-16,1.0,-0.33752289959411347,0.941317317512847,19,0.3946677816111111,0.40978722933333334,0.5919213114999999,26.108151292888888,8.170497530722223,16.895103499277777,0.25730310195627587,0.20057205639445455,0.38590540794335376,12.80762917705816,3.8172364125037817,7.9462492551959425,41.2717326
Field_15,2023-12-12,dataset1_field_satellite,288,ok,23.40625179,77.319258,0.604242378,0.507357331,-0.507357331,0.906213256,18.98543649,10.85074293,8.440657527,Jowar,2023,12,346,-2.4492935982947064e-16,1.0,-0.32126966169236515,0.9469877530760751,20,0.38435847610526314,0.4027757589473684,0.5764596922105263,26.571475253789473,8.369703082789474,16.714854545105265,0.25405942387361563,0.1973024345054454,0.38104022953683747,12.609559947049414,3.8099542900969863,7.762231871451495,41.46995376
Field_15,2023-12-27,dataset1_field_satellite,289,ok,23.40625179,77.319258,0.686148724,0.594883009,-0.594883009,1.029084467,13.67949361,12.46881267,8.966552262,Jowar,2023,12,361,-2.4492935982947064e-16,1.0,-0.06880242680232064,0.9976303053065857,21,0.3953526712,0.40800483754999994,0.5929473704,26.1921733156,8.373250805,16.421648964350002,0.25212391682398794,0.1934586793722044,0.37813603509075727,12.38991232704978,3.708371136778939,7.668146005439044,43.25394422
Field_16,2023-01-01,dataset1_field_satellite,290,ok,23.3243399,77.39727179,0.455337474,0.425029445,-0.425029445,0.682902806,24.71020521,14.20326407,7.303257287,Soybean,2023,1,1,0.49999999999999994,0.8660254037844387,0.017213356155834685,0.9998518392091162,1,,,,,,,,,,,,,37.00476125
Field_16,2023-01-04,dataset1_field_satellite,296,ok,23.3243399,77.39727179,0.294317878,0.35247216,-0.35247216,0.441420029,30.05977015,9.640557062,6.035088947,Soybean,2023,1,4,0.49999999999999994,0.8660254037844387,0.06880242680231986,0.9976303053065857,2,0.455337474,0.425029445,0.682902806,24.71020521,7.303257287,14.20326407,,,,,,,31.92403987
Field_16,2023-01-05,dataset1_field_satellite,298,ok,23.3243399,77.39727179,0.308013191,0.355169732,-0.355169732,0.461956816,29.78215184,6.339653604,6.150804605,Soybean,2023,1,5,0.49999999999999994,0.8660254037844387,0.08596479873744647,0.9962981749346078,3,0.374827676,0.3887508025,0.5621614175,27.384987680000002,6.669173117,11.921910566,0.11385804823551832,0.051305748247984985,0.1707541091564589,3.782713645471803,0.8967304329000868,3.226321065924183,32.41437643
Field_16,2023-01-16,dataset1_field_satellite,291,ok,23.3243399,77.39727179,0.57017314,0.547864586,-0.547864586,0.855134327,17.26490382,14.93465957,15.02421987,Soybean,2023,1,16,0.49999999999999994,0.8660254037844387,0.2719581575341055,0.9623090774541486,4,0.352556181,0.3775571123333334,0.5287598836666666,28.1840424,6.496383613,10.061158245333333,0.08927421824135949,0.04113436519851494,0.13388603468684057,3.011631882963474,0.7011642979518327,3.9486417166935053,53.06067543
Field_16,2023-01-31,dataset1_field_satellite,292,ok,23.3243399,77.39727179,0.1990409,0.154518263,-0.154518263,0.29852773,41.14121308,10.1536148,12.91687783,Soybean,2023,1,31,0.49999999999999994,0.8660254037844387,0.5086709438521044,0.8609610158889943,5,0.40696042075,0.42013398074999997,0.6103534945,25.454257755,8.62834267725,11.2795335765,0.13096771576552432,0.09153787684270624,0.19641889633653647,5.987780437243213,4.302179918951841,4.041320088979601,43.7234154
Field_16,2023-02-03,dataset1_field_satellite,294,ok,23.3243399,77.39727179,0.559982112,0.577340526,-0.577340526,0.839865078,15.86381318,8.235337883,7.879954018,Soybean,2023,2,34,0.8660254037844386,0.5000000000000001,0.5524353131676196,0.8335557718385699,6,0.3653765166,0.3670108372,0.5479883416,28.59164882,9.486049707800001,11.0543498212,0.1466646254262128,0.14281011545343128,0.21995987954567803,8.723889579607457,4.190449951085068,3.535921331767383,38.6635594
Field_16,2023-02-15,dataset1_field_satellite,293,ok,23.3243399,77.39727179,0.62452727,0.603558145,-0.603558145,0.936665262,13.86583543,7.40510073,8.395500197,Soybean,2023,2,46,0.8660254037844386,0.5000000000000001,0.7116566222817746,0.7025274741691571,7,0.39781078249999996,0.40206578533333337,0.5966344643333333,26.47034288,9.218367092833335,10.584514498166667,0.1533632925701599,0.15391192154099706,0.23000989202579644,9.374680413977991,3.8049731310708923,3.36551082544346,40.73966526
Field_16,2023-03-17,dataset1_field_satellite,295,ok,23.3243399,77.39727179,0.403484961,0.409560909,-0.409560909,0.605131264,26.02965944,18.90883069,14.26313071,Soybean,2023,3,76,1.0,6.123233995736766e-17,0.9657399376548549,0.2595117970697999,8,0.43019885214285714,0.4308504081428572,0.6452102925714286,24.669698958571427,9.100814679142857,10.130312531285714,0.16414371439778316,0.1598143127686241,0.2461796152836731,9.794560928186748,3.4873457571474122,3.298936482743686,48.37639637
Field_16,2023-04-16,dataset1_field_satellite,297,ok,23.3243399,77.39727179,0.240340884,0.312124356,-0.312124356,0.360469161,32.67136562,25.86887061,5.647488535,Soybean,2023,4,106,0.8660254037844387,-0.4999999999999998,0.9679377830240642,-0.25119006388481935,9,0.42685961575,0.42818922075,0.6402004139999999,24.839694018750002,9.746104183,11.227627301125,0.1522607640296735,0.14815063512774526,0.22835810078287427,9.080739810979383,3.708827327789423,4.354430829348761,30.47389558
Field_16,2023-05-16,dataset1_field_satellite,299,ok,23.3243399,77.39727179,0.112723317,0.093046485,-0.093046485,0.169036623,45.16178136,14.94824139,5.021871364,Soybean,2023,5,136,0.49999999999999994,-0.8660254037844387,0.717676913675962,-0.6963762255968722,10,0.4061353122222222,0.4152931246666667,0.6091191636666666,25.70987975222222,9.290702444333334,12.854432113222222,0.15540557757185097,0.1438812635487161,0.2330737898597056,8.886358363920225,3.7286045407314967,6.35683721960844,29.49322246
Field_16,2023-05-31,dataset1_field_satellite,300,ok,23.3243399,77.39727179,0.275169115,0.34164717,-0.34164717,0.41270288,30.80810536,22.02950264,5.889268404,Soybean,2023,5,151,0.49999999999999994,-0.8660254037844387,0.5160623910158528,-0.8565509959010036,11,0.37679411269999996,0.3830684607,0.5651109096,27.655069913,8.8638193363,13.063813040899998,0.17342583665320635,0.1696640966085025,0.26010521599626973,10.393789536272346,3.7656423604669236,6.029747268073532,31.36067446
Field_16,2023-06-15,dataset1_field_satellite,301,ok,23.3243399,77.39727179,0.249729038,0.335461237,-0.335461237,0.374544994,31.38380247,34.73535142,5.676652644,Soybean,2023,6,166,1.2246467991473532e-16,-1.0,0.2802306751992159,-0.9599326896597447,12,0.36755547654545456,0.3793028888181818,0.5512556341818182,27.94170949909091,8.593405615181819,13.878875731727272,0.167355146664018,0.16144128950720718,0.2509998132980778,9.90613747165615,3.6832615349045494,6.326900188474664,30.47389558
Field_16,2023-08-29,dataset1_field_satellite,302,ok,23.3243399,77.39727179,0.363019392,0.340176565,-0.340176565,0.544462863,29.98599708,28.39730252,14.18128305,Soybean,2023,8,241,-0.8660254037844384,-0.5000000000000004,-0.8452490573530633,-0.5343725582809785,13,0.3577366066666667,0.37564941783333333,0.5365297475,28.22855058,8.350342867583334,15.616915372416665,0.16315179722112017,0.1544476421459271,0.24469526358818008,9.49725446654557,3.6113791025883555,8.522909536139673,47.85476173
Field_16,2023-09-13,dataset1_field_satellite,303,ok,23.3243399,77.39727179,0.363019392,0.340176565,-0.340176565,0.544462863,29.98599708,17.70351051,13.3524579,Soybean,2023,9,256,-1.0,-1.8369701987210297e-16,-0.9536809966304455,-0.300819807635668,14,0.35814297476923074,0.37292073684615384,0.5371399871538461,28.36373877230769,8.79887672776923,16.60002207607692,0.15621282474205997,0.14819928727838289,0.2342882102360356,9.105983832122275,3.8171448596116915,8.896692587395316,47.39572325
Field_16,2023-09-28,dataset1_field_satellite,304,ok,23.3243399,77.39727179,0.429655497,0.404039387,-0.404039387,0.644391202,26.04433608,19.09323323,7.123568747,Soybean,2023,9,271,-1.0,-1.8369701987210297e-16,-0.9988797155850335,-0.04732138832243232,15,0.3584912902857143,0.3705818674285714,0.5376630497142857,28.479614365714287,9.124132525785715,16.6788426785,0.1500900858407645,0.1426539496192429,0.2251053393850782,8.759482951386858,3.86404691567719,8.552752040385103,36.34750161
Field_16,2023-10-13,dataset1_field_satellite,305,ok,23.3243399,77.39727179,0.26671269,0.250992873,-0.250992873,0.400021051,35.52367438,21.75770122,6.026621948,Soybean,2023,10,286,-0.8660254037844386,0.5000000000000001,-0.9778483415056568,0.20931464596304888,16,0.3632355707333333,0.37281236873333334,0.5447782598666666,28.31726248,8.9907616072,16.8398020486,0.1457929455580103,0.13773595858443322,0.2186603505951248,8.464236733753156,3.759146937512464,8.265181010846812,32.44567451
Field_16,2023-10-28,dataset1_field_satellite,306,ok,23.3243399,77.39727179,0.438597975,0.471736137,-0.471736137,0.65779604,22.49611578,12.83832067,7.043602642,Soybean,2023,10,301,-0.8660254037844386,0.5000000000000001,-0.8919813464595487,0.45207220393230374,17,0.3572028906875,0.36519865025,0.5357309343125,28.76766322375,8.8055028785,17.1471707468125,0.14290148972660113,0.1365062172490924,0.21432341120174733,8.3733420169136,3.7065131048252558,8.079022894643803,35.62764581
Field_16,2023-11-27,dataset1_field_satellite,308,ok,23.3243399,77.39727179,0.340308131,0.381170094,-0.381170094,0.510385399,28.12463554,26.26150303,13.75981464,Soybean,2023,11,331,-0.5000000000000004,0.8660254037844384,-0.5524353131676203,0.8335557718385695,18,0.3619908368235294,0.3714655612352941,0.5429112346470588,28.398748668235296,8.701861688117647,16.893708977588236,0.13976497705121835,0.13467362987789067,0.20961889447646917,8.248907087399395,3.614167244583748,7.891978618363622,46.10206935
Field_16,2023-12-11,dataset1_field_satellite,307,ok,23.3243399,77.39727179,0.392895962,0.44597305,-0.44597305,0.589247891,24.27844049,12.12602481,13.40984534,Soybean,2023,12,345,-2.4492935982947064e-16,1.0,-0.33752289959411347,0.941317317512847,19,0.36078624205555554,0.37200470194444446,0.5411042437777778,28.38352016111111,8.982859074333334,17.4141419805,0.13568822434057742,0.13067263343703786,0.2035046539200608,8.002876151580505,3.7033918829152843,7.968369382319154,46.91581938
Field_16,2023-12-12,dataset1_field_satellite,309,ok,23.3243399,77.39727179,0.381195275,0.388168156,-0.388168156,0.571696236,27.34970871,13.8137048,6.727501335,Soybean,2023,12,346,-2.4492935982947064e-16,1.0,-0.32126966169236515,0.9469877530760751,20,0.3624762273157895,0.37589777289473686,0.5436381199473684,28.16746333631579,9.215858351473685,17.135820024157894,0.132070850300001,0.12811975380832608,0.198079146859216,7.834209888846516,3.73960497951112,7.83831708310407,34.72000154
Field_16,2023-12-27,dataset1_field_satellite,310,ok,23.3243399,77.39727179,0.343639594,0.350043285,-0.350043285,0.515384036,29.68008264,8.303676986,6.481017577,Soybean,2023,12,361,-2.4492935982947064e-16,1.0,-0.06880242680232064,0.9976303053065857,21,0.36341217969999995,0.37651129205,0.54504102575,28.126575605,9.09144050065,16.96971426295,0.128616454212611,0.12473279184611144,0.19289814145391934,7.627452112987484,3.6821471271920214,7.665337193803753,33.86452073
Field_17,2023-01-01,dataset1_field_satellite,311,ok,19.09087972,74.68960217,0.523175327,0.54378437,-0.54378437,0.784631186,17.95324024,23.76094249,7.630647927,Soybean,2023,1,1,0.49999999999999994,0.8660254037844387,0.017213356155834685,0.9998518392091162,1,,,,,,,,,,,,,37.76634783
Field_17,2023-01-04,dataset1_field_satellite,317,ok,19.09087972,74.68960217,0.337500354,0.412268809,-0.412268809,0.506176208,26.56527472,21.9341582,6.280631927,Soybean,2023,1,4,0.49999999999999994,0.8660254037844387,0.06880242680231986,0.9976303053065857,2,0.523175327,0.54378437,0.784631186,17.95324024,7.630647927,23.76094249,,,,,,,32.65432837
Field_17,2023-01-05,dataset1_field_satellite,319,ok,19.09087972,74.68960217,0.375447481,0.413155367,-0.413155367,0.56308412,26.13245398,18.08420565,13.34493168,Soybean,2023,1,5,0.49999999999999994,0.8660254037844387,0.08596479873744647,0.9962981749346078,3,0.4303378405,0.4780265895,0.645403697,22.259257480000002,6.955639927,22.847550345000002,0.13129203250492913,0.09299554501465303,0.19689740319895097,6.089627980620363,0.9546054683103382,1.2917315592240557,46.72803091
Field_17,2023-01-16,dataset1_field_satellite,312,ok,19.09087972,74.68960217,0.538829136,0.5684076,-0.5684076,0.808107606,16.53600013,22.93764102,7.712495587,Soybean,2023,1,16,0.49999999999999994,0.8660254037844387,0.2719581575341055,0.9623090774541486,4,0.4120410540000001,0.4564028486666667,0.617963838,23.55032298,9.085403844666667,21.25976878,0.09809748257889919,0.07567591558195831,0.14711604698014685,4.852044398709473,3.750109176417215,2.8978330015736335,37.98543437
Field_17,2023-01-31,dataset1_field_satellite,313,ok,19.09087972,74.68960217,0.532134226,0.55962984,-0.55962984,0.798070951,17.05260517,20.58563878,7.672982924,Soybean,2023,1,31,0.49999999999999994,0.8660254037844387,0.5086709438521044,0.8609610158889943,5,0.4437380745,0.4844040365,0.66549978,21.7967422675,8.74217678025,21.67923684,0.10214800614723048,0.0833916195614938,0.15319078729921273,5.291036869937688,3.1379555702757704,2.5103992810135782,37.86024206
Field_17,2023-02-03,dataset1_field_satellite,315,ok,19.09087972,74.68960217,0.369898257,0.417879718,-0.417879718,0.55476457,25.94788147,21.8324675,6.556279793,Soybean,2023,2,34,0.8660254037844386,0.5000000000000001,0.5524353131676196,0.8335557718385699,6,0.46141730480000004,0.49944919720000003,0.6920140142,20.847914848,8.528338009,21.460517228,0.09689394867530772,0.07967060914955283,0.14531202999434265,5.049521831743592,2.759295013444032,2.2284007170956195,33.82278996
Field_17,2023-02-15,dataset1_field_satellite,314,ok,19.09087972,74.68960217,0.48134955,0.540538201,-0.540538201,0.721908317,18.54616521,19.55819966,7.263744624,Soybean,2023,2,46,0.8660254037844386,0.5000000000000001,0.7116566222817746,0.7025274741691571,7,0.44616413016666673,0.485854284,0.6691391068333333,21.697909284999998,8.199661639666667,21.522508939999998,0.09437534556378756,0.07865656208671883,0.1415345794181156,4.973236354828694,2.595984613113593,1.9989181171078425,36.20144391
Field_17,2023-03-17,dataset1_field_satellite,316,ok,19.09087972,74.68960217,0.427285071,0.502108327,-0.502108327,0.640824967,21.06071627,39.07088837,13.83131375,Soybean,2023,3,76,1.0,6.123233995736766e-17,0.9657399376548549,0.2595117970697999,8,0.45119061871428573,0.4936662721428572,0.6766775654285714,21.24766013142857,8.065959208857143,21.24189332857143,0.08717289707857798,0.07471882233164008,0.13073317411875188,4.6936094820014596,2.396055329000718,1.9700111375472777,47.60437711
Field_17,2023-04-16,dataset1_field_satellite,318,ok,19.09087972,74.68960217,0.364309736,0.39971634,-0.39971634,0.546381422,26.93245781,36.99784875,6.54969435,Soybean,2023,4,106,0.8660254037844387,-0.4999999999999998,0.9679377830240642,-0.25119006388481935,9,0.44820242525000004,0.494721529,0.672195990625,21.22429214875,8.7866285265,23.470517708750002,0.08114777060621661,0.0692405478001952,0.12169734684471716,4.345940623544396,3.0126136184795334,6.562061897825319,33.88538612
Field_17,2023-05-16,dataset1_field_satellite,320,ok,19.09087972,74.68960217,0.340978008,0.397486685,-0.397486685,0.511390243,27.28459773,36.06626469,6.346486366,Soybean,2023,5,136,0.49999999999999994,-0.8660254037844387,0.717676913675962,-0.6963762255968722,10,0.43888101533333335,0.48416539688888893,0.6582165941111111,21.85853277777778,8.538080284666668,24.973554491111113,0.08089399690690927,0.07209617953496084,0.12131683907209964,4.488502032419917,2.915020886568958,7.6164394850352135,33.01947262
Field_17,2023-05-31,dataset1_field_satellite,321,ok,19.09087972,74.68960217,0.297836803,0.366353004,-0.366353004,0.446688632,29.31501528,25.52064542,6.03414817,Soybean,2023,5,151,0.49999999999999994,-0.8660254037844387,0.5160623910158528,-0.8565509959010036,11,0.42909071460000003,0.4754975257,0.643533959,22.401139273000002,8.3189208928,26.082825511,0.08231187901648489,0.07329146684721198,0.12344336676392166,4.566437545827196,2.8343439308863236,7.991833338786871,31.84057833
Field_17,2023-06-15,dataset1_field_satellite,322,ok,19.09087972,74.68960217,0.269383689,0.331804094,-0.331804094,0.404010332,31.36982167,44.16787947,5.861045073,Soybean,2023,6,166,1.2246467991473532e-16,-1.0,0.2802306751992159,-0.9599326896597447,12,0.4171585408181819,0.4655752964545455,0.6256389292727272,23.029673455454546,8.111214281636363,26.03171823,0.0875435055686977,0.076924847523718,0.13128972273773218,4.8075694563467435,2.7757372653457,7.583613360353634,31.28764562
Field_17,2023-09-28,dataset1_field_satellite,323,ok,19.09087972,74.68960217,0.527746855,0.522985517,-0.522985517,0.791492249,18.96863215,22.6500643,27.02948411,Soybean,2023,9,271,-1.0,-1.8369701987210297e-16,-0.9988797155850335,-0.04732138832243232,13,0.4048439698333333,0.45442769625,0.6071698795,23.724685806666667,7.923700180916666,27.543065,0.09373864857336117,0.0828897561319541,0.14058186825427732,5.177651336592667,2.725110451041953,8.927089680529333,58.47524297
Field_17,2023-10-13,dataset1_field_satellite,324,ok,19.09087972,74.68960217,0.517507383,0.516412371,-0.516412371,0.776136271,19.40886016,30.05076415,7.643818815,Soybean,2023,10,286,-0.8660254037844386,0.5000000000000001,-0.9778483415056568,0.20931464596304888,14,0.41429803792307696,0.45970137476923073,0.6213485233076923,23.358835525384617,9.39337586776923,27.16668033076923,0.09600323932792598,0.08160701117098622,0.14397834709186222,5.1297242438355175,5.906494801629711,8.654103252246548,37.97500168
Field_17,2023-10-28,dataset1_field_satellite,325,ok,19.09087972,74.68960217,0.471140551,0.490700256,-0.490700256,0.706601027,21.19537173,35.6738552,2.643585338,Soybean,2023,10,301,-0.8660254037844386,0.5000000000000001,-0.8919813464595487,0.45207220393230374,15,0.42167013400000003,0.4637521602142857,0.632404791,23.076694427857145,9.268407506857143,27.37268631785714,0.09627315435409028,0.07985701851651815,0.14438331600754212,5.040273991452599,5.694008191503615,8.350245681087912,36.58745354
Field_17,2023-11-27,dataset1_field_satellite,327,ok,19.09087972,74.68960217,0.484460418,0.5069471,-0.5069471,0.726578992,20.22970277,27.33083667,14.67048746,Soybean,2023,11,331,-0.5000000000000004,0.8660254037844384,-0.5524353131676203,0.8335557718385695,16,0.4249681618,0.46554869993333337,0.6373512067333333,22.951272914666667,8.8267526956,27.926097576666667,0.09364634482544829,0.07726607591607536,0.14044396982548954,4.881160002424653,5.747327732385197,8.327069809783268,50.20211761
Field_17,2023-12-11,dataset1_field_satellite,326,ok,19.09087972,74.68960217,0.504331559,0.542521393,-0.542521393,0.756371846,18.21018239,16.79629313,7.465071052,Soybean,2023,12,345,-2.4492935982947064e-16,1.0,-0.33752289959411347,0.941317317512847,17,0.4286864278125,0.4681360999375,0.6429279433125,22.781174780625,9.191986118375,27.88889377,0.09168535001182604,0.07536018583316474,0.13750324094469482,4.764480605612417,5.7414270794816735,8.046090032694442,37.05692472
Field_17,2023-12-12,dataset1_field_satellite,328,ok,19.09087972,74.68960217,0.597094505,0.578980567,-0.578980567,0.89549334,15.40104132,22.960116,8.208285435,Soybean,2023,12,346,-2.4492935982947064e-16,1.0,-0.32126966169236515,0.9469877530760751,18,0.4331361414117647,0.47251170541176474,0.6496011140588236,22.51229287529412,9.09040287917647,27.23638785,0.09064995787549926,0.07516442611892686,0.13595026838393653,4.74453004726733,5.5748687409172,8.242046444854068,40.07197293
Field_17,2023-12-27,dataset1_field_satellite,329,ok,19.09087972,74.68960217,0.606353017,0.60311807,-0.60311807,0.909381032,14.07391892,24.91033938,8.234627211,Soybean,2023,12,361,-2.4492935982947064e-16,1.0,-0.06880242680232064,0.9976303053065857,19,0.44224493938888887,0.4784266421666667,0.6632617932777778,22.117223344444444,9.041396354500002,26.998817191666667,0.09605988303419155,0.07711752572833837,0.1440636173884791,4.898556244552358,5.412412125792933,8.059236052697154,40.05110754
Field_18,2023-01-01,dataset1_field_satellite,330,ok,26.38556389,74.61188542,0.379427198,0.434883681,-0.434883681,0.569064421,24.98226696,8.133497173,6.601437123,Soybean,2023,1,1,0.49999999999999994,0.8660254037844387,0.017213356155834685,0.9998518392091162,1,,,,,,,,,,,,,33.92711689
Field_18,2023-01-04,dataset1_field_satellite,336,ok,26.38556389,74.61188542,0.310478394,0.366325186,-0.366325186,0.465656828,29.18732881,14.08968636,6.147041494,Soybean,2023,1,4,0.49999999999999994,0.8660254037844387,0.06880242680231986,0.9976303053065857,2,0.379427198,0.434883681,0.569064421,24.98226696,6.601437123,8.133497173,,,,,,,32.33091489
Field_18,2023-01-05,dataset1_field_satellite,338,ok,26.38556389,74.61188542,0.284011811,0.349594962,-0.349594962,0.425961569,30.31194702,14.5785823,5.949478177,Soybean,2023,1,5,0.49999999999999994,0.8660254037844387,0.08596479873744647,0.9962981749346078,3,0.344952796,0.4006044335,0.5173606245,27.084797885,6.3742393085,11.1115917665,0.048754166863102175,0.04847817672244401,0.07312021023647852,2.973427749443849,0.3213062306074269,4.211661764157689,31.56932832
Field_18,2023-01-16,dataset1_field_satellite,331,ok,26.38556389,74.61188542,0.365405181,0.414800223,-0.414800223,0.548036914,26.15102117,8.229367599,6.523352574,Soybean,2023,1,16,0.49999999999999994,0.8660254037844387,0.2719581575341055,0.9623090774541486,4,0.3246391343333333,0.38360127633333335,0.4868942726666667,28.160514263333337,6.232652264666666,12.267255277666669,0.04925869409739781,0.04519279666129726,0.07387745498195486,2.809294123160676,0.3343045316144597,3.5882756110644753,33.69759765
Field_18,2023-01-31,dataset1_field_satellite,332,ok,26.38556389,74.61188542,0.398322775,0.445866467,-0.445866467,0.597403674,24.22845975,6.948433415,14.18880928,Soybean,2023,1,31,0.49999999999999994,0.8660254037844387,0.5086709438521044,0.8609610158889943,5,0.334830646,0.391401013,0.502179933,27.65814099,6.305327342,11.257783358000001,0.04508969139017499,0.0400616543383273,0.06762537406214232,2.5041840860159086,0.3092458795741657,3.558082180101444,47.56264634
Field_18,2023-02-03,dataset1_field_satellite,334,ok,26.38556389,74.61188542,0.380764682,0.418554287,-0.418554287,0.571072716,25.80245762,6.376518155,6.652239119,Soybean,2023,2,34,0.8660254037844386,0.5000000000000001,0.5524353131676196,0.8335557718385699,6,0.34752907180000003,0.40229410379999997,0.5212246812,26.972204742000002,7.882023729599998,10.3959133694,0.04828105520011388,0.04239102790836684,0.07241136363023778,2.6562654487255384,3.535757663341712,3.634427188225595,34.22966498
Field_18,2023-02-15,dataset1_field_satellite,333,ok,26.38556389,74.61188542,0.389114115,0.443479789,-0.443479789,0.58359913,24.44438084,13.16554676,6.66823234,Soybean,2023,2,46,0.8660254037844386,0.5000000000000001,0.7116566222817746,0.7025274741691571,7,0.3530683401666667,0.4050041343333333,0.529532687,26.777246888333334,7.677059627833333,9.726014167,0.04526532002777489,0.0384924017262101,0.06788860160932335,2.423354760556603,3.2020817449249814,3.6414061071882196,34.16706882
Field_18,2023-03-17,dataset1_field_satellite,335,ok,26.38556389,74.61188542,0.333788452,0.387439284,-0.387439284,0.500614208,27.87108798,12.57355046,6.305092147,Soybean,2023,3,76,1.0,6.123233995736766e-17,0.9657399376548549,0.2595117970697999,8,0.3582177365714286,0.4105006564285714,0.5372564645714285,26.44398031,7.532941443857142,10.217375966,0.04350944320122957,0.03802897726139068,0.06525577141935292,2.3814575085925167,2.94785175017102,3.569302493089091,32.90471299
Field_18,2023-04-16,dataset1_field_satellite,337,ok,26.38556389,74.61188542,0.269651519,0.33339688,-0.33339688,0.404428625,31.28575175,25.72365982,5.859163517,Soybean,2023,4,106,0.8660254037844387,-0.4999999999999998,0.9679377830240642,-0.25119006388481935,9,0.355164076,0.407617984875,0.5326761825,26.62236876875,7.379460281749999,10.51189777775,0.04119747060140255,0.03613974307222952,0.0617884840368733,2.2617975138447894,2.7634900760952,3.407913798130885,31.27721292
Field_18,2023-05-16,dataset1_field_satellite,339,ok,26.38556389,74.61188542,0.303575856,0.352480807,-0.352480807,0.455312446,29.96477805,29.87272717,13.02506726,Soybean,2023,5,136,0.49999999999999994,-0.8660254037844387,0.717676913675962,-0.6963762255968722,10,0.3456626807777778,0.39937119544444444,0.5184264538888889,27.140522433333334,7.210538418999999,12.202093560222222,0.04793293477849083,0.04189160684275817,0.07188937719886679,2.6253782537989454,2.6342131817729633,5.989407144812958,44.7249539
Field_18,2023-05-31,dataset1_field_satellite,340,ok,26.38556389,74.61188542,0.400926037,0.409439837,-0.409439837,0.601322416,26.06197588,15.01188668,6.853565547,Soybean,2023,5,151,0.49999999999999994,-0.8660254037844387,0.5160623910158528,-0.8565509959010036,11,0.3414539983,0.3946821566,0.5121150530999999,27.422947994999998,7.7919913031,13.9691569212,0.04711062705038038,0.042187533001230994,0.0706554241253096,2.631426854465275,3.090136706338595,7.944321148010903,35.14774194
Field_18,2023-06-15,dataset1_field_satellite,341,ok,26.38556389,74.61188542,0.402528799,0.412734473,-0.412734473,0.603725964,25.87736856,30.03004273,6.860150991,Soybean,2023,6,166,1.2246467991473532e-16,-1.0,0.2802306751992159,-0.9599326896597447,12,0.3468605472727273,0.39602376390909094,0.5202248133636364,27.29922325727273,7.706679870727272,14.063950535636364,0.04815608531340053,0.04026919614974734,0.07222479068411936,2.5298917920226187,2.9451840049313347,7.543199505195189,35.15817463
Field_18,2023-08-29,dataset1_field_satellite,342,ok,26.38556389,74.61188542,0.387764837,0.405072961,-0.405072961,0.581575036,26.41938131,25.8500948,6.746316889,Soybean,2023,8,241,-0.8660254037844384,-0.5000000000000004,-0.8452490573530633,-0.5343725582809785,13,0.35149956825,0.397416323,0.5271832425833333,27.180735365833332,7.636135797416666,15.3944582185,0.04864602533511876,0.03869702682251767,0.07296051809324298,2.4468295443208956,2.818735722042372,8.542256883925928,34.70956884
Field_18,2023-09-13,dataset1_field_satellite,343,ok,26.38556389,74.61188542,0.387764837,0.405072961,-0.405072961,0.581575036,26.41938131,16.84277286,13.70430876,Soybean,2023,9,256,-1.0,-1.8369701987210297e-16,-0.9536809966304455,-0.300819807635668,14,0.3542892043076923,0.39800529515384614,0.5313672266923077,27.122169669230768,7.5676881890769225,16.198737955538462,0.047648711425492235,0.03711039083241841,0.0714647360571085,2.3521584728406095,2.7099946723738264,8.67747447448873,47.52091556
Field_18,2023-09-28,dataset1_field_satellite,344,ok,26.38556389,74.61188542,0.421788403,0.412504132,-0.412504132,0.632597942,25.69243488,22.18313169,7.033254087,Soybean,2023,9,271,-1.0,-1.8369701987210297e-16,-0.9988797155850335,-0.04732138832243232,15,0.35668032092857144,0.3985101284285714,0.5349534987857143,27.071970500714286,8.006018229857142,16.244740448714285,0.046645446845607626,0.035704510812239486,0.06996002553471438,2.267672915345059,3.07717528284908,8.338824455114064,35.90932851
Field_18,2023-10-13,dataset1_field_satellite,345,ok,26.38556389,74.61188542,0.362393914,0.391858017,-0.391858017,0.543514408,27.35330416,14.22904401,6.550635127,Soybean,2023,10,286,-0.8660254037844386,0.5000000000000001,-0.9778483415056568,0.20931464596304888,16,0.3610208597333333,0.39944306199999996,0.5414631283333333,26.980001459333334,7.941167287,16.640633198133333,0.04798945452822236,0.034594935488825446,0.07197523154557699,2.214024613089021,2.9758586490011805,8.180470809497846,33.93754958
Field_18,2023-10-28,dataset1_field_satellite,346,ok,26.38556389,74.61188542,0.33273635,0.382979761,-0.382979761,0.499034987,28.10955568,16.52197329,13.3355239,Soybean,2023,10,301,-0.8660254037844386,0.5000000000000001,-0.8919813464595487,0.45207220393230374,17,0.361106675625,0.3989689966875,0.5415913333125,27.003332878125,7.8542590269999994,16.489908873875,0.04636348842999306,0.033475633886542705,0.06953657078523781,2.140985988554114,2.895893837156172,7.926048677502978,45.53870394
Field_18,2023-11-27,dataset1_field_satellite,348,ok,26.38556389,74.61188542,0.290954745,0.34007985,-0.34007985,0.436373651,30.72692292,10.86115971,12.68732807,Soybean,2023,11,331,-0.5000000000000004,0.8660254037844384,-0.5524353131676203,0.8335557718385695,18,0.3594378329411765,0.3980284534117647,0.5390880188235294,27.068404807647056,8.176686372470588,16.491795015999998,0.04541552987186973,0.03264380497443973,0.06811503635473207,2.090290946898368,3.10312314115098,7.6743675725631295,44.24505004
Field_18,2023-12-11,dataset1_field_satellite,347,ok,26.38556389,74.61188542,0.334358118,0.417554117,-0.417554117,0.501471849,26.32747507,13.32254069,6.240178486,Soybean,2023,12,345,-2.4492935982947064e-16,1.0,-0.33752289959411347,0.941317317512847,19,0.35563321694444444,0.3948090865555556,0.5333816650555555,27.271655813888888,8.427277577888889,16.178981943444445,0.04692328353359178,0.03448901860655381,0.07037657016500841,2.203609567928056,3.1926895636718418,7.562591369752753,32.45610721
Field_18,2023-12-12,dataset1_field_satellite,349,ok,26.38556389,74.61188542,0.337692112,0.378634528,-0.378634528,0.506464875,28.28082974,6.843589879,6.360598032,Soybean,2023,12,346,-2.4492935982947064e-16,1.0,-0.32126966169236515,0.9469877530760751,20,0.3545134748947369,0.39600619342105264,0.5317022010526316,27.221962090526315,8.31216709936842,16.028642930105264,0.04586169689097348,0.03392105135732445,0.06878440256520132,2.152450471673425,3.143045033300128,7.3786750614120535,33.19682839
Field_18,2023-12-27,dataset1_field_satellite,350,ok,26.38556389,74.61188542,0.384626382,0.434397188,-0.434397188,0.576857706,24.95401079,11.54087501,6.649416786,Soybean,2023,12,361,-2.4492935982947064e-16,1.0,-0.06880242680232064,0.9976303053065857,21,0.35367240675,0.39513761015000004,0.53044033475,27.274905473,8.214588646,15.56939027755,0.044796689661594,0.03324404582610745,0.06718723607928684,2.108378215075269,3.090182827139594,7.469778272931083,34.13577074
Field_19,2023-01-04,dataset1_field_satellite,356,ok,26.70654183,80.86121951,0.402042184,0.438654828,-0.438654828,0.602969261,24.55873167,7.523405646,9.61757043,Sugarcane,2023,1,4,0.49999999999999994,0.8660254037844387,0.06880242680231986,0.9976303053065857,1,,,,,,,,,,,,,34.85562654
Field_19,2023-01-16,dataset1_field_satellite,351,ok,26.70654183,80.86121951,0.533212685,0.471454454,-0.471454454,0.799697156,21.54421161,7.189186839,17.93216375,Sugarcane,2023,1,16,0.49999999999999994,0.8660254037844387,0.2719581575341055,0.9623090774541486,2,0.402042184,0.438654828,0.602969261,24.55873167,9.61757043,7.523405646,,,,,,,54.44822356
Field_19,2023-01-31,dataset1_field_satellite,352,ok,26.70654183,80.86121951,0.672346236,0.596786625,-0.596786625,1.008376975,13.72324974,8.032900094,11.6609396,Sugarcane,2023,1,31,0.49999999999999994,0.8660254037844387,0.5086709438521044,0.8609610158889943,3,0.4676274345,0.45505464100000004,0.7013332085,23.051471640000003,13.77486709,7.3562962425,0.09275155074873677,0.023192837964982595,0.1391076286030551,2.1315875764488785,5.87930531938037,0.2363283848297774,43.94250194
Field_19,2023-02-03,dataset1_field_satellite,354,ok,26.70654183,80.86121951,0.687717717,0.643095215,-0.643095215,1.031430312,11.20154372,9.597576946,11.6901037,Sugarcane,2023,2,34,0.8660254037844386,0.5000000000000001,0.5524353131676196,0.8335557718385699,4,0.535867035,0.5022986356666667,0.8036811306666666,19.94206434,13.070224593333334,7.581830859666667,0.13517157361052856,0.08345620985059803,0.2027332180065342,5.59259099791103,4.332744934054284,0.42488015176008226,43.82774232
Field_19,2023-02-15,dataset1_field_satellite,353,ok,26.70654183,80.86121951,0.686961492,0.630249159,-0.630249159,1.030303631,11.86524273,6.660678564,11.71362315,Sugarcane,2023,2,46,0.8660254037844386,0.5000000000000001,0.7116566222817746,0.7025274741691571,5,0.5738297055,0.5374977805000001,0.860618426,17.756934185,12.72519437,8.085767381250001,0.13396104016042865,0.09797556751427,0.200917713309929,6.3206453697734295,3.6043449514582404,1.0659065781680013,44.01553079
Field_19,2023-03-17,dataset1_field_satellite,355,ok,26.70654183,80.86121951,0.512306026,0.506728342,-0.506728342,0.768332446,19.9564898,23.99281168,6.370946586,Sugarcane,2023,3,76,1.0,6.123233995736766e-17,0.9657399376548549,0.2595117970697999,6,0.5964560628,0.5560480562000001,0.894555467,16.578595894,12.522880126,7.800749617799999,0.12656591339687118,0.09444560611821766,0.18982770978033348,6.074975231061666,3.154065973224615,1.121736712623138,48.35553099
Field_19,2023-04-16,dataset1_field_satellite,357,ok,26.70654183,80.86121951,0.337390625,0.402217875,-0.402217875,0.506023604,27.07964001,20.63347994,9.125543693,Sugarcane,2023,4,106,0.8660254037844387,-0.4999999999999998,0.9679377830240642,-0.25119006388481935,7,0.5824310566666666,0.5478281038333334,0.8735182968333333,17.141578211666666,11.497557869333335,10.499426628166667,0.11830194051420992,0.08684114067359792,0.17743455890013354,5.605885638009589,3.7770650127921845,6.686088560559654,32.81081876
Field_19,2023-05-16,dataset1_field_satellite,358,ok,26.70654183,80.86121951,0.329244466,0.390059923,-0.390059923,0.49380998,27.78367384,20.58598118,9.081327141,Sugarcane,2023,5,136,0.49999999999999994,-0.8660254037844387,0.717676913675962,-0.6963762255968722,8,0.5474252807142858,0.5270266425714286,0.8210190549999999,18.561301325714286,11.158698701285715,11.947148529857143,0.14226953781954788,0.09650591672184332,0.2133753617335606,6.348038347864844,3.5626248061560584,7.2058615815283025,32.68562645
Field_19,2023-05-31,dataset1_field_satellite,359,ok,26.70654183,80.86121951,0.3342848,0.364329758,-0.364329758,0.501373953,29.04609226,20.05731284,9.186694243,Sugarcane,2023,5,151,0.49999999999999994,-0.8660254037844387,0.5160623910158528,-0.8565509959010036,9,0.5201526788749999,0.5099058026250001,0.780117920625,19.714097889999998,10.899027256250001,13.027002611125,0.15264161470069235,0.10162624011566579,0.2289281941029383,6.721035003617871,3.379133692471645,7.337257152519607,33.28028993
Field_19,2023-06-15,dataset1_field_satellite,360,ok,26.70654183,80.86121951,0.316283987,0.355110535,-0.355110535,0.474376477,29.70070612,33.94551898,9.047459144,Sugarcane,2023,6,166,1.2246467991473532e-16,-1.0,0.2802306751992159,-0.9599326896597447,10,0.4995006923333334,0.4937306865555555,0.7491463686666666,20.750986153333333,10.708768032555556,13.808148192111112,0.1556456573572964,0.10673151134403135,0.2334314387024554,7.014414303106164,3.212010833956625,7.252421697279625,32.73778991
Field_19,2023-08-29,dataset1_field_satellite,361,ok,26.70654183,80.86121951,0.556254586,0.467530719,-0.467530719,0.834286291,21.50925064,27.93406047,17.02149093,Sugarcane,2023,8,241,-0.8660254037844384,-0.5000000000000004,-0.8452490573530633,-0.5343725582809785,11,0.48117902179999994,0.47986867140000006,0.7216693795,21.645958150000002,10.5426371437,15.821885270900001,0.15776779358543952,0.1097608085721986,0.2366127958941091,7.193390506866852,3.0735441229324274,9.343704332183647,54.88639666
Field_19,2023-09-28,dataset1_field_satellite,362,ok,26.70654183,80.86121951,0.704673949,0.636672711,-0.636672711,1.056869434,11.35633299,10.33662164,11.85662136,Sugarcane,2023,9,271,-1.0,-1.8369701987210297e-16,-0.9988797155850335,-0.04732138832243232,12,0.4880040730909091,0.4787470393636364,0.7319072805454545,21.633530194545454,11.131623851545454,16.922992107181816,0.15137372162926763,0.10419467467800603,0.2270242596259843,6.82437391126091,3.509695840134315,9.587029179913493,44.67279044
Field_19,2023-10-13,dataset1_field_satellite,363,ok,26.70654183,80.86121951,0.360647288,0.303341143,-0.303341143,0.540916148,31.89120069,23.65177745,9.565827657,Sugarcane,2023,10,286,-0.8660254037844386,0.5000000000000001,-0.9778483415056568,0.20931464596304888,13,0.5060598960833333,0.49190751200000005,0.7589874600000001,20.777097094166667,11.192040310583332,16.374127901583332,0.157299285728658,0.10930667599764766,0.23591225493883683,7.151222675643459,3.352901979256915,9.336519391867252,35.3459631
Field_19,2023-10-28,dataset1_field_satellite,364,ok,26.70654183,80.86121951,0.504507038,0.512626541,-0.512626541,0.756660561,19.73495203,16.45642767,16.33566399,Sugarcane,2023,10,301,-0.8660254037844386,0.5000000000000001,-0.8919813464595487,0.45207220393230374,14,0.49487431084615385,0.4774024066923077,0.7422127436923076,21.632028140000003,11.066947029538461,16.933947097615384,0.15590916684230124,0.11699342719152073,0.2338264180001462,7.508669155556344,3.2416894749718015,9.16409002998578,51.80875229
Field_19,2023-11-27,dataset1_field_satellite,366,ok,26.70654183,80.86121951,0.397246356,0.477840649,-0.477840649,0.595771678,22.60671161,16.73036218,15.86809747,Sugarcane,2023,11,331,-0.5000000000000004,0.8660254037844384,-0.5524353131676203,0.8335557718385695,15,0.4955623627857143,0.4799184162857143,0.7432447306428571,21.49652270357143,11.443283955285713,16.89983856707143,0.14981480395201405,0.1127971833561666,0.22468633769758303,7.231890823568298,3.4180423264656357,8.805497802946247,47.94865597
Field_19,2023-12-11,dataset1_field_satellite,365,ok,26.70654183,80.86121951,0.374658862,0.431015917,-0.431015917,0.561914546,25.22847029,11.35918768,15.49084561,Sugarcane,2023,12,345,-2.4492935982947064e-16,1.0,-0.33752289959411347,0.941317317512847,16,0.4890079623333333,0.4797798984666667,0.7334131938,21.570535297333333,11.738271522933333,16.888540141266667,0.14658001617650956,0.10869540953613759,0.21983594029392467,6.974717275066599,3.4862268096410105,8.485302830185576,47.60437711
Field_19,2023-12-12,dataset1_field_satellite,367,ok,26.70654183,80.86121951,0.400757046,0.40726353,-0.40726353,0.6010388,26.17483352,12.58417131,9.679661758,Sugarcane,2023,12,346,-2.4492935982947064e-16,1.0,-0.32126966169236515,0.9469877530760751,17,0.4818611435625,0.476732149625,0.7226945283125,21.799156234375,11.972807403375,16.5429556124375,0.14446644372601639,0.1057150239337351,0.21666615157713612,6.799988935405158,3.4962320877112623,8.313314532143536,35.32509772
Field_19,2023-12-27,dataset1_field_satellite,368,ok,26.70654183,80.86121951,0.298872384,0.30873595,-0.30873595,0.448242414,32.24661762,9.553768277,15.53412139,Sugarcane,2023,12,361,-2.4492935982947064e-16,1.0,-0.06880242680232064,0.9976303053065857,18,0.4770903142941177,0.4726457602352941,0.715538309,22.056549015882354,11.837916483058823,16.310085947588238,0.14125536301359154,0.10373554343922535,0.21185089682184444,6.669042410575607,3.4305955622849442,8.106394351200246,46.61327129
Field_2,2023-01-04,dataset1_field_satellite,21,ok,25.37877892,83.01640486,0.324332121,0.35809538,-0.35809538,0.486441933,29.46609228,10.67081945,15.23119097,Rice,2023,1,4,0.49999999999999994,0.8660254037844387,0.06880242680231986,0.9976303053065857,1,,,,,,,,,,,,,46.65500206
Field_2,2023-01-05,dataset1_field_satellite,23,ok,25.37877892,83.01640486,0.344011696,0.374978269,-0.374978269,0.515963778,28.40299316,8.004618748,5.360551336,Rice,2023,1,5,0.49999999999999994,0.8660254037844387,0.08596479873744647,0.9962981749346078,2,0.324332121,0.35809538,0.486441933,29.46609228,15.23119097,10.67081945,,,,,,,43.92163656
Field_2,2023-01-16,dataset1_field_satellite,16,ok,25.37877892,83.01640486,0.279167432,0.306950665,-0.306950665,0.418697274,32.53902625,10.48604637,15.38547851,Rice,2023,1,16,0.49999999999999994,0.8660254037844387,0.2719581575341055,0.9623090774541486,3,0.3341719085,0.3665368245,0.5012028555,28.934542720000003,10.295871153,9.337719099000001,0.013915560933369235,0.01193800529791972,0.020875096792638225,0.7517245968254528,6.979596219850102,1.8852885963885335,45.79952126
Field_2,2023-01-31,dataset1_field_satellite,17,ok,25.37877892,83.01640486,0.352304075,0.389930306,-0.389930306,0.528385528,27.55478778,7.15824618,15.79471681,Rice,2023,1,31,0.49999999999999994,0.8660254037844387,0.5086709438521044,0.8609610158889943,4,0.31583708299999996,0.34667477133333335,0.473700995,30.13603723,11.992406938666667,9.720494856,0.03324633658602866,0.03542261217404866,0.04986924729665957,2.1478622179778206,5.743873493751038,1.4888614395829762,47.55221364
Field_2,2023-02-03,dataset1_field_satellite,19,ok,25.37877892,83.01640486,0.304836525,0.359751296,-0.359751296,0.457197543,29.58064007,10.31998996,15.43910284,Rice,2023,2,34,0.8660254037844386,0.5000000000000001,0.5524353131676196,0.8335557718385699,5,0.32495383099999997,0.357488655,0.48737212825000004,29.4907248675,12.9429844065,9.079932687,0.03270075902242975,0.036114650148014814,0.04904651623354386,2.1774419821721382,5.060544624598578,1.7660931912748357,45.99774242
Field_2,2023-02-15,dataset1_field_satellite,18,ok,25.37877892,83.01640486,0.29743809,0.355413734,-0.355413734,0.446096683,29.87769423,5.360588605,15.70346137,Rice,2023,2,46,0.8660254037844386,0.5000000000000001,0.7116566222817746,0.7025274741691571,6,0.3209303698,0.3579411832,0.48133721120000006,29.508707908,13.4422080932,9.3279441416,0.0297144061125541,0.031292569011573755,0.044567608024072426,1.8861487581901966,4.522494374786648,1.62691803059175,45.92471357
Field_2,2023-03-17,dataset1_field_satellite,20,ok,25.37877892,83.01640486,0.295018731,0.332646295,-0.332646295,0.442473412,31.06500775,24.80185578,15.61220594,Rice,2023,3,76,1.0,6.123233995736766e-17,0.9657399376548549,0.2595117970697999,7,0.3170149898333333,0.3575199416666666,0.4754637898333334,29.570205628333337,13.819083639333334,8.666718218833333,0.028254874733356757,0.028007937568691393,0.042379238068804295,1.6937347868114174,4.149045114194504,2.1773396951884676,46.13336743
Field_2,2023-04-16,dataset1_field_satellite,22,ok,25.37877892,83.01640486,0.252393581,0.309416917,-0.309416917,0.378549041,32.68652662,24.46960053,8.583655738,Rice,2023,4,106,0.8660254037844387,-0.4999999999999998,0.9679377830240642,-0.25119006388481935,8,0.31387266714285716,0.3539665635714285,0.4707508787142857,29.783748788571426,14.075243967999999,10.971737870428571,0.02709983330334289,0.0272413156239523,0.04064661406057448,1.646152901678306,3.847701426076272,6.414240611058424,30.98509753
Field_2,2023-05-16,dataset1_field_satellite,24,ok,25.37877892,83.01640486,0.270803683,0.323778439,-0.323778439,0.40616568,31.76514447,11.70462216,8.714423838,Rice,2023,5,136,0.49999999999999994,-0.8660254037844387,0.717676913675962,-0.6963762255968722,9,0.30618778137499997,0.34839785775,0.459225649,30.146596017500002,13.38879543925,12.658970702875,0.03319557644638509,0.02973483477812567,0.04978728312343395,1.8373805306362279,4.0570342125439804,7.618334604556468,31.46500139
Field_2,2023-05-31,dataset1_field_satellite,25,ok,25.37877892,83.01640486,0.273582639,0.322623657,-0.322623657,0.410334609,31.79573154,26.50252718,8.741706391,Rice,2023,5,151,0.49999999999999994,-0.8660254037844387,0.5160623910158528,-0.8565509959010036,10,0.3022562148888889,0.3456623667777778,0.4533300968888889,30.326434734444447,12.869420816888889,12.552931975888889,0.03321623012879743,0.028999768052591586,0.049817112300541776,1.8014019511413735,4.102418282148717,7.13339626567859,31.59019371
Field_2,2023-06-15,dataset1_field_satellite,26,ok,25.37877892,83.01640486,0.217566921,0.278929406,-0.278929406,0.326318825,34.59903245,26.13669465,8.344698202,Rice,2023,6,166,1.2246467991473532e-16,-1.0,0.2802306751992159,-0.9599326896597447,11,0.2993888573,0.3433584958,0.4490305481,30.473364415,12.4566493743,13.947891496299999,0.03260282896822865,0.028295261303765057,0.04889638501139318,1.7607871254117433,4.082114237570559,8.043042707750468,30.11918403
Field_2,2023-08-29,dataset1_field_satellite,27,ok,25.37877892,83.01640486,0.49578519,0.463494309,-0.463494309,0.743597596,22.33293371,29.83822159,17.43072923,Rice,2023,8,241,-0.8660254037844384,-0.5000000000000004,-0.8452490573530633,-0.5343725582809785,12,0.29195049945454543,0.33750130581818183,0.43787493690909096,30.848425145454545,12.082835631363638,15.055964510272728,0.03956350405191379,0.03313507281322517,0.05933544549368661,2.082717032564492,4.06625071069255,8.469212846898396,52.85202157
Field_2,2023-09-28,dataset1_field_satellite,28,ok,25.37877892,83.01640486,0.503070062,0.463745393,-0.463745393,0.754498653,22.24571278,24.13354742,16.67528474,Rice,2023,9,271,-1.0,-1.8369701987210297e-16,-0.9988797155850335,-0.04732138832243232,13,0.30893672366666663,0.34800072275,0.4633518251666667,30.138800859166665,12.52849343125,16.287819266916667,0.06989531642691596,0.048176488308616774,0.1048307871058232,3.1600905802950883,4.173080221319171,9.133261854513572,52.70596387
Field_2,2023-10-13,dataset1_field_satellite,29,ok,25.37877892,83.01640486,0.452847953,0.430412376,-0.430412376,0.679185892,24.46075439,26.78854948,10.09078161,Rice,2023,10,286,-0.8660254037844386,0.5000000000000001,-0.9778483415056568,0.20931464596304888,14,0.3238700573846154,0.3569041589230769,0.485747735,29.531640237692308,12.847477378076924,16.891336817153846,0.08589121170019819,0.05619683983596535,0.12881848030933776,3.7344830565326297,4.157660621964489,9.011111699597837,37.20298242
Field_2,2023-10-28,dataset1_field_satellite,30,ok,25.37877892,83.01640486,0.455247558,0.476415369,-0.476415369,0.682780213,22.08713363,18.24981266,16.86155872,Rice,2023,10,301,-0.8660254037844386,0.5000000000000001,-0.8919813464595487,0.45207220393230374,15,0.33308276421428573,0.36215474585714286,0.49956474621428576,29.169434105714288,12.6505705375,17.598280578785715,0.089431824048997,0.05745534345123188,0.1341285244226894,3.835397298907626,4.061926991284377,9.052664947600142,50.76548302
Field_2,2023-11-27,dataset1_field_satellite,32,ok,25.37877892,83.01640486,0.337730048,0.382477812,-0.382477812,0.506526803,28.0841874,10.67075885,15.44004362,Rice,2023,11,331,-0.5000000000000004,0.8660254037844384,-0.5524353131676203,0.8335557718385695,16,0.3412270838,0.3697721207333334,0.5117791106666666,28.697280740666667,12.931303083,17.641716050866666,0.09176988017531842,0.0627350656019963,0.13763461997372847,4.1235264879235425,4.062375461954233,8.724988125022357,46.90538669
Field_2,2023-12-11,dataset1_field_satellite,31,ok,25.37877892,83.01640486,0.247056058,0.257977873,-0.257977873,0.370542166,35.36774049,13.18674182,14.82289345,Rice,2023,12,345,-2.4492935982947064e-16,1.0,-0.33752289959411347,0.941317317512847,17,0.3410085190625,0.3705662264375,0.5114508414375,28.658962406875,13.088099366562501,17.2060312258125,0.08866243760622534,0.060691011588135814,0.13297415868737136,3.9866525681043536,3.974426075160983,8.607411352908727,45.0170693
Field_2,2023-12-12,dataset1_field_satellite,33,ok,25.37877892,83.01640486,0.360501065,0.372626558,-0.372626558,0.540676456,28.35467794,7.3110801,9.401191559,Rice,2023,12,346,-2.4492935982947064e-16,1.0,-0.32126966169236515,0.9469877530760751,18,0.3354819037058824,0.3639433821176471,0.5031620958235293,29.053596411764705,13.19014607735294,16.969602437235295,0.08881977660541301,0.0647984690726712,0.1332101727129119,4.188982363648674,3.8711547040709413,8.390907894021547,34.16706882
Field_2,2023-12-27,dataset1_field_satellite,34,ok,25.37877892,83.01640486,0.215816487,0.202356223,-0.202356223,0.323684648,38.52707084,14.29143827,14.9216751,Rice,2023,12,361,-2.4492935982947064e-16,1.0,-0.06880242680232064,0.9976303053065857,19,0.3368718571111111,0.36442578077777776,0.5052462269444444,29.01476760777778,12.979648604111112,16.433017862944446,0.08636939355200256,0.06289705608821232,0.12953499281960706,4.0672473763640555,3.8602958654929616,8.452712075101099,44.7353866
Field_20,2023-01-01,dataset1_field_satellite,369,ok,19.08367827,74.52220393,0.338493761,0.473376985,-0.473376985,0.507662047,23.43467862,21.46224182,8.967493039,Sugarcane,2023,1,1,0.49999999999999994,0.8660254037844387,0.017213356155834685,0.9998518392091162,1,,,,,,,,,,,,,31.7362514
Field_20,2023-01-04,dataset1_field_satellite,375,ok,19.08367827,74.52220393,0.177423306,0.325869701,-0.325869701,0.266096197,32.61203753,16.90445177,7.875250129,Sugarcane,2023,1,4,0.49999999999999994,0.8660254037844387,0.06880242680231986,0.9976303053065857,2,0.338493761,0.473376985,0.507662047,23.43467862,8.967493039,21.46224182,,,,,,,27.83442431
Field_20,2023-01-05,dataset1_field_satellite,377,ok,19.08367827,74.52220393,0.099929151,0.13706419,-0.13706419,0.149875972,43.04471018,20.81584788,7.626884816,Sugarcane,2023,1,5,0.49999999999999994,0.8660254037844387,0.08596479873744647,0.9962981749346078,3,0.2579585335,0.399623343,0.38687912199999996,28.023358075,8.421371584000001,19.183346795,0.11389401097930263,0.10430340079080992,0.17081285063809235,6.489372718643784,0.7723323683639285,3.2228442515795703,28.83596281
Field_20,2023-01-16,dataset1_field_satellite,370,ok,19.08367827,74.52220393,0.319277978,0.478634283,-0.478634283,0.47884498,23.3624664,21.61680104,8.784041388,Sugarcane,2023,1,16,0.49999999999999994,0.8660254037844387,0.2719581575341055,0.9623090774541486,4,0.20528207266666665,0.3121036253333333,0.307878072,33.03047544333334,8.156542661333333,19.727513823333336,0.12169778735151209,0.16857847623472963,0.18251578746744926,9.811709950948158,0.7131982322283755,2.4661135008642923,30.91206868
Field_20,2023-01-31,dataset1_field_satellite,371,ok,19.08367827,74.52220393,0.311744749,0.460407554,-0.460407554,0.467543519,24.37013874,23.45188785,8.759581168,Sugarcane,2023,1,31,0.49999999999999994,0.8660254037844387,0.5086709438521044,0.8609610158889943,5,0.23378104900000002,0.35373628975,0.35061979899999995,30.6134731825,8.313417343000001,20.1998356275,0.11455275744838044,0.16086925359477075,0.17180055109829787,9.356675041016645,0.6614679195757409,2.2241467456521633,30.91206868
Field_20,2023-02-03,dataset1_field_satellite,373,ok,19.08367827,74.52220393,0.217007447,0.330864918,-0.330864918,0.325460485,31.95269211,22.63606074,8.216752434,Sugarcane,2023,2,34,0.8660254037844386,0.5000000000000001,0.5524353131676196,0.8335557718385699,6,0.249373789,0.37507054259999995,0.37400454299999997,29.364806293999997,8.402650108,20.850246071999997,0.10515425993657418,0.14725807036438668,0.15770479789146186,8.570669218886541,0.6066030730375676,2.4135638154438275,29.2845686
Field_20,2023-02-15,dataset1_field_satellite,372,ok,19.08367827,74.52220393,0.268519962,0.427753021,-0.427753021,0.402720313,26.47907123,20.03522988,8.450065304,Sugarcane,2023,2,46,0.8660254037844386,0.5000000000000001,0.7116566222817746,0.7025274741691571,7,0.24397939866666665,0.36770293849999997,0.36591386666666664,29.79612059666667,8.371667162333333,21.14788185,0.09497647808092827,0.13294224675023417,0.14244085398358866,7.738300126886033,0.5478444013659335,2.2785422030433855,29.75403978
Field_20,2023-03-17,dataset1_field_satellite,374,ok,19.08367827,74.52220393,0.211255761,0.379852335,-0.379852335,0.316828019,29.50992168,23.52184195,15.01951599,Sugarcane,2023,3,76,1.0,6.123233995736766e-17,0.9657399376548549,0.2595117970697999,8,0.24748519342857142,0.3762815217142857,0.37117193042857144,29.32225640142857,8.382866896857143,20.988931568571427,0.08719600718459379,0.12346326891934739,0.1307721735614327,7.17446199888913,0.5009883017235284,2.1221023741339766,41.83509801
Field_20,2023-04-16,dataset1_field_satellite,376,ok,19.08367827,74.52220393,0.185128716,0.314255649,-0.314255649,0.277650647,33.1264074,34.76552057,7.971209455,Sugarcane,2023,4,106,0.8660254037844387,-0.4999999999999998,0.9679377830240642,-0.25119006388481935,9,0.242956514375,0.376727873375,0.3643789415,29.345714561250002,9.2124480335,21.30554536625,0.08173770096730915,0.11431174761688682,0.1225865708029436,6.642592499659289,2.391813656086934,2.159152993425742,28.31432818
Field_20,2023-05-16,dataset1_field_satellite,378,ok,19.08367827,74.52220393,0.183188672,0.318488173,-0.318488173,0.274743814,32.93008965,29.88855474,14.28570938,Sugarcane,2023,5,136,0.49999999999999994,-0.8660254037844387,0.717676913675962,-0.6963762255968722,10,0.23653120344444442,0.3697865151111111,0.35474246433333334,29.765791543333332,9.07453263588889,22.801098166666666,0.07885101061167475,0.10893769218572791,0.11825730063393616,6.340087756872911,2.2752718314187277,4.920294965995344,41.30303067
Field_20,2023-05-31,dataset1_field_satellite,379,ok,19.08367827,74.52220393,0.160500836,0.298766905,-0.298766905,0.240716652,34.16885182,35.78852744,7.787757803,Sugarcane,2023,5,151,0.49999999999999994,-0.8660254037844387,0.5160623910158528,-0.8565509959010036,11,0.23119695029999998,0.3646566809,0.3467425993,30.082221354,9.5956503103,23.509843824,0.07623118207915748,0.10398062540847211,0.11432804597854014,6.060667421771183,2.705049229523442,5.15194954502328,27.60490507
Field_20,2023-06-15,dataset1_field_satellite,380,ok,19.08367827,74.52220393,0.146080204,0.282689708,-0.282689708,0.219088703,35.13709986,41.4120547,7.696502366,Sugarcane,2023,6,166,1.2246467991473532e-16,-1.0,0.2802306751992159,-0.9599326896597447,12,0.2247700308181818,0.3586667012727273,0.3371038768181818,30.453733214545455,9.431296446000001,24.62608778909091,0.07539517254672616,0.10062530412172607,0.11307416402273619,5.88020002426551,2.6234893406577053,6.131421710226728,27.29192428
Field_20,2023-09-28,dataset1_field_satellite,381,ok,19.08367827,74.52220393,0.50825021,0.528638928,-0.528638928,0.762252292,18.87906103,24.96419038,40.25117391,Sugarcane,2023,9,271,-1.0,-1.8369701987210297e-16,-0.9988797155850335,-0.04732138832243232,13,0.21821254525,0.3523352851666666,0.32726927899999997,30.844013768333337,9.286730272666667,26.024918365,0.0753901379338044,0.09841746881329078,0.11306659951100322,5.76725568471378,2.5510368865830744,7.593246300971274,64.96437788
Field_20,2023-10-13,dataset1_field_satellite,382,ok,19.08367827,74.52220393,0.47971789,0.52149666,-0.52149666,0.719461783,19.53517345,39.04695451,10.11712339,Sugarcane,2023,10,286,-0.8660254037844386,0.5000000000000001,-0.9778483415056568,0.20931464596304888,14,0.24052313484615384,0.36589710384615387,0.36072951076923077,29.92363278846154,11.668610552461539,25.943323904615383,0.10807841965537025,0.10615945407869182,0.16209056222338009,6.442187766115255,8.928553696142464,7.275929938216172,36.82740548
Field_20,2023-10-28,dataset1_field_satellite,383,ok,19.08367827,74.52220393,0.396825644,0.461846146,-0.461846146,0.595149591,23.42775749,24.07983275,2.340654918,Sugarcane,2023,10,301,-0.8660254037844386,0.5000000000000001,-0.8919813464595487,0.45207220393230374,15,0.2576084745,0.37701135785714285,0.38635324449999997,29.18159997857143,11.557790040857142,26.87929751928571,0.12193905943301674,0.11014668721845897,0.18287805673522392,6.783650641404398,8.588292698036815,7.818667799810471,34.16706882
Field_20,2023-11-27,dataset1_field_satellite,385,ok,19.08367827,74.52220393,0.392385116,0.520162134,-0.520162134,0.588489294,20.49523885,37.23729041,15.79471681,Sugarcane,2023,11,331,-0.5000000000000004,0.8660254037844384,-0.5524353131676203,0.8335557718385695,16,0.2668896191333333,0.38266701039999995,0.40027300093333334,28.798010479333335,10.943314366000001,26.692666534666667,0.1228785900211881,0.10837664164568922,0.18428752908790794,6.703583786434929,8.611271283370092,7.568850149779708,47.06187708
Field_20,2023-12-11,dataset1_field_satellite,384,ok,19.08367827,74.52220393,0.406041385,0.526034741,-0.526034741,0.608967092,20.0558881,15.82933363,9.447289666,Sugarcane,2023,12,345,-2.4492935982947064e-16,1.0,-0.33752289959411347,0.941317317512847,17,0.2747330876875,0.391260455625,0.41203651925,28.279087252500002,11.246527018750001,27.351705526875,0.12278785774627216,0.11019991003081385,0.18415171181163714,6.800784336275017,8.407223095609186,7.772878791617764,33.54110725
Field_20,2023-12-12,dataset1_field_satellite,386,ok,19.08367827,74.52220393,0.449563717,0.517085155,-0.517085155,0.67423517,20.06840494,22.51296334,9.857468744,Sugarcane,2023,12,346,-2.4492935982947064e-16,1.0,-0.32126966169236515,0.9469877530760751,18,0.2824571051764706,0.3991883547647059,0.42362067058823527,27.79536965529412,11.140689527411766,26.673918944705882,0.12308038823950607,0.1115952322064139,0.1845904540078396,6.880240330078132,8.151946972096457,8.028153647092324,35.59634773
Field_20,2023-12-27,dataset1_field_satellite,387,ok,19.08367827,74.52220393,0.43840731,0.533653239,-0.533653239,0.657501421,19.33630518,17.41447003,9.719174422,Sugarcane,2023,12,361,-2.4492935982947064e-16,1.0,-0.06880242680232064,0.9976303053065857,19,0.29174080583333334,0.40573817700000003,0.43754369833333334,27.36609383777778,11.069399483888889,26.442754744444446,0.1257340244700011,0.11177271740175256,0.1885699255635771,6.918824690273123,7.914331771752999,7.849959547557055,34.82432846
Field_21,2023-01-01,dataset1_field_satellite,388,ok,15.12004379,75.54430611,0.363643837,0.438325131,-0.438325131,0.5453871,24.96772495,19.0458298,9.275127347,Sugarcane,2023,1,1,0.49999999999999994,0.8660254037844387,0.017213356155834685,0.9998518392091162,1,,,,,,,,,,,,,33.25942455
Field_21,2023-01-04,dataset1_field_satellite,394,ok,15.12004379,75.54430611,0.23610089,0.382047021,-0.382047021,0.354112188,29.14411128,21.4132853,3.926806121,Sugarcane,2023,1,4,0.49999999999999994,0.8660254037844387,0.06880242680231986,0.9976303053065857,2,0.363643837,0.438325131,0.5453871,24.96772495,9.275127347,19.0458298,,,,,,,29.22197245
Field_21,2023-01-05,dataset1_field_satellite,396,ok,15.12004379,75.54430611,0.231093152,0.369513944,-0.369513944,0.346603279,29.83524837,25.04088391,8.252501987,Sugarcane,2023,1,5,0.49999999999999994,0.8660254037844387,0.08596479873744647,0.9962981749346078,3,0.2998723635,0.410186076,0.449749644,27.055918115,6.600966734,20.22955755,0.09018648271621643,0.03979463321336247,0.13525178734606016,2.953151094797798,3.7818342068685493,1.6740438382073872,29.22197245
Field_21,2023-01-16,dataset1_field_satellite,389,ok,15.12004379,75.54430611,0.360579818,0.461163674,-0.461163674,0.540791391,23.83278154,22.94869407,16.24629011,Sugarcane,2023,1,16,0.49999999999999994,0.8660254037844387,0.2719581575341055,0.9623090774541486,4,0.2769459596666667,0.39662869866666667,0.4153675223333333,27.982361533333332,7.151478485000001,21.833333003333333,0.07512430239641796,0.03664988208395994,0.11266283265148427,2.633522909805831,2.8390710713343887,3.01951958103664,47.00971362
Field_21,2023-01-31,dataset1_field_satellite,390,ok,15.12004379,75.54430611,0.309996086,0.41222475,-0.41222475,0.464927798,26.8484222,22.75030962,15.73638859,Sugarcane,2023,1,31,0.49999999999999994,0.8660254037844387,0.5086709438521044,0.8609610158889943,5,0.29785442424999997,0.4127624425,0.44672348949999996,26.944966535,9.42518139125,22.11217327,0.07423675710384747,0.04400757508464421,0.1113316185181275,2.988039849340954,5.104160001634352,2.527714364948713,45.53870394
Field_21,2023-02-03,dataset1_field_satellite,392,ok,15.12004379,75.54430611,0.273436571,0.408326123,-0.408326123,0.410105438,27.42088084,24.52984635,8.539439186,Sugarcane,2023,2,34,0.8660254037844386,0.5000000000000001,0.5524353131676196,0.8335557718385699,6,0.30028275660000003,0.41265490399999993,0.4503643512,26.925657668000003,10.687422831000001,22.239800539999997,0.06451981144564838,0.038112436569548526,0.09675911497627518,2.5880785860675197,5.24457855817069,2.207588850604732,30.24437634
Field_21,2023-02-15,dataset1_field_satellite,391,ok,15.12004379,75.54430611,0.296281712,0.419870851,-0.419870851,0.444365514,26.59804206,19.28232663,8.716305393,Sugarcane,2023,2,46,0.8660254037844386,0.5000000000000001,0.7116566222817746,0.7025274741691571,7,0.29580839233333334,0.41193344049999997,0.44365453233333335,27.008194863333333,10.329425556833334,22.621474841666668,0.058739803104288286,0.03413457652447561,0.08809081155338784,2.3236598171440583,4.772154198276034,2.1846762831064654,30.94336675
Field_21,2023-03-17,dataset1_field_satellite,393,ok,15.12004379,75.54430611,0.200465328,0.326580756,-0.326580756,0.300665269,32.34040269,25.41476394,8.07939889,Sugarcane,2023,3,76,1.0,6.123233995736766e-17,0.9657399376548549,0.2595117970697999,8,0.29587600942857145,0.4130673562857143,0.44375610114285713,26.949601605714285,10.098979819142857,22.14445366857143,0.05362215706630151,0.031304548931713506,0.08041598999581416,2.126858711114551,4.398819888285297,2.3601242443371495,28.7107705
Field_21,2023-04-16,dataset1_field_satellite,395,ok,15.12004379,75.54430611,0.23389849,0.389618117,-0.389618117,0.350808263,28.77999086,29.23901369,8.229923322,Sugarcane,2023,4,106,0.8660254037844387,-0.4999999999999998,0.9679377830240642,-0.25119006388481935,9,0.28394967425,0.40225653125,0.425869747125,27.62345174125,9.846532203,22.5532424525,0.06002060686010854,0.04213039152147018,0.09001269882233262,2.740419992610807,4.134637092308163,2.4721067303800623,29.01331859
Field_21,2023-05-16,dataset1_field_satellite,397,ok,15.12004379,75.54430611,0.253283924,0.397071376,-0.397071376,0.379884012,28.20141388,35.75845344,8.38609242,Sugarcane,2023,5,136,0.49999999999999994,-0.8660254037844387,0.717676913675962,-0.6963762255968722,10,0.2783884315555556,0.400852263,0.41752958222222225,27.751956087777778,9.666908994,23.296105923333332,0.05857056320911,0.03963390439251404,0.08783806328164175,2.5922546793481094,3.9049585624379297,3.211543702377179,29.64971285
Field_21,2023-05-31,dataset1_field_satellite,398,ok,15.12004379,75.54430611,0.240378601,0.391960582,-0.391960582,0.360525378,28.5941938,28.1530432,9.515025661,Sugarcane,2023,5,151,0.49999999999999994,-0.8660254037844387,0.5160623910158528,-0.8565509959010036,11,0.2758779808,0.40047417430000004,0.4137650252,27.796901866999995,9.538827336599999,24.542340675,0.05578858870444649,0.0373863263997468,0.08366578548684592,2.4481304807525563,3.7038426439677816,4.969811070428456,29.2845686
Field_21,2023-10-13,dataset1_field_satellite,399,ok,15.12004379,75.54430611,0.416765484,0.474829631,-0.474829631,0.625067446,22.56112094,32.88779527,16.60660797,Sugarcane,2023,10,286,-0.8660254037844386,0.5000000000000001,-0.9778483415056568,0.20931464596304888,12,0.27265076445454545,0.3997002113636363,0.4089250572727273,27.86938295181818,9.536663547909091,24.870586359090908,0.05399716793883327,0.03556055211040845,0.0809792904385136,2.334908381485534,3.513780983491047,4.838834300587829,49.15884833
Field_21,2023-10-28,dataset1_field_satellite,400,ok,15.12004379,75.54430611,0.316637512,0.408156853,-0.408156853,0.474898536,26.98831877,35.45159399,8.92609882,Sugarcane,2023,10,301,-0.8660254037844386,0.5000000000000001,-0.8919813464595487,0.45207220393230374,13,0.28466032441666667,0.4059609963333333,0.42693692299999997,27.42702778416667,10.125825583083333,25.538687101666667,0.06619203431751729,0.04024875968458946,0.09927045670575238,2.7026498773215817,3.922955046744964,5.161593388408183,31.91360718
Field_21,2023-11-27,dataset1_field_satellite,402,ok,15.12004379,75.54430611,0.309959638,0.405103692,-0.405103692,0.464874028,27.21242677,39.04941626,8.873415269,Sugarcane,2023,11,331,-0.5000000000000004,0.8660254037844384,-0.5524353131676203,0.8335557718385695,14,0.2871201080769231,0.4061299083846154,0.43062627784615387,27.393280936923077,10.033538908999999,26.30121840076923,0.06399161601349723,0.03854006583789656,0.09597058066254213,2.590449454346285,3.7706538425040232,5.655154953588603,31.70495333
Field_21,2023-12-11,dataset1_field_satellite,401,ok,15.12004379,75.54430611,0.309541415,0.402692298,-0.402692298,0.464243331,27.33983437,19.19531253,15.02986454,Sugarcane,2023,12,345,-2.4492935982947064e-16,1.0,-0.33752289959411347,0.941317317512847,15,0.28875150307142855,0.40605660721428566,0.4330725457142857,27.380362782142857,9.950672934714285,27.211803962142856,0.06178343496722443,0.037029113280767516,0.09265874422280318,2.489292646421222,3.635971110195064,6.413192858614059,45.27788662
Field_21,2023-12-12,dataset1_field_satellite,403,ok,15.12004379,75.54430611,0.318919589,0.405671385,-0.405671385,0.47831446,27.09193104,17.4063703,8.952440596,Sugarcane,2023,12,346,-2.4492935982947064e-16,1.0,-0.32126966169236515,0.9469877530760751,16,0.2901374972,0.40583231993333335,0.43515059806666667,27.377660887999998,10.2892857084,26.6773712,0.0597775116665788,0.035692718344424904,0.0896501935237927,2.3987652401445367,3.7411039727590394,6.517325336395753,32.03879949
Field_21,2023-12-27,dataset1_field_satellite,404,ok,15.12004379,75.54430611,0.316434607,0.420373025,-0.420373025,0.47458878,26.36657986,22.3654261,8.895053156,Sugarcane,2023,12,361,-2.4492935982947064e-16,1.0,-0.06880242680232064,0.9976303053065857,17,0.2919363779375,0.4058222615,0.4378483394375,27.3598027725,10.205732888875,26.09793364375,0.05819710523873797,0.034482465380442966,0.08727996135993879,2.3185280450028376,3.629669248164329,6.709381020373774,31.71538602
Field_22,2023-01-01,dataset1_field_satellite,405,ok,19.56094379,76.46332618,0.565630221,0.576748248,-0.576748248,0.84831061,15.83637407,20.18681704,7.932637569,Cotton,2023,1,1,0.49999999999999994,0.8660254037844387,0.017213356155834685,0.9998518392091162,1,,,,,,,,,,,,,38.89307864
Field_22,2023-01-04,dataset1_field_satellite,411,ok,19.56094379,76.46332618,0.245323566,0.368404917,-0.368404917,0.367934291,29.74654669,16.3123781,5.559996209,Cotton,2023,1,4,0.49999999999999994,0.8660254037844387,0.06880242680231986,0.9976303053065857,2,0.565630221,0.576748248,0.84831061,15.83637407,7.932637569,20.18681704,,,,,,,29.78533786
Field_22,2023-01-05,dataset1_field_satellite,413,ok,19.56094379,76.46332618,0.221249086,0.391265825,-0.391265825,0.331821105,28.82503847,16.63988235,12.39192387,Cotton,2023,1,5,0.49999999999999994,0.8660254037844387,0.08596479873744647,0.9962981749346078,3,0.40547689350000005,0.4725765825,0.6081224505,22.79146038,6.746316889,18.24959757,0.22649100780968004,0.14732098216509346,0.33967735268633215,9.835977387077444,1.6777107949796721,2.7396420477672185,40.58317487
Field_22,2023-01-16,dataset1_field_satellite,406,ok,19.56094379,76.46332618,0.530036598,0.557375033,-0.557375033,0.79493951,17.18916829,18.11118001,14.37790559,Cotton,2023,1,16,0.49999999999999994,0.8660254037844387,0.2719581575341055,0.9623090774541486,4,0.3440676243333334,0.4454729966666667,0.516022002,24.80265307666666,8.628185882666665,17.713025830000003,0.19225603586903228,0.11426088126790591,0.28833631371317225,7.778683292751121,3.4686668164826147,2.148615128739198,51.00543495
Field_22,2023-01-31,dataset1_field_satellite,407,ok,19.56094379,76.46332618,0.537120263,0.593419448,-0.593419448,0.805564718,15.27623834,20.08320107,7.638174149,Cotton,2023,1,31,0.49999999999999994,0.8660254037844387,0.5086709438521044,0.8609610158889943,5,0.39055986775,0.47344850575,0.585751379,22.89928188,10.065615809499999,17.812564375,0.18244918108076402,0.1087851817082593,0.2736310726830924,7.404721252585055,4.0355815979942,1.7655961227663333,37.52639589
Field_22,2023-02-03,dataset1_field_satellite,409,ok,19.56094379,76.46332618,0.325129948,0.425362037,-0.425362037,0.487630929,26.02301468,21.03066124,6.138574494,Cotton,2023,2,34,0.8660254037844386,0.5000000000000001,0.5524353131676196,0.8335557718385699,6,0.4198719468,0.4974426942,0.6297140468,21.374673171999998,9.5801274774,18.266691714,0.17106071334163292,0.10841709835789191,0.2565522437121543,7.262546466902002,3.6596357371435566,1.8355259332631988,31.97620334
Field_22,2023-02-15,dataset1_field_satellite,408,ok,19.56094379,76.46332618,0.427619809,0.518697738,-0.518697738,0.641339736,20.21016981,22.60181626,6.83569077,Cotton,2023,2,46,0.8660254037844386,0.5000000000000001,0.7116566222817746,0.7025274741691571,7,0.4040816136666667,0.48542925133333337,0.6060335271666667,22.149396756666665,9.0065353135,18.727353301666668,0.15781451720905942,0.10133780454568686,0.23668511795974964,6.767336606299499,3.5620773160878354,1.9921292506900332,34.46961691
Field_22,2023-03-17,dataset1_field_satellite,410,ok,19.56094379,76.46332618,0.307065301,0.425619274,-0.425619274,0.460531804,26.19437098,26.82373681,13.19722958,Cotton,2023,3,76,1.0,6.123233995736766e-17,0.9657399376548549,0.2595117970697999,8,0.40744421300000006,0.4901818922857143,0.6110772712857143,21.872364335714284,8.696414664428572,19.28084801,0.144338725647495,0.09335901329780072,0.21647466295816895,6.221034160138664,3.3536377349111,2.334875557986629,43.80687694
Field_22,2023-04-16,dataset1_field_satellite,412,ok,19.56094379,76.46332618,0.232799698,0.401201511,-0.401201511,0.349143665,28.19971394,23.52972744,5.370899891,Cotton,2023,4,106,0.8660254037844387,-0.4999999999999998,0.9679377830240642,-0.25119006388481935,9,0.394896849,0.482111565,0.592259087875,22.41261516625,9.259016528875,20.22370911,0.13826395127579752,0.08939696575511794,0.20736393946129622,5.958815436977945,3.4888902120735716,3.4328900412193306,28.79423204
Field_22,2023-05-16,dataset1_field_satellite,414,ok,19.56094379,76.46332618,0.187764009,0.367652513,-0.367652513,0.281589613,30.37281625,20.95644644,5.047272362,Cotton,2023,5,136,0.49999999999999994,-0.8660254037844387,0.717676913675962,-0.6963762255968722,10,0.37688605444444445,0.4731215590000001,0.5652462631111111,23.055626141111112,8.827003569111112,20.59104448,0.14016705632672202,0.08786479483481616,0.21021908162870404,5.898323004006932,3.511485059707719,3.3950051174029663,27.57360699
Field_22,2023-05-31,dataset1_field_satellite,415,ok,19.56094379,76.46332618,0.170391995,0.371291417,-0.371291417,0.255537665,30.36441611,30.94539802,4.882636265,Cotton,2023,5,151,0.49999999999999994,-0.8660254037844387,0.5160623910158528,-0.8565509959010036,11,0.35797384990000003,0.4625746544,0.5368805981,23.787345152,8.4490304484,20.627584676,0.145053577343059,0.08930168908981746,0.2175498624539409,6.02318537041506,3.5198161220061994,3.2029265213529206,26.85375119
Field_22,2023-06-15,dataset1_field_satellite,416,ok,19.56094379,76.46332618,0.104372942,0.255738588,-0.255738588,0.156532387,36.93929285,38.8053603,4.564653402,Cotton,2023,6,166,1.2246467991473532e-16,-1.0,0.2802306751992159,-0.9599326896597447,12,0.340920954,0.4542761782727273,0.5113039678181818,24.38526069363636,8.124812795363637,21.565567707272727,0.14877936723334834,0.08907763059965755,0.22313886387327678,6.04842283161298,3.508059710353541,4.348654769877536,26.96851081
Field_22,2023-09-28,dataset1_field_satellite,417,ok,19.56094379,76.46332618,0.721871,0.653125866,-0.653125866,1.082669339,10.34053168,28.30900432,10.08419617,Cotton,2023,9,271,-1.0,-1.8369701987210297e-16,-0.9988797155850335,-0.04732138832243232,13,0.32120861966666664,0.4377313790833333,0.4817396694166667,25.43143004,7.828132845916667,23.00221709,0.1574354267704347,0.10246092511124928,0.236120891105905,6.811115696001734,3.499134130705724,6.4775900002824605,54.53168511
Field_22,2023-10-13,dataset1_field_satellite,418,ok,19.56094379,76.46332618,0.655925131,0.636431628,-0.636431628,0.983758739,11.86650927,29.06293296,8.598708181,Cotton,2023,10,286,-0.8660254037844386,0.5000000000000001,-0.9778483415056568,0.20931464596304888,14,0.35202880276923076,0.45430018576923076,0.5279650286153846,24.270591704615388,8.001676178538462,23.410431492307694,0.18726694509809347,0.11485737833662348,0.28086504845729005,7.748770801701943,3.4080986058428224,6.374078874999477,41.43865568
Field_22,2023-10-28,dataset1_field_satellite,419,ok,19.56094379,76.46332618,0.548996417,0.575979383,-0.575979383,0.823376549,16.04551463,28.09715642,7.785876248,Cotton,2023,10,301,-0.8660254037844386,0.5000000000000001,-0.8919813464595487,0.45207220393230374,15,0.37373568335714286,0.46730957450000005,0.5605217222142856,23.384585816428572,8.044321321571429,23.81418159714286,0.1974029930644809,0.12061032352081114,0.29606793341963666,8.149528340376577,3.2782807405781895,6.3075970850705545,38.25668439
Field_22,2023-11-27,dataset1_field_satellite,421,ok,19.56094379,76.46332618,0.564626201,0.617397311,-0.617397311,0.846817894,13.77090919,20.83046349,15.3224464,Cotton,2023,11,331,-0.5000000000000004,0.8660254037844384,-0.5524353131676203,0.8335557718385695,16,0.38541973226666665,0.4745542284,0.5780453773333334,22.895314403999997,8.02709165,24.099713252,0.19553074502379267,0.11956196957011646,0.2932596799310231,8.078471064555211,3.1597350806098663,6.177933665665149,51.92351191
Field_22,2023-12-11,dataset1_field_satellite,420,ok,19.56094379,76.46332618,0.540572524,0.592279291,-0.592279291,0.810742634,15.29920224,23.55099548,14.7617429,Cotton,2023,12,345,-2.4492935982947064e-16,1.0,-0.33752289959411347,0.941317317512847,17,0.3966201365625,0.4834819210625,0.594843659625,22.325039078125,8.483051321875,23.895385141875,0.1941407710962093,0.12090210669547212,0.29117475936094583,8.131072392267507,3.5559412657807754,6.024151921855693,51.0784638
Field_22,2023-12-12,dataset1_field_satellite,422,ok,19.56094379,76.46332618,0.603039437,0.576204646,-0.576204646,0.904415618,15.48207715,16.52534805,8.26755443,Cotton,2023,12,346,-2.4492935982947064e-16,1.0,-0.32126966169236515,0.9469877530760751,18,0.40508792405882355,0.4898817663529412,0.6075435992941176,21.91175455823529,8.852386120588235,23.875126926470585,0.19119082689979008,0.12000009698453377,0.2867502801350594,8.055176082013622,3.7647526722238616,5.833458039529478,40.34322294
Field_22,2023-12-27,dataset1_field_satellite,423,ok,19.56094379,76.46332618,0.615764941,0.599074414,-0.599074414,0.923507027,14.18428286,23.57544563,5.09713358,Cotton,2023,12,361,-2.4492935982947064e-16,1.0,-0.06880242680232064,0.9976303053065857,19,0.41608523033333333,0.4946774818888888,0.6240364892222222,21.554550257777777,8.819895471111112,23.466805877777777,0.19126064518015448,0.1181818220311621,0.28685395838339844,7.960260971738465,3.6549469254464806,5.918494956230451,40.47884795
Field_23,2023-01-01,dataset1_field_satellite,424,ok,22.45065439,73.24685881,0.384810338,0.444266812,-0.444266812,0.577116142,24.44814592,5.73800047,6.627778899,Cotton,2023,1,1,0.49999999999999994,0.8660254037844387,0.017213356155834685,0.9998518392091162,1,,,,,,,,,,,,,33.97928035
Field_23,2023-01-04,dataset1_field_satellite,430,ok,22.45065439,73.24685881,0.319081944,0.418475515,-0.418475515,0.47855301,26.43643807,7.235692072,6.100943386,Cotton,2023,1,4,0.49999999999999994,0.8660254037844387,0.06880242680231986,0.9976303053065857,2,0.384810338,0.444266812,0.577116142,24.44814592,6.627778899,5.73800047,,,,,,,31.85101103
Field_23,2023-01-05,dataset1_field_satellite,432,ok,22.45065439,73.24685881,0.221096798,0.327150344,-0.327150344,0.331594159,32.10061044,7.327138057,5.440517441,Cotton,2023,1,5,0.49999999999999994,0.8660254037844387,0.08596479873744647,0.9962981749346078,3,0.351946141,0.43137116350000004,0.527834576,25.442291995,6.3643611425,6.486846271,0.04647699311390116,0.018237201004296273,0.06969465901218486,1.4059348622449799,0.37252896381219347,1.0590278879003436,29.49322246
Field_23,2023-01-16,dataset1_field_satellite,425,ok,22.45065439,73.24685881,0.390231672,0.465944497,-0.465944497,0.585250212,23.2858212,11.70963392,6.624956566,Cotton,2023,1,16,0.49999999999999994,0.8660254037844387,0.2719581575341055,0.9623090774541486,4,0.3083296933333333,0.3966308903333333,0.4624211036666667,27.66173147666667,6.0564132420000005,6.766943533,0.08238470104110363,0.06153826036962223,0.12355338860397017,3.9706499791319168,0.5948820410018837,0.8922631126607338,33.85408804
Field_23,2023-01-31,dataset1_field_satellite,426,ok,22.45065439,73.24685881,0.414219373,0.494702529,-0.494702529,0.621222441,21.57232699,5.533169338,14.24901905,Cotton,2023,1,31,0.49999999999999994,0.8660254037844387,0.5086709438521044,0.8609610158889943,5,0.328805188,0.41395929200000003,0.49312838075000004,26.5677539075,6.198549073,8.002616129749999,0.07875156826671323,0.06103877737551997,0.1181046457758523,3.911247268056499,0.5627907896847225,2.57649038556565,47.44788672
Field_23,2023-02-03,dataset1_field_satellite,428,ok,22.45065439,73.24685881,0.356681076,0.416403742,-0.416403742,0.534939819,26.15823665,5.515439761,6.441504914,Cotton,2023,2,34,0.8660254037844386,0.5000000000000001,0.5524353131676196,0.8335557718385699,6,0.345888025,0.43010793940000003,0.5187471928,25.568668524,7.808643068399999,7.508726771400001,0.07816951917590988,0.06401713303383204,0.11723117405215126,4.057616222799573,3.633120349621127,2.4896506826543052,33.3324534
Field_23,2023-02-15,dataset1_field_satellite,427,ok,22.45065439,73.24685881,0.406712299,0.483962067,-0.483962067,0.609968648,22.19745074,12.29883337,6.730323668,Cotton,2023,2,46,0.8660254037844386,0.5000000000000001,0.7116566222817746,0.7025274741691571,7,0.34768686683333333,0.4278239065,0.5214459638333334,25.666929878333335,7.580786709333334,7.1765122696666666,0.07005564912412456,0.05753134358961882,0.10506292745901753,3.637214771188738,3.2971445073074395,2.3708410466086502,34.20879959
Field_23,2023-03-17,dataset1_field_satellite,429,ok,22.45065439,73.24685881,0.382845491,0.463696775,-0.463696775,0.574174002,23.47603381,16.36321086,13.32799768,Cotton,2023,3,76,1.0,6.123233995736766e-17,0.9657399376548549,0.2595117970697999,8,0.35611907142857147,0.4358436437142857,0.5340920615714285,25.17129000142857,7.459291989142857,7.908272426857143,0.06773140211295688,0.05664297138738726,0.10157746857067199,3.569881644561221,3.0269833752922204,2.903856610979672,46.20639628
Field_23,2023-04-16,dataset1_field_satellite,431,ok,22.45065439,73.24685881,0.272996576,0.389137759,-0.389137759,0.409441142,28.4052162,24.88447114,5.758500304,Cotton,2023,4,106,0.8660254037844387,-0.4999999999999998,0.9679377830240642,-0.25119006388481935,9,0.359459873875,0.439325285125,0.539102304125,24.9593829775,8.1928802005,8.965139731,0.0634150396856657,0.053357794386669995,0.09510417929250739,3.3589748988409625,3.486960676187267,4.020386179434023,30.52605904
Field_23,2023-05-16,dataset1_field_satellite,433,ok,22.45065439,73.24685881,0.210639752,0.336673316,-0.336673316,0.315917773,31.72112237,20.17004148,12.07111867,Cotton,2023,5,136,0.49999999999999994,-0.8660254037844387,0.717676913675962,-0.6963762255968722,10,0.34985284077777773,0.43374889333333333,0.5246955083333333,25.342253335555554,7.922393545333334,10.733954332,0.0659502813900202,0.052640647344152115,0.09890503621597727,3.3453969457093575,3.3611754176516997,6.503953623543773,40.85442489
Field_23,2023-05-31,dataset1_field_satellite,434,ok,22.45065439,73.24685881,0.216955724,0.346892801,-0.346892801,0.325392014,31.13476655,10.2088425,5.356788226,Cotton,2023,5,151,0.49999999999999994,-0.8660254037844387,0.5160623910158528,-0.8565509959010036,11,0.33593153189999997,0.4240413356,0.5038177348,25.980140239,8.337266057799999,11.6775630468,0.07618528044017081,0.058356760025087724,0.1142545783205664,3.7439494734486343,3.4297834342037308,6.81947430766275,29.02375128
Field_23,2023-06-15,dataset1_field_satellite,435,ok,22.45065439,73.24685881,0.103368602,0.147526404,-0.147526404,0.155013056,42.47533713,31.03928365,12.05982934,Cotton,2023,6,166,1.2246467991473532e-16,-1.0,0.2802306751992159,-0.9599326896597447,12,0.32511554936363635,0.4170278324545455,0.4875972147272727,26.44874263090909,8.066313527636364,11.544042997090909,0.08068839768311725,0.060050327115240755,0.12100766829509867,3.876972028851228,3.3755949067693742,6.4846596279220865,40.57274218
Field_23,2023-09-28,dataset1_field_satellite,436,ok,22.45065439,73.24685881,0.475664935,0.448658765,-0.448658765,0.713378193,23.29598706,14.99271092,14.64226413,Cotton,2023,9,271,-1.0,-1.8369701987210297e-16,-0.9988797155850335,-0.04732138832243232,13,0.30663663708333333,0.39456938008333337,0.4598818681666667,27.7842921725,8.399106512000001,13.168646384833332,0.10008189441335373,0.09659609102320418,0.1500978757280486,5.921889604960372,3.418739324322663,8.360624590659237,50.75505032
Field_23,2023-10-13,dataset1_field_satellite,437,ok,22.45065439,73.24685881,0.401219367,0.34657387,-0.34657387,0.601729151,29.26919118,16.0388477,7.004089979,Cotton,2023,10,286,-0.8660254037844386,0.5000000000000001,-0.9778483415056568,0.20931464596304888,14,0.31963881384615384,0.39873010200000003,0.4793815854615385,27.43903793307692,8.879349405692308,13.308959041384615,0.10667437648134187,0.09369252170529947,0.15998447198433247,5.804824271254137,3.702975708887357,8.020659527604831,36.14928045
Field_23,2023-10-28,dataset1_field_satellite,438,ok,22.45065439,73.24685881,0.431782344,0.46273387,-0.46273387,0.647562546,23.02541807,13.79485969,7.004089979,Cotton,2023,10,301,-0.8660254037844386,0.5000000000000001,-0.8919813464595487,0.45207220393230374,15,0.3254659962142857,0.39500465685714287,0.48812069728571433,27.569763165,8.745402303785713,13.50395108842857,0.10478295261530772,0.09108974055091953,0.15714767504822183,5.598502763729011,3.5928321971476205,7.740461805959788,35.50245349
Field_23,2023-11-27,dataset1_field_satellite,440,ok,22.45065439,73.24685881,0.443547745,0.513613224,-0.513613224,0.665204707,20.30713732,23.85920826,14.14271117,Cotton,2023,11,331,-0.5000000000000004,0.8660254037844384,-0.5524353131676203,0.8335557718385695,16,0.3325537527333333,0.39951993773333333,0.49875015386666666,27.266806825333333,8.629314815466667,13.5233449952,0.10463634116158044,0.08950134106310804,0.15692742088602016,5.5209753649639595,3.4912112674694096,7.459273818370371,48.21990598
Field_23,2023-12-11,dataset1_field_satellite,439,ok,22.45065439,73.24685881,0.407540662,0.469187746,-0.469187746,0.61121345,22.94343219,11.7633842,6.772658664,Cotton,2023,12,345,-2.4492935982947064e-16,1.0,-0.33752289959411347,0.941317317512847,17,0.33949087725,0.406650768125,0.5091535634375,26.83182748125,8.973902087625,14.16933644925,0.10482759867448845,0.09104964170797494,0.1572137481966882,5.610383545264055,3.643601503544903,7.65560323185274,34.46961691
Field_23,2023-12-12,dataset1_field_satellite,441,ok,22.45065439,73.24685881,0.44449363,0.4547221,-0.4547221,0.666627978,23.30471528,14.66731643,7.136739634,Cotton,2023,12,346,-2.4492935982947064e-16,1.0,-0.32126966169236515,0.9469877530760751,18,0.34349380576470584,0.41032941388235294,0.5151570861764706,26.60309834647059,8.844417180352941,14.027809846352941,0.10283200998431256,0.08945368251246698,0.15422101448210027,5.5134850680224945,3.5680695372198565,7.435438843094661,36.12841506
Field_23,2023-12-27,dataset1_field_satellite,442,ok,22.45065439,73.24685881,0.478100637,0.490244987,-0.490244987,0.717032922,21.14753728,7.115610857,7.353118506,Cotton,2023,12,361,-2.4492935982947064e-16,1.0,-0.06880242680232064,0.9976303053065857,19,0.3491049071111111,0.41279567422222224,0.5235721357222222,26.41985484277778,8.749546205555555,14.063337989888888,0.1025627499988141,0.08741133581765198,0.1538170679997341,5.405069543593915,3.4848586529512553,7.215009929548611,36.86913625
Field_24,2023-01-01,dataset1_field_satellite,443,ok,16.083924,78.06899943,0.367600897,0.370556306,-0.370556306,0.551327498,28.3878844,24.26072359,6.64753523,Cotton,2023,1,1,0.49999999999999994,0.8660254037844387,0.017213356155834685,0.9998518392091162,1,,,,,,,,,,,,,34.46961691
Field_24,2023-01-04,dataset1_field_satellite,449,ok,16.083924,78.06899943,0.369777203,0.457280898,-0.457280898,0.554602925,23.93712135,20.63228952,6.463142801,Cotton,2023,1,4,0.49999999999999994,0.8660254037844387,0.06880242680231986,0.9976303053065857,2,0.367600897,0.370556306,0.551327498,28.3878844,6.64753523,24.26072359,,,,,,,33.19682839
Field_24,2023-01-05,dataset1_field_satellite,451,ok,16.083924,78.06899943,0.293830862,0.395184619,-0.395184619,0.440704635,27.88365914,23.74398529,12.76917573,Cotton,2023,1,5,0.49999999999999994,0.8660254037844387,0.08596479873744647,0.9962981749346078,3,0.36868904999999996,0.41391860199999997,0.5529652115,26.162502875,6.5553390154999995,22.446506555,0.001538880730537002,0.061323547098836625,0.0023160766429814687,3.1471647341095204,0.13038513694535858,2.5656903359853036,43.53562693
Field_24,2023-01-16,dataset1_field_satellite,444,ok,16.083924,78.06899943,0.405819371,0.445935251,-0.445935251,0.608646088,24.14838554,22.34670993,13.90657597,Cotton,2023,1,16,0.49999999999999994,0.8660254037844387,0.2719581575341055,0.9623090774541486,4,0.34373632066666665,0.40767394100000004,0.5155450193333334,26.73622163,8.626617920333333,22.87899946666667,0.04323309126698191,0.04469089490496223,0.064834361652436,2.4371669128985753,3.5887447731471314,1.9627872543935894,47.69827134
Field_24,2023-01-31,dataset1_field_satellite,445,ok,16.083924,78.06899943,0.390798477,0.435280477,-0.435280477,0.58611815,24.84587135,16.4428934,13.89058274,Cotton,2023,1,31,0.49999999999999994,0.8660254037844387,0.5086709438521044,0.8609610158889943,5,0.35925708325,0.4172392685,0.5388202865,26.0892626075,9.94660743275,22.7459270825,0.04700684069018315,0.04120072028901045,0.07049313357085275,2.3736214837378076,3.9440523089947983,1.6245580655625969,47.27053094
Field_24,2023-02-03,dataset1_field_satellite,447,ok,16.083924,78.06899943,0.39911732,0.483128975,-0.483128975,0.598608104,22.31755865,22.43256267,6.664469229,Cotton,2023,2,34,0.8660254037844386,0.5000000000000001,0.5524353131676196,0.8335557718385699,6,0.365565362,0.42084751019999994,0.5482798592,25.840584356,10.735402494199999,21.485320346,0.04308368841792333,0.036581710663636996,0.06460943420903399,2.129498432704692,3.8441708737912452,3.150402895160279,33.92711689
Field_24,2023-02-15,dataset1_field_satellite,446,ok,16.083924,78.06899943,0.382053239,0.450768713,-0.450768713,0.573009781,24.14428837,23.86338948,6.588266235,Cotton,2023,2,46,0.8660254037844386,0.5000000000000001,0.7116566222817746,0.7025274741691571,7,0.371157355,0.4312277543333333,0.5566679,25.253413405,10.056913616666668,21.643194066666666,0.04089725761498507,0.0414375922764348,0.061332361456444676,2.386719341293161,3.818926905184572,2.844217887492137,33.77062649
Field_24,2023-03-17,dataset1_field_satellite,448,ok,16.083924,78.06899943,0.386033927,0.439706933,-0.439706933,0.578979696,24.66849694,23.95343041,13.508627,Cotton,2023,3,76,1.0,6.123233995736766e-17,0.9657399376548549,0.2595117970697999,8,0.37271390985714287,0.4340193198571428,0.5590024544285714,25.09496697142857,9.561392562142856,21.96036484,0.037560370625413744,0.038541470019181,0.05632820322756965,2.2187296480793357,3.7245523307220285,2.728643238401321,46.81149246
Field_24,2023-04-16,dataset1_field_satellite,450,ok,16.083924,78.06899943,0.316928292,0.426904793,-0.426904793,0.475345373,26.02799729,34.57774511,6.062371501,Cotton,2023,4,106,0.8660254037844387,-0.4999999999999998,0.9679377830240642,-0.25119006388481935,9,0.374378912,0.4347302715,0.561499609625,25.0416582175,10.054796866875,22.20949803625,0.03509158150715052,0.03573908383347188,0.05262590722839456,2.0596709033012623,3.7199619358594265,2.6226686274362656,31.63192448
Field_24,2023-05-16,dataset1_field_satellite,452,ok,16.083924,78.06899943,0.334903484,0.409535857,-0.409535857,0.502305762,26.73135272,21.35169434,6.263697929,Cotton,2023,5,136,0.49999999999999994,-0.8660254037844387,0.717676913675962,-0.6963762255968722,10,0.3679955097777778,0.4338607738888889,0.5519269166666666,25.151251447777778,9.611194048444444,23.583747711111112,0.03800292253846945,0.03353246313589998,0.05699147657264956,1.9544973231683052,3.725507126337088,4.797463017874547,32.6021649
Field_24,2023-05-31,dataset1_field_satellite,453,ok,16.083924,78.06899943,0.276980473,0.38465327,-0.38465327,0.41542925,28.59352676,28.63505288,5.804598411,Cotton,2023,5,151,0.49999999999999994,-0.8660254037844387,0.5160623910158528,-0.8565509959010036,11,0.3646863072,0.4314282822,0.5469648012,25.309261575,9.2764444365,23.360542373999998,0.03732641442551653,0.03253705596046545,0.055976443762686505,1.909261821216864,3.668490213665463,4.577833879920493,30.75557828
Field_24,2023-06-15,dataset1_field_satellite,454,ok,16.083924,78.06899943,0.285212077,0.383608027,-0.383608027,0.427773562,28.56283309,38.19664287,5.879860627,Cotton,2023,6,166,1.2246467991473532e-16,-1.0,0.2802306751992159,-0.9599326896597447,12,0.3567130495454545,0.4271760083636364,0.5350070238181819,25.60783113727273,8.960822070545454,23.840043329090907,0.044195433093955676,0.03393661989784287,0.06627894740964005,2.0642999419739634,3.6342579242235327,4.624936708128789,31.08942445
Field_24,2023-08-29,dataset1_field_satellite,455,ok,16.083924,78.06899943,0.328499772,0.391669097,-0.391669097,0.492682624,27.70910785,40.63164229,13.06740226,Cotton,2023,8,241,-0.8660254037844384,-0.5000000000000004,-0.8452490573530633,-0.5343725582809785,13,0.35075463516666666,0.42354534325,0.526070902,25.8540813,8.704075283583334,25.036426624166666,0.04692229525857018,0.034715636967956334,0.07036899675865603,2.1451363451737766,3.5774496129231586,6.051568917946115,45.09009815
Field_24,2023-09-28,dataset1_field_satellite,456,ok,16.083924,78.06899943,0.559383271,0.544071854,-0.544071854,0.838971638,17.56877287,28.30981436,9.483979997,Cotton,2023,9,271,-1.0,-1.8369701987210297e-16,-0.9988797155850335,-0.04732138832243232,14,0.3490427226153846,0.4210933243076923,0.5235025729230769,25.99677565,9.03971582023077,26.236058598461536,0.045346720085949796,0.034393390676088084,0.06800660370851659,2.1172728336758366,3.632649583502347,7.230367569957181,49.6387522
Field_24,2023-10-13,dataset1_field_satellite,457,ok,16.083924,78.06899943,0.603149852,0.551218977,-0.551218977,0.904619374,16.75682696,33.9383638,8.327764203,Cotton,2023,10,286,-0.8660254037844386,0.5000000000000001,-0.9778483415056568,0.20931464596304888,15,0.36406704749999996,0.429877505,0.5460360775714286,25.39477545142857,9.071448975714286,26.384184010000002,0.07112222514800401,0.04660663290989196,0.10666658519091972,3.035073215936386,3.492155921190767,6.968786835118479,40.73966526
Field_24,2023-10-28,dataset1_field_satellite,458,ok,16.083924,78.06899943,0.66031202,0.608306512,-0.608306512,0.990354331,13.25789788,21.43467626,8.704075283,Cotton,2023,10,301,-0.8660254037844386,0.5000000000000001,-0.8919813464595487,0.45207220393230374,16,0.3800059011333333,0.4379669364666667,0.5699416306666667,24.818912218666664,9.021869990866666,26.887795996,0.09223754403342675,0.05475953035831482,0.13833725187731158,3.6780388770676606,3.370599614077695,6.99281838851306,42.05418455
Field_24,2023-12-12,dataset1_field_satellite,459,ok,16.083924,78.06899943,0.522891387,0.506864233,-0.506864233,0.78424239,19.84144365,19.81100958,7.714377142,Cotton,2023,12,346,-2.4492935982947064e-16,1.0,-0.32126966169236515,0.9469877530760751,17,0.3975250335625,0.4486131599375,0.5962174244375,24.0963488225,9.002007821625,26.5469760125,0.11336357547508215,0.06791297574430885,0.17002370320762175,4.580357093009771,3.2572776567963024,6.8918846424998295,38.32971323
Field_24,2023-12-27,dataset1_field_satellite,460,ok,16.083924,78.06899943,0.374764604,0.432861308,-0.432861308,0.562073362,25.1331566,22.09836321,6.564746793,Cotton,2023,12,361,-2.4492935982947064e-16,1.0,-0.06880242680232064,0.9976303053065857,18,0.4048995249411765,0.4520396936470588,0.6072777165294118,23.846060282941178,8.926264840470587,26.15074269294118,0.1138973532256772,0.06725704998556485,0.17082422826943855,4.553393861434943,3.169269728411194,6.870113437576266,33.77062649
Field_25,2023-01-01,dataset1_field_satellite,461,ok,26.62920588,93.34137759,0.575673001,0.535196919,-0.535196919,0.863360793,17.85560088,14.0498349,14.96024699,Tea,2023,1,1,0.49999999999999994,0.8660254037844387,0.017213356155834685,0.9998518392091162,1,,,,,,,,,,,,,53.43625237
Field_25,2023-01-04,dataset1_field_satellite,467,ok,26.62920588,93.34137759,0.399818614,0.385720555,-0.385720555,0.59961965,27.28449607,9.086359843,8.065287225,Tea,2023,1,4,0.49999999999999994,0.8660254037844387,0.06880242680231986,0.9976303053065857,2,0.575673001,0.535196919,0.863360793,17.85560088,14.96024699,14.0498349,,,,,,,45.91428088
Field_25,2023-01-16,dataset1_field_satellite,462,ok,26.62920588,93.34137759,0.327036389,0.305440922,-0.305440922,0.4904875,32.12724071,5.075615022,13.26966946,Tea,2023,1,16,0.49999999999999994,0.8660254037844387,0.2719581575341055,0.9623090774541486,3,0.48774580749999996,0.460458737,0.7314902215,22.570048475,11.5127671075,11.5680973715,0.12434782954910338,0.10569575061150871,0.18649315069319097,6.6672357279462195,4.8754728058399035,3.5097068710549855,46.49851167
Field_25,2023-01-31,dataset1_field_satellite,463,ok,26.62920588,93.34137759,0.368510233,0.375610499,-0.375610499,0.552674191,28.12050825,10.03198564,6.64377212,Tea,2023,1,31,0.49999999999999994,0.8660254037844387,0.5086709438521044,0.8609610158889943,4,0.43417600133333334,0.40878613199999997,0.6511559809999999,25.755779220000004,12.098401224999998,9.403936588333334,0.1278294322720286,0.11660175886805138,0.19170450755752233,7.257593076558926,3.5936081448847785,4.495530763609006,34.42788614
Field_25,2023-02-03,dataset1_field_satellite,465,ok,26.62920588,93.34137759,0.392170325,0.41071004,-0.41071004,0.588152082,26.08653476,14.1953518,14.26877538,Tea,2023,2,34,0.8660254037844386,0.5000000000000001,0.5524353131676196,0.8335557718385699,5,0.41775955924999997,0.40049222375,0.6265355335,26.346961477500003,10.73474394875,9.56094885125,0.10941468877331406,0.09663920410640707,0.1640886281423826,6.042606282855814,4.005944458043956,3.6839936618469045,47.91735789
Field_25,2023-02-15,dataset1_field_satellite,464,ok,26.62920588,93.34137759,0.429244462,0.488632576,-0.488632576,0.643747285,21.72883598,5.86991056,13.85953708,Tea,2023,2,46,0.8660254037844386,0.5000000000000001,0.7116566222817746,0.7025274741691571,6,0.41264171239999997,0.402535787,0.6188588432000001,26.294876134000003,11.441550235,10.487829440999999,0.0954444465195391,0.08381666052476444,0.1431379274827165,5.234346418822887,3.812291814920836,3.804522981094037,47.9069252
Field_25,2023-03-17,dataset1_field_satellite,466,ok,26.62920588,93.34137759,0.200090982,0.169976385,-0.169976385,0.300084356,40.3411295,25.65826116,12.80680683,Tea,2023,3,76,1.0,6.123233995736766e-17,0.9657399376548549,0.2595117970697999,7,0.41540883733333334,0.4168852518333333,0.6230069168333333,25.533869441666667,11.8445480425,9.718176294166666,0.08563676651717402,0.08279872529959205,0.1284290158665216,5.039195675943921,3.549830771007086,3.8902071782259675,43.46259808
Field_25,2023-04-16,dataset1_field_satellite,468,ok,26.62920588,93.34137759,0.277241723,0.242931839,-0.242931839,0.41580603,35.82777431,21.34347796,13.46911434,Tea,2023,4,106,0.8660254037844387,-0.4999999999999998,0.9679377830240642,-0.25119006388481935,8,0.3846491437142857,0.38161255657142856,0.5768751224285714,27.649192307142858,11.982013583571428,11.995331275,0.1128472023447099,0.12009231994583228,0.16923949681459885,7.244541392903216,3.2608832408615505,6.993530597755265,45.66389625
Field_25,2023-08-29,dataset1_field_satellite,469,ok,26.62920588,93.34137759,0.407679294,0.284240205,-0.284240205,0.611412741,32.38624613,34.2326672,14.21515105,Tea,2023,8,241,-0.8660254037844384,-0.5000000000000004,-0.8452490573530633,-0.5343725582809785,9,0.371223216125,0.364277466875,0.556741485875,28.671515057500002,12.167901178125,13.163849610625,0.11116349364375815,0.1215150141268227,0.16671292248359365,7.303896544127317,3.064431714748371,7.2695174429077145,50.47336762
Field_25,2023-09-13,dataset1_field_satellite,470,ok,26.62920588,93.34137759,0.407679294,0.284240205,-0.284240205,0.611412741,32.38624613,16.53713963,18.23603494,Tea,2023,9,256,-1.0,-1.8369701987210297e-16,-0.9536809966304455,-0.300819807635668,10,0.37527389144444445,0.3553844377777778,0.5628160697777778,29.084262954444448,12.39537338611111,15.504829342777775,0.10469158879342759,0.11675587790204847,0.1570068591940177,6.943470967339689,2.946623740183988,9.775572787734635,52.69553118
Field_25,2023-09-28,dataset1_field_satellite,471,ok,26.62920588,93.34137759,0.619213699,0.505335943,-0.505335943,0.928658718,18.93575715,25.33534763,8.578951849,Tea,2023,9,271,-1.0,-1.8369701987210297e-16,-0.9988797155850335,-0.04732138832243232,11,0.3785144317,0.3482700145,0.5676757369,29.414461272,12.9794395415,15.608060371499999,0.0992346989134826,0.11235401979121826,0.14882305058926465,6.629120070624423,3.336044337203622,9.222277886259853,42.07504994
Field_25,2023-10-13,dataset1_field_satellite,472,ok,26.62920588,93.34137759,0.67097871,0.559010677,-0.559010677,1.006307484,15.66622112,26.89962201,8.915750266,Tea,2023,10,286,-0.8660254037844386,0.5000000000000001,-0.9778483415056568,0.20931464596304888,12,0.40039618327272725,0.36254873527272724,0.6004923715454545,28.46185180636364,12.57939520581818,16.492359213181818,0.11886839147730009,0.11663525934674111,0.17826866508730876,7.037955836313552,3.4317142674517207,9.227523900031665,43.23307884
Field_25,2023-10-28,dataset1_field_satellite,473,ok,26.62920588,93.34137759,0.671024519,0.559281514,-0.559281514,1.006374617,15.65192317,16.22979882,8.915750266,Tea,2023,10,301,-0.8660254037844386,0.5000000000000001,-0.8919813464595487,0.45207220393230374,13,0.42294472716666665,0.37892056375,0.6343102975833333,27.395549249166667,12.274091460833333,17.359631112916666,0.13764599083197548,0.12483395901749397,0.20643274263691014,7.6598859146440965,3.4386889396310636,9.296906453232687,43.23307884
Field_25,2023-11-27,dataset1_field_satellite,475,ok,26.62920588,93.34137759,0.350425621,0.310629656,-0.310629656,0.52559667,31.62340996,28.89787353,6.634364343,Tea,2023,11,331,-0.5000000000000004,0.8660254037844384,-0.5524353131676203,0.8335557718385695,14,0.4420277880769231,0.39279448299999997,0.6629306298461538,26.492193396923078,12.015757522769231,17.272720936538462,0.14866631204680889,0.12956544346367213,0.2229616003741277,8.024527268636561,3.421516232287004,8.90662437312821,34.75129961
Field_25,2023-12-11,dataset1_field_satellite,474,ok,26.62920588,93.34137759,0.650180063,0.561211188,-0.561211188,0.975109412,15.7662674,11.44377226,8.724772393,Tea,2023,12,345,-2.4492935982947064e-16,1.0,-0.33752289959411347,0.941317317512847,15,0.4354847761428572,0.38692556678571427,0.6531210612857142,26.858708865714284,11.631372295642857,18.10308897892857,0.14491686502479958,0.1264045063673857,0.21733631020378466,7.830734162428935,3.5881444149099853,9.10378835053663,42.39846341
Field_25,2023-12-12,dataset1_field_satellite,476,ok,26.62920588,93.34137759,0.591243684,0.537473535,-0.537473535,0.886713653,17.58032553,10.88729247,15.61314671,Tea,2023,12,346,-2.4492935982947064e-16,1.0,-0.32126966169236515,0.9469877530760751,16,0.4497977952666667,0.3985446082,0.6745869513333334,26.119212768,11.4375989688,17.659134531,0.15024570339568558,0.12985314119667704,0.2253284371108733,8.0711329010355,3.538131527781634,8.939545275241242,54.36476202
Field_25,2023-12-27,dataset1_field_satellite,477,ok,26.62920588,93.34137759,0.542413205,0.512339311,-0.512339311,0.813478019,19.36248836,14.76494895,7.876190907,Tea,2023,12,361,-2.4492935982947064e-16,1.0,-0.06880242680232064,0.9976303053065857,17,0.4586381633125,0.407227666125,0.6878448701875,25.585532315625002,11.698570702625,17.2358944021875,0.14939640896368972,0.13016928841165654,0.22405446405641094,8.084388933188098,3.574005641813342,8.800789001698144,38.99740557
Field_26,2023-01-01,dataset1_field_satellite,478,ok,27.11817603,88.17990102,0.712078713,0.655985593,-0.655985593,1.067928336,10.29450891,10.052029,15.67147493,Tea,2023,1,1,0.49999999999999994,0.8660254037844387,0.017213356155834685,0.9998518392091162,1,,,,,,,,,,,,,57.21288715
Field_26,2023-01-04,dataset1_field_satellite,484,ok,27.11817603,88.17990102,0.639289077,0.587570484,-0.587570484,0.95880745,14.5314748,10.92033265,15.99792479,Tea,2023,1,4,0.49999999999999994,0.8660254037844387,0.06880242680231986,0.9976303053065857,2,0.712078713,0.655985593,1.067928336,10.29450891,15.67147493,10.052029,,,,,,,55.64798323
Field_26,2023-01-05,dataset1_field_satellite,486,ok,27.11817603,88.17990102,0.430100597,0.384990721,-0.384990721,0.645084135,27.01249849,6.621800289,13.97525274,Tea,2023,1,5,0.49999999999999994,0.8660254037844387,0.08596479873744647,0.9962981749346078,3,0.675683895,0.6217780385,1.013367893,12.412991855,15.83469986,10.486180825,0.051470045215700436,0.04837678750951682,0.07716011845968425,2.995987312475096,0.2308349097233993,0.6139833990440315,49.6283195
Field_26,2023-01-16,dataset1_field_satellite,479,ok,27.11817603,88.17990102,0.118817745,0.073686672,-0.073686672,0.178216005,46.08813644,5.877095297,5.122534578,Tea,2023,1,16,0.49999999999999994,0.8660254037844387,0.2719581575341055,0.9623090774541486,4,0.5938227956666667,0.5428489326666667,0.8906066403333334,17.27949406666667,15.214884153333335,9.198053979666666,0.1463840890583356,0.1409239796053854,0.21951723715741278,8.691173759436959,1.0858899154452089,2.272949651038502,29.77490516
Field_26,2023-01-31,dataset1_field_satellite,480,ok,27.11817603,88.17990102,0.688290623,0.680947177,-0.680947177,1.032259781,9.262806106,9.139039335,8.78310061,Tea,2023,1,31,0.49999999999999994,0.8660254037844387,0.5086709438521044,0.8609610158889943,5,0.475071533,0.4255583675,0.7125089815,24.48165466,12.6917967595,8.367814309,0.265881522285152,0.26128149327307965,0.3987484369045311,16.057463572841694,5.123473879442196,2.4902593681044842,41.9915884
Field_26,2023-02-03,dataset1_field_satellite,482,ok,27.11817603,88.17990102,0.031551867,0.01981561,-0.01981561,0.047324744,49.73026372,5.333284851,11.75501737,Tea,2023,2,34,0.8660254037844386,0.5000000000000001,0.5524353131676196,0.8335557718385699,6,0.517715351,0.4766361294,0.7764591413999999,21.4378849492,11.9100575296,8.5220593142,0.2492232212045819,0.2534673605196993,0.37376242682556116,15.482385880631286,4.768969444525523,2.1840332869418106,42.62798266
Field_26,2023-02-15,dataset1_field_satellite,481,ok,27.11817603,88.17990102,0.61065313,0.597079847,-0.597079847,0.91583114,14.33834045,11.76625737,15.75896726,Tea,2023,2,46,0.8660254037844386,0.5000000000000001,0.7116566222817746,0.7025274741691571,7,0.4366881036666667,0.40049937616666664,0.6549367418333333,26.153281411,11.884217503,7.990596903666667,0.29846651412272934,0.2935598634632118,0.44762131645384123,18.032559463291744,4.265965528705382,2.3474911888301704,54.26043509
Field_26,2023-03-17,dataset1_field_satellite,483,ok,27.11817603,88.17990102,0.00235121,-0.027011086,0.027011086,0.003526607,52.41966212,10.16721204,11.29874018,Tea,2023,3,76,1.0,6.123233995736766e-17,0.9657399376548549,0.2595117970697999,8,0.46154025028571427,0.4285823005714286,0.6922073701428572,24.465432702285714,12.437753182571429,8.529976970285714,0.28028310875166973,0.2780917996495305,0.4203503307900824,17.056362454389856,4.160552505376626,2.574641410997756,43.19134807
Field_26,2023-04-16,dataset1_field_satellite,485,ok,27.11817603,88.17990102,0.465018302,0.420464484,-0.420464484,0.697443546,24.84444297,17.09887807,14.23772972,Tea,2023,4,106,0.8660254037844387,-0.4999999999999998,0.9679377830240642,-0.25119006388481935,9,0.40414162025,0.37163312725000003,0.60612227475,27.9597113795,12.29537655725,8.734631354,0.3060927681947099,0.30369861972158185,0.4590615346092566,18.628994588310245,3.872916300458457,2.452932405762005,50.56726185
Field_26,2023-05-16,dataset1_field_satellite,487,ok,27.11817603,88.17990102,0.670910746,0.587227772,-0.587227772,1.00625009,14.22602704,22.81399919,16.04308212,Tea,2023,5,136,0.49999999999999994,-0.8660254037844387,0.717676913675962,-0.6963762255968722,10,0.410905696,0.37705883355555553,0.6162690826666667,27.613570445111108,12.511193575333333,9.663992100222222,0.2870417380542915,0.28454997762857415,0.4304903313503795,17.456741716827267,3.6801818506986383,3.6108406615913196,56.89990636
Field_26,2023-05-31,dataset1_field_satellite,488,ok,27.11817603,88.17990102,0.154258243,0.132731092,-0.132731092,0.231362846,42.7111209,28.55628936,5.300341564,Tea,2023,5,151,0.49999999999999994,-0.8660254037844387,0.5160623910158528,-0.8565509959010036,11,0.43690620100000005,0.3980757274,0.6552671834,26.2748161046,12.8643824298,10.9789928092,0.28283997016467344,0.2763860831368473,0.4241923136400812,16.99413734702353,3.6450380375464775,5.374174666167563,29.96269363
Field_26,2023-10-13,dataset1_field_satellite,489,ok,27.11817603,88.17990102,0.815756172,0.721294356,-0.721294356,1.223459621,5.900713181,23.02277418,9.827363857,Tea,2023,10,286,-0.8660254037844386,0.5000000000000001,-0.9778483415056568,0.20931464596304888,12,0.41121093209090903,0.37395348781818183,0.6167304254545454,27.769025631454543,12.17674235109091,12.576928859272726,0.2815338685449647,0.2741369130989558,0.42223347320955573,16.866532452289107,4.142343506031592,7.353976735724137,44.04682887
Field_26,2023-10-28,dataset1_field_satellite,490,ok,27.11817603,88.17990102,0.798946436,0.697106024,-0.697106024,1.198251193,7.307550852,17.04103785,9.734226865,Tea,2023,10,301,-0.8660254037844386,0.5000000000000001,-0.8919813464595487,0.45207220393230374,13,0.44492303541666667,0.40289856016666664,0.66729119175,25.94666626058333,11.980960809916667,13.447415969333333,0.2927350604190945,0.27995167495065276,0.43903351318059763,17.27628520400856,4.007376285004069,7.632659783366943,44.1511558
Field_26,2023-11-27,dataset1_field_satellite,492,ok,27.11817603,88.17990102,0.764450829,0.679370976,-0.679370976,1.1464775,8.565479209,18.4167719,9.467986776,Tea,2023,11,331,-0.5000000000000004,0.8660254037844384,-0.5524353131676203,0.8335557718385695,14,0.47215560469230766,0.42552990353846154,0.7081342687692308,24.51288815223077,11.808135121846155,13.723848421692308,0.2969741252706599,0.2801788216215852,0.4453918841270472,17.329797562135813,3.887042917019766,7.375371027767467,44.39110773
Field_26,2023-12-11,dataset1_field_satellite,491,ok,27.11817603,88.17990102,0.775187595,0.686353645,-0.686353645,1.162602913,8.099260358,12.27974618,9.547012103,Tea,2023,12,345,-2.4492935982947064e-16,1.0,-0.33752289959411347,0.941317317512847,15,0.493033835,0.4436614087142857,0.7394444995714285,23.37378751342857,11.64098166857143,14.059057241571427,0.2958244625170387,0.27760442724971796,0.44366544273293174,17.18679446288624,3.786558840347968,7.196172032616134,44.28678081
Field_26,2023-12-12,dataset1_field_satellite,493,ok,27.11817603,88.17990102,0.767385785,0.691344824,-0.691344824,1.15090573,7.924067895,7.542526273,9.46610522,Tea,2023,12,346,-2.4492935982947064e-16,1.0,-0.32126966169236515,0.9469877530760751,16,0.5118440856666667,0.4598408911333333,0.7676550604666666,22.355485703066666,11.501383697533333,13.940436504133334,0.2942254754236024,0.27474764020246295,0.4412670743475409,17.02471701462023,3.688657873489602,6.949606770286981,44.19288657
Field_26,2023-12-27,dataset1_field_satellite,494,ok,27.11817603,88.17990102,0.788905297,0.746485705,-0.746485705,1.183159852,4.8885574,8.234016006,9.528196549,Tea,2023,12,361,-2.4492935982947064e-16,1.0,-0.06880242680232064,0.9976303053065857,17,0.527815441875,0.4743098869375,0.7916082273125,21.4535220900625,11.3741787926875,13.5405671146875,0.2913395542464108,0.2716679545149368,0.4369388852087497,16.83849371369985,3.599724228171159,6.9018519569288985,43.87990579
Field_27,2023-01-01,dataset1_field_satellite,495,ok,11.29704122,76.82113488,0.663035102,0.587380192,-0.587380192,0.994411984,14.29867676,18.58694995,8.777455944,Tea,2023,1,1,0.49999999999999994,0.8660254037844387,0.017213356155834685,0.9998518392091162,1,,,,,,,,,,,,,42.48192496
Field_27,2023-01-04,dataset1_field_satellite,501,ok,11.29704122,76.82113488,0.610942856,0.541575682,-0.541575682,0.916311881,17.1696668,15.26746041,4.304998757,Tea,2023,1,4,0.49999999999999994,0.8660254037844387,0.06880242680231986,0.9976303053065857,2,0.663035102,0.587380192,0.994411984,14.29867676,8.777455944,18.58694995,,,,,,,41.18827105
Field_27,2023-01-16,dataset1_field_satellite,496,ok,11.29704122,76.82113488,0.709961791,0.637929608,-0.637929608,1.064767216,11.23814626,24.02019179,16.15409389,Tea,2023,1,16,0.49999999999999994,0.8660254037844387,0.2719581575341055,0.9623090774541486,3,0.6369889790000001,0.5644779369999999,0.9553619325,15.73417178,6.5412273505,16.92720518,0.03683478039383789,0.032388679629927045,0.05522511244266777,2.0300965260030392,3.1625048054942106,2.3472335638118147,57.68235832
Field_27,2023-01-31,dataset1_field_satellite,497,ok,11.29704122,76.82113488,0.788439118,0.707630711,-0.707630711,1.182456447,6.877424259,19.25213818,16.21524444,Tea,2023,1,31,0.49999999999999994,0.8660254037844387,0.5086709438521044,0.8609610158889943,4,0.6613132496666667,0.5889618273333334,0.9918303603333333,14.235496606666667,9.745516196999999,19.29153405,0.049531918534687414,0.04819643079782059,0.0742613305028786,2.966264954103374,5.983570786562142,4.418699550556563,58.04750257
Field_27,2023-02-03,dataset1_field_satellite,499,ok,11.29704122,76.82113488,0.694927544,0.64894334,-0.64894334,1.042232933,10.82927986,20.45501032,8.917631821,Tea,2023,2,34,0.8660254037844386,0.5000000000000001,0.5524353131676196,0.8335557718385699,5,0.69309471675,0.61862904825,1.039486882,12.39597851975,11.362948257749999,19.2816850825,0.07533826320244319,0.07119812695644431,0.11296491948757247,4.404670894289622,5.8594446940901515,3.6079068475644496,42.75317497
Field_27,2023-02-15,dataset1_field_satellite,498,ok,11.29704122,76.82113488,0.69771816,0.636507549,-0.636507549,1.046418724,11.43580551,20.69595999,8.972196928,Tea,2023,2,46,0.8660254037844386,0.5000000000000001,0.7116566222817746,0.7025274741691571,6,0.6934612822,0.6246919066000001,1.0400360922,12.0826387878,10.873884970399999,19.51635013,0.06524999829820781,0.06313217260985318,0.0978381977314802,3.878369915743481,5.190928008313529,3.168293276847603,43.05572306
Field_27,2023-03-17,dataset1_field_satellite,500,ok,11.29704122,76.82113488,0.644347635,0.614544762,-0.614544762,0.966379244,13.10238784,32.57864525,15.31868329,Tea,2023,3,76,1.0,6.123233995736766e-17,0.9657399376548549,0.2595117970697999,7,0.6941707618333334,0.6266611803333333,1.0410998641666667,11.9748332415,10.556936963333333,19.712951773333334,0.0583872416751604,0.056672790728647005,0.08754792980452347,3.478955989597098,4.707369021555064,2.874435434561434,55.04288705
Field_27,2023-04-16,dataset1_field_satellite,502,ok,11.29704122,76.82113488,0.704248963,0.643018678,-0.643018678,1.056243689,11.03662054,20.44579574,9.015472702,Tea,2023,4,106,0.8660254037844387,-0.4999999999999998,0.9679377830240642,-0.25119006388481935,8,0.6870531722857143,0.6249302634285714,1.0304254898571428,12.135912469857143,11.237186438571428,21.550907984285715,0.05652886188022263,0.051937239569784424,0.08476317525423542,3.2043051154061777,4.658892360584451,5.5255675838053975,43.20178076
Field_27,2023-08-14,dataset1_field_satellite,503,ok,11.29704122,76.82113488,0.797674134,0.699679275,-0.699679275,1.196383135,7.189143259,43.43127692,16.88507817,Tea,2023,8,226,-0.8660254037844384,-0.5000000000000004,-0.680773409477016,-0.732494071613579,9,0.689202646125,0.6271913152499999,1.03365276475,11.998500978625,10.9594722215,21.41276895375,0.052687497390398914,0.048507956672472784,0.07900454982936929,2.9919610157739376,4.384236024040063,5.130580539103843,58.51697374
Field_27,2023-09-28,dataset1_field_satellite,504,ok,11.29704122,76.82113488,0.682530338,0.607287471,-0.607287471,1.023678188,13.08302171,31.58957963,5.230724014,Tea,2023,9,271,-1.0,-1.8369701987210297e-16,-0.9988797155850335,-0.04732138832243232,10,0.7012550336666666,0.635245533,1.051733917,11.464127898666668,11.617872882444443,23.859269838888892,0.061125414049281304,0.05140746969119297,0.0916725511383465,3.2253438851042744,4.551950977127063,8.769310053451782,53.35279082
Field_27,2023-10-13,dataset1_field_satellite,505,ok,11.29704122,76.82113488,0.682530338,0.607287471,-0.607287471,1.023678188,13.08302171,36.27466798,15.84834114,Tea,2023,10,286,-0.8660254037844386,0.5000000000000001,-0.9778483415056568,0.20931464596304888,11,0.6993825641,0.6324497268,1.0489283441,11.6260172798,10.9791579956,24.632300818,0.05793299074179195,0.04926719826971158,0.0868838717896553,3.0836753120725615,4.7431607509743055,8.621602783631214,56.93120444
Field_27,2023-12-27,dataset1_field_satellite,506,ok,11.29704122,76.82113488,0.724755724,0.624231026,-0.624231026,1.086952178,11.78656718,17.99835809,9.243140905,Tea,2023,12,361,-2.4492935982947064e-16,1.0,-0.06880242680232064,0.9976303053065857,12,0.6978505435454546,0.6301622490000001,1.0466328753636363,11.758472228,11.421811008727273,25.69069783272727,0.05519444022213419,0.047350704792566554,0.08277612822161341,2.9582318255313496,4.733199246700059,8.900622323830248,44.28678081
Field_28,2023-01-01,dataset1_field_satellite,507,ok,13.19149844,77.52581427,0.411379231,0.438259264,-0.438259264,0.616981532,24.48357284,15.63872037,6.878966545,Coffee,2023,1,1,0.49999999999999994,0.8660254037844387,0.017213356155834685,0.9998518392091162,1,,,,,,,,,,,,,35.10601117
Field_28,2023-01-04,dataset1_field_satellite,513,ok,13.19149844,77.52581427,0.319642847,0.44435316,-0.44435316,0.479403709,25.10928401,22.51200478,6.045437502,Coffee,2023,1,4,0.49999999999999994,0.8660254037844387,0.06880242680231986,0.9976303053065857,2,0.411379231,0.438259264,0.616981532,24.48357284,6.878966545,15.63872037,,,,,,,31.46500139
Field_28,2023-01-05,dataset1_field_satellite,515,ok,13.19149844,77.52581427,0.336924355,0.445472719,-0.445472719,0.505320351,24.87562058,20.92602439,13.69396021,Coffee,2023,1,5,0.49999999999999994,0.8660254037844387,0.08596479873744647,0.9962981749346078,3,0.36551103900000004,0.441306212,0.5481926205000001,24.796428425000002,6.4622020235,19.075362575,0.06486741920793312,0.004309035185445628,0.09728221158418261,0.4424446113711666,0.5893940386212327,4.860146015334781,44.92317507
Field_28,2023-01-16,dataset1_field_satellite,508,ok,13.19149844,77.52581427,0.417810277,0.484363555,-0.484363555,0.62662225,22.06360675,17.63329105,14.23020349,Coffee,2023,1,16,0.49999999999999994,0.8660254037844387,0.2719581575341055,0.9623090774541486,4,0.3559821443333333,0.4426950476666667,0.5339018640000001,24.82282581,8.872788085666667,19.692249846666666,0.04874721056690476,0.0038820723385481403,0.07310671316221047,0.3161788779634178,4.196006214928395,3.598910857887467,47.74000211
Field_28,2023-01-31,dataset1_field_satellite,509,ok,13.19149844,77.52581427,0.385863079,0.467619482,-0.467619482,0.578709268,23.244905,15.64807399,13.52650177,Coffee,2023,1,31,0.49999999999999994,0.8660254037844387,0.5086709438521044,0.8609610158889943,5,0.3714391775,0.4531121745,0.5570819605,24.133021045,10.21214193675,19.1775101475,0.05039715457541064,0.021073991465188242,0.07557994774575943,1.4035556670519422,4.3489217503643545,3.1136153809154017,46.37331936
Field_28,2023-02-03,dataset1_field_satellite,511,ok,13.19149844,77.52581427,0.329816953,0.453680034,-0.453680034,0.49465851,24.52910617,24.27863928,6.114114274,Coffee,2023,2,34,0.8660254037844386,0.5000000000000001,0.5524353131676196,0.8335557718385699,6,0.3743239578,0.45601363599999994,0.561407422,23.955397836,10.8750139034,18.471622916,0.044119323191428444,0.0193694922851899,0.06616490355073985,1.2787597134577338,4.047448148395025,3.1244734713513567,31.71538602
Field_28,2023-02-15,dataset1_field_satellite,510,ok,13.19149844,77.52581427,0.353712374,0.458842863,-0.458842863,0.530496592,24.02142864,17.15864672,6.315440702,Coffee,2023,2,46,0.8660254037844386,0.5000000000000001,0.7116566222817746,0.7025274741691571,7,0.3669061236666667,0.45562470233333335,0.5502826033333333,24.051015891666665,10.081530631833333,19.439458976666668,0.043443725927614016,0.017350775241793247,0.06515216889482849,1.1674921837968968,4.108912681561133,3.664711096458129,32.55000144
Field_28,2023-03-17,dataset1_field_satellite,512,ok,13.19149844,77.52581427,0.335995801,0.456696089,-0.456696089,0.503924142,24.31198946,38.75657195,3.606941703,Coffee,2023,3,76,1.0,6.123233995736766e-17,0.9657399376548549,0.2595117970697999,8,0.3650213022857143,0.4560844395714286,0.5474560302857142,24.046789141428572,9.543517784714286,19.113628654285716,0.03997080972653296,0.015885654205582092,0.05994384204768854,1.0658283432517321,4.011920689590908,3.4546944838339777,42.33586726
Field_28,2023-04-16,dataset1_field_satellite,514,ok,13.19149844,77.52581427,0.311591756,0.434581393,-0.434581393,0.46733015,25.69049793,20.67317508,5.996517062,Coffee,2023,4,106,0.8660254037844387,-0.4999999999999998,0.9679377830240642,-0.25119006388481935,9,0.361393114625,0.45616089575,0.54201454425,24.07993918125,8.8014457745,21.56899656625,0.03840231306360212,0.014708847715777379,0.05759183018962513,0.991209949759923,4.266323515035933,7.6459518001695645,31.308511
Field_28,2023-05-16,dataset1_field_satellite,516,ok,13.19149844,77.52581427,0.433242913,0.511074232,-0.511074232,0.649779423,20.54203129,26.67116945,6.903426765,Coffee,2023,5,136,0.49999999999999994,-0.8660254037844387,0.717676913675962,-0.6963762255968722,10,0.35585963033333334,0.4537631732222222,0.5337162782222222,24.258890153333333,8.489787028666667,21.469460845555556,0.03957234486621482,0.015525723360510646,0.05934616679387749,1.0713991192017638,4.098842197227119,7.158363835503833,34.80346308
Field_28,2023-05-31,dataset1_field_satellite,517,ok,13.19149844,77.52581427,0.477380008,0.515736523,-0.515736523,0.715981611,19.8531877,26.96374283,5.678534199,Coffee,2023,5,151,0.49999999999999994,-0.8660254037844387,0.5160623910158528,-0.8565509959010036,11,0.3635979586,0.4594942791,0.5453225927,23.887204266999998,8.3311510023,21.989631706,0.044618281029600186,0.023296366906412576,0.06691564202050758,1.5497922588368676,3.8968497798390325,6.946536927583968,36.44139584
Field_28,2023-08-14,dataset1_field_satellite,518,ok,13.19149844,77.52581427,0.21546697,0.209378665,-0.209378665,0.323158828,38.17204383,41.86971705,2.056540053,Coffee,2023,8,226,-0.8660254037844384,-0.5000000000000004,-0.680773409477016,-0.732494071613579,12,0.3739417812727273,0.4646072103636364,0.5608370489090909,23.52047548818182,8.090004020181818,22.441823626363636,0.05448534889459585,0.02785698058131474,0.08171667331956706,1.9081562856180931,3.782402004388235,6.758564242420325,41.5534153
Field_28,2023-10-13,dataset1_field_satellite,519,ok,13.19149844,77.52581427,0.649962377,0.591027262,-0.591027262,0.974817865,14.24595151,37.66877298,8.65233251,Coffee,2023,10,286,-0.8660254037844386,0.5000000000000001,-0.9778483415056568,0.20931464596304888,13,0.360735547,0.4433381649166666,0.5410305304999999,24.741439516666663,7.58721535625,24.060814745000002,0.06922160905749211,0.07831942549516059,0.10381780615394678,4.604247259296767,4.004937627301654,8.542787293504697,41.91855955
Field_28,2023-10-28,dataset1_field_satellite,520,ok,13.19149844,77.52581427,0.600588073,0.569141634,-0.569141634,0.900768808,15.86778087,30.21649057,15.33655807,Coffee,2023,10,301,-0.8660254037844386,0.5000000000000001,-0.8919813464595487,0.45207220393230374,14,0.3829837646923077,0.4546988646923077,0.574398787,23.934094285384617,7.669147444999999,25.10758076307692,0.10405339994490964,0.08544368243371533,0.1560598790393639,5.282611470491996,3.8457984288309683,9.007883312375215,54.08307932
Field_28,2023-11-27,dataset1_field_satellite,522,ok,13.19149844,77.52581427,0.555783527,0.534517334,-0.534517334,0.833561503,18.09343218,39.75335564,15.16815886,Coffee,2023,11,331,-0.5000000000000004,0.8660254037844384,-0.5524353131676203,0.8335557718385695,15,0.3985269295714286,0.46287334821428566,0.5977109313571428,23.357929041428573,8.2168196325,25.47250289214286,0.11565688506984773,0.08760449203836593,0.1734636374472306,5.514245119244799,4.2251258042744295,8.761542481004222,52.79985811
Field_28,2023-12-11,dataset1_field_satellite,521,ok,13.19149844,77.52581427,0.555783527,0.534517334,-0.534517334,0.833561503,18.09343218,19.57610618,14.89909644,Coffee,2023,12,345,-2.4492935982947064e-16,1.0,-0.33752289959411347,0.941317317512847,16,0.40901070273333334,0.4676496139333333,0.6134343028,23.006962584,8.680242247666666,26.424559742,0.1186157333493138,0.08642080656997932,0.17790092782919276,5.484764322628431,4.449491576552434,9.212905226324498,52.64336771
Field_29,2023-01-01,dataset1_field_satellite,523,ok,9.801727165,76.29690027,0.349008738,0.181408353,-0.181408353,0.523409729,38.23648493,23.04219954,6.92600543,Coffee,2023,1,1,0.49999999999999994,0.8660254037844387,0.017213356155834685,0.9998518392091162,1,,,,,,,,,,,,,36.71264586
Field_29,2023-01-04,dataset1_field_satellite,529,ok,9.801727165,76.29690027,0.267907086,0.212185862,-0.212185862,0.401772552,37.49313178,19.26399932,6.129166717,Coffee,2023,1,4,0.49999999999999994,0.8660254037844387,0.06880242680231986,0.9976303053065857,2,0.349008738,0.181408353,0.523409729,38.23648493,6.92600543,23.04219954,,,,,,,33.10293416
Field_29,2023-01-05,dataset1_field_satellite,531,ok,9.801727165,76.29690027,0.353183156,0.265550317,-0.265550317,0.529668244,33.89719569,16.84600863,23.58435617,Coffee,2023,1,5,0.49999999999999994,0.8660254037844387,0.08596479873744647,0.9962981749346078,3,0.308457912,0.1967971075,0.46259114050000005,37.864808355,6.5275860735,21.153099429999997,0.057347528094631506,0.02176298532192999,0.0860104727010884,0.5256300531813839,0.5634500574742609,2.6715909962425033,53.85356008
Field_29,2023-01-16,dataset1_field_satellite,524,ok,9.801727165,76.29690027,0.314909631,0.146115316,-0.146115316,0.472701376,40.38695155,15.66932141,13.29507046,Coffee,2023,1,16,0.49999999999999994,0.8660254037844387,0.2719581575341055,0.9623090774541486,4,0.32336632666666665,0.219714844,0.48495017500000004,36.542270800000004,12.213176105666667,19.717402496666665,0.048074441992623486,0.042573251037612406,0.0721018722256843,2.3206594385130863,9.855787133722641,3.122879485146715,48.54331946
Field_29,2023-01-31,dataset1_field_satellite,525,ok,9.801727165,76.29690027,0.321774463,0.154897299,-0.154897299,0.482563733,39.86839546,18.01510522,14.25654527,Coffee,2023,1,31,0.49999999999999994,0.8660254037844387,0.5086709438521044,0.8609610158889943,5,0.32125215275,0.201314962,0.48188797525000004,37.5034409875,12.48364969425,18.705382225,0.039479702472718835,0.05062157412009962,0.05918863844974701,2.6992034634428217,8.065377684811361,3.255506766525077,49.2005791
Field_29,2023-02-03,dataset1_field_satellite,527,ok,9.801727165,76.29690027,0.296139789,0.133631326,-0.133631326,0.444122513,41.21613268,18.22826392,13.9432663,Coffee,2023,2,34,0.8660254037844386,0.5000000000000001,0.5524353131676196,0.8335557718385699,6,0.3213566148,0.1920314294,0.48202312680000003,37.976431882,12.838228809399999,18.567326824,0.03419122317350247,0.04850595543305861,0.05125975537259703,2.5657116818138093,7.029677776647561,2.8362016322705754,48.36596368
Field_29,2023-02-15,dataset1_field_satellite,526,ok,9.801727165,76.29690027,0.140386551,0.007030897,-0.007030897,0.210526896,49.27159211,24.19153616,5.471563105,Coffee,2023,2,46,0.8660254037844386,0.5000000000000001,0.7116566222817746,0.7025274741691571,7,0.3171538105,0.18229807883333335,0.47570635783333337,38.516382015,13.0224017245,18.51081634,0.03226783503095293,0.04950445282498208,0.04838862921964468,2.648693644821346,6.3036984136880045,2.54054961926094,31.39197254
Field_29,2023-03-17,dataset1_field_satellite,528,ok,9.801727165,76.29690027,0.43530099,0.357124485,-0.357124485,0.652784498,28.38235936,20.53818364,7.284441733,Coffee,2023,3,76,1.0,6.123233995736766e-17,0.9657399376548549,0.2595117970697999,8,0.29190134485714286,0.15725991,0.4378235775714286,40.0528406,11.943710493142857,19.322347742857144,0.07301703085782858,0.08019109466935588,0.10953059609411674,4.729825568035138,6.4233066368129075,3.1604972443222814,37.29687665
Field_29,2023-04-16,dataset1_field_satellite,530,ok,9.801727165,76.29690027,0.195516067,0.07556626,-0.07556626,0.293221854,45.20884613,29.16464131,5.802716855,Coffee,2023,4,106,0.8660254037844387,-0.4999999999999998,0.9679377830240642,-0.25119006388481935,9,0.3098263005,0.182242981875,0.46469369262500004,38.594030445,11.361301898125,19.47432723,0.08450016628932812,0.10249479936845357,0.12672460666001947,6.016674630329761,6.170765130956339,2.9574586532768765,32.44567451
Field_29,2023-05-16,dataset1_field_satellite,532,ok,9.801727165,76.29690027,0.244041572,0.104211462,-0.104211462,0.366050018,43.25051202,36.90271619,12.79175439,Coffee,2023,5,136,0.49999999999999994,-0.8660254037844387,0.717676913675962,-0.6963762255968722,10,0.29712516344444445,0.17039001277777777,0.4456412661111111,39.32900996555556,10.743681337777778,20.551028794444445,0.08774744031933154,0.10225689120132418,0.13160049314534805,6.044591050441023,6.062313578397346,4.2528599559597575,46.1750982
Field_29,2023-05-31,dataset1_field_satellite,533,ok,9.801727165,76.29690027,0.244041572,0.104211462,-0.104211462,0.366050018,43.25051202,23.6169936,37.64804201,Coffee,2023,5,151,0.49999999999999994,-0.8660254037844387,0.5160623910158528,-0.8565509959010036,11,0.2918168043,0.1637721577,0.4376821413,39.721160170999994,10.948488643000001,22.186197534,0.08441497179827614,0.09865394901710042,0.1266012148735313,5.832257122278214,5.752181328148302,6.543312574715091,59.96711804
Field_29,2023-06-30,dataset1_field_satellite,534,ok,9.801727165,76.29690027,0.386831866,0.208961532,-0.208961532,0.580132565,36.44321636,39.93994227,14.01100229,Coffee,2023,6,181,1.2246467991473532e-16,-1.0,0.02581844022713308,-0.9996666485105112,12,0.28747360136363637,0.15835754900000001,0.4311701300909091,40.04201033909091,13.375720767272727,22.316269903636364,0.08136827543056445,0.09529868494432153,0.12203093884982291,5.634367219158872,9.725474007205232,6.222503719577287,50.72375224
Field_29,2023-07-30,dataset1_field_satellite,535,ok,9.801727165,76.29690027,0.371125544,0.222808402,-0.222808402,0.556572472,35.89654132,42.90159501,7.026668644,Coffee,2023,7,211,-0.4999999999999997,-0.8660254037844388,-0.47115950767386394,-0.8820480249558535,13,0.29575345675000003,0.16257454758333334,0.4435836663333333,39.742110840833334,13.428660894166667,23.7849092675,0.08271383041127815,0.09203050862325879,0.12404403792613829,5.4716873016598315,9.274688906211052,7.8155237950759595,36.92129971
Field_29,2023-08-14,dataset1_field_satellite,536,ok,9.801727165,76.29690027,0.38785613,0.237425446,-0.237425446,0.581654106,34.97926383,40.79886051,7.367230171,Coffee,2023,8,226,-0.8660254037844384,-0.5000000000000004,-0.680773409477016,-0.732494071613579,14,0.3015513096153846,0.167207921,0.4522751129230769,39.44629780076923,12.936199951846154,25.255423555384617,0.0819050824729209,0.08968221254800357,0.12282799315557867,5.346212183463998,9.055620588948642,9.170799894054772,47.77130019
Field_29,2023-10-13,dataset1_field_satellite,537,ok,9.801727165,76.29690027,0.33926626,0.183706231,-0.183706231,0.508805786,38.21864395,22.19349447,20.77237162,Coffee,2023,10,286,-0.8660254037844386,0.5000000000000001,-0.9778483415056568,0.20931464596304888,15,0.30771593964285715,0.17222345849999998,0.46151646957142856,39.127223945714285,12.538416396071428,26.36566905214286,0.0820027181318324,0.08818386088054644,0.12297087749772696,5.2733939974009605,8.82674846845758,9.741206092758093,53.03981004
Field_29,2023-11-27,dataset1_field_satellite,539,ok,9.801727165,76.29690027,0.199281968,0.048066062,-0.048066062,0.300141629,46.57466577,26.48550266,5.901498514,Coffee,2023,11,331,-0.5000000000000004,0.8660254037844384,-0.5524353131676203,0.8335557718385695,16,0.3098192943333334,0.17298897666666668,0.4646690906666667,39.066651946,13.087346744333333,26.087524079999998,0.07943859099664116,0.08502780089507225,0.11912510573073469,5.086981833037076,8.76733996779058,9.448472367839567,33.01947262
Field_29,2023-12-11,dataset1_field_satellite,538,ok,9.801727165,76.29690027,0.15574738,0.043426865,-0.043426865,0.23447858,47.25617672,17.91007432,12.90652927,Coffee,2023,12,345,-2.4492935982947064e-16,1.0,-0.33752289959411347,0.941317317512847,17,0.3029107114375,0.1651812945,0.45438612431250003,39.53590281,12.6382312299375,26.11239774125,0.08156866252195431,0.08788118992764911,0.1222152545592799,5.260738275075269,8.658470382296178,9.12863373847129,43.78601155
Field_29,2023-12-12,dataset1_field_satellite,540,ok,9.801727165,76.29690027,0.339452536,0.138103576,-0.138103576,0.509091231,40.54541239,24.47617871,6.942939428,Coffee,2023,12,346,-2.4492935982947064e-16,1.0,-0.32126966169236515,0.9469877530760751,18,0.29425404488235296,0.15801926923529414,0.4414503864117647,39.990036569411764,12.654013467588236,25.629908128235297,0.08666919969584479,0.09006896175611588,0.12979868749210668,5.426941474104098,8.383780434234955,9.059869903249131,37.02562664
Field_29,2023-12-27,dataset1_field_satellite,541,ok,9.801727165,76.29690027,0.247341107,-0.034696565,0.034696565,0.370900201,50.3100653,24.22530853,6.525234129,Coffee,2023,12,361,-2.4492935982947064e-16,1.0,-0.06880242680232064,0.9976303053065857,19,0.2967650721666667,0.15691284183333332,0.44520821111111114,40.02089078166667,12.3367315765,25.565812049444446,0.0847536956576135,0.08750572603701677,0.12692848607522098,5.266533667649535,8.244102120787739,8.79357059467346,36.17014583
Field_3,2023-01-04,dataset1_field_satellite,39,ok,30.87054253,76.70892965,0.493499523,0.509222173,-0.509222173,0.740142427,20.02121235,-4.031876022,16.97445205,Rice,2023,1,4,0.49999999999999994,0.8660254037844387,0.06880242680231986,0.9976303053065857,1,,,,,,,,,,,,,51.78788691
Field_3,2023-01-05,dataset1_field_satellite,41,ok,30.87054253,76.70892965,0.459964401,0.477072122,-0.477072122,0.689855956,22.00542446,-2.719074593,16.55392441,Rice,2023,1,5,0.49999999999999994,0.8660254037844387,0.08596479873744647,0.9962981749346078,2,0.493499523,0.509222173,0.740142427,20.02121235,16.97445205,-4.031876022,,,,,,,50.76548302
Field_3,2023-01-31,dataset1_field_satellite,35,ok,30.87054253,76.70892965,0.571595188,0.562519363,-0.562519363,0.857198033,16.50204369,2.422129317,10.84152222,Rice,2023,1,31,0.49999999999999994,0.8660254037844387,0.5086709438521044,0.8609610158889943,3,0.476731962,0.4931471475,0.7149991915,21.013318405,16.764188230000002,-3.3754753075,0.023712912174118157,0.022733519077593335,0.035557904646040625,1.4030498382934689,0.2973579459203762,0.9282907927972895,40.13456908
Field_3,2023-02-03,dataset1_field_satellite,37,ok,30.87054253,76.70892965,0.552035182,0.563190616,-0.563190616,0.827936744,16.66753044,4.327139258,10.66465601,Rice,2023,2,34,0.8660254037844386,0.5000000000000001,0.5524353131676196,0.8335557718385699,4,0.5083530373333334,0.5162712193333333,0.7623988053333334,19.509560166666667,14.789966226666666,-1.4429404326666664,0.05727851532291791,0.043157554834410326,0.08586240426435673,2.7871384864110667,3.4259113282946245,3.4110020558975584,39.27908828
Field_3,2023-02-15,dataset1_field_satellite,36,ok,30.87054253,76.70892965,0.580707805,0.575482841,-0.575482841,0.870934313,15.7470058,2.147650438,10.89232421,Rice,2023,2,46,0.8660254037844386,0.5000000000000001,0.7116566222817746,0.7025274741691571,5,0.5192735735,0.5280010685000001,0.77878329,18.799052735,13.7586386725,-0.0004205100000000961,0.05161638614886161,0.04233289271257548,0.07738673655870336,2.682917044953763,3.4755035676611272,4.009997289199321,40.31192486
Field_3,2023-03-17,dataset1_field_satellite,38,ok,30.87054253,76.70892965,0.494979622,0.505945179,-0.505945179,0.742362936,20.17343393,14.52483839,9.458578999,Rice,2023,3,76,1.0,6.123233995736766e-17,0.9657399376548549,0.2595117970697999,6,0.5315604198,0.537497423,0.7972134946,18.188643348,13.185375780000001,0.4291936795999999,0.052469242888576274,0.04236695762040476,0.07867586958142835,2.6947228060166326,3.2714668737748593,3.603179214814016,47.72956942
Field_3,2023-04-16,dataset1_field_satellite,40,ok,30.87054253,76.70892965,0.43457814,0.487439739,-0.487439739,0.651782045,21.73527529,19.51012847,9.79349586,Rice,2023,4,106,0.8660254037844387,-0.4999999999999998,0.9679377830240642,-0.25119006388481935,7,0.5254636201666667,0.5322387156666667,0.7880717348333333,18.519441778333334,12.564242983166666,2.778467798,0.04924878632062328,0.04002363420921768,0.07384676427104853,2.5427918534710834,3.2980042620919994,6.595517694886336,35.43985734
Field_3,2023-05-16,dataset1_field_satellite,42,ok,30.87054253,76.70892965,0.388666075,0.43761347,-0.43761347,0.58292577,24.7485165,10.02258994,16.38740676,Rice,2023,5,136,0.49999999999999994,-0.8660254037844387,0.717676913675962,-0.6963762255968722,8,0.5124799801428571,0.5258388618571429,0.7686017791428572,18.97884656571429,12.168421965571428,5.168705036857142,0.05657938511142632,0.040269297414332716,0.08484107525177247,2.6202152556126994,3.187592619272168,8.731743800205942,48.54331946
Field_3,2023-05-31,dataset1_field_satellite,43,ok,30.87054253,76.70892965,0.469629868,0.47354799,-0.47354799,0.704355897,22.08666981,3.652494779,16.3563611,Rice,2023,5,151,0.49999999999999994,-0.8660254037844387,0.5160623910158528,-0.8565509959010036,9,0.497003242,0.5148106878750001,0.745392278,19.7000553075,12.695795064875,5.775440649749999,0.06826524804645315,0.04860989417622566,0.1023678110150407,3.1695227822688428,3.3066887591084115,8.264167684095579,51.08889649
Field_3,2023-06-15,dataset1_field_satellite,44,ok,30.87054253,76.70892965,0.36846311,0.407328473,-0.407328473,0.552631019,26.50133112,19.33520352,16.4109262,Rice,2023,6,166,1.2246467991473532e-16,-1.0,0.2802306751992159,-0.9599326896597447,10,0.49396175600000003,0.5102259436666666,0.7408326801111111,19.965234696666666,13.102524624333334,5.539557775222222,0.06450489759143928,0.04750511025614496,0.0967283931257257,3.0696940091571556,3.325098064981951,7.762742791465711,48.25120406
Field_3,2023-08-29,dataset1_field_satellite,45,ok,30.87054253,76.70892965,0.636849077,0.591058351,-0.591058351,0.955152046,14.37828846,22.92156592,11.3570684,Rice,2023,8,241,-0.8660254037844384,-0.5000000000000004,-0.8452490573530633,-0.5343725582809785,11,0.48141189139999996,0.49993619660000005,0.722012514,20.618844339,13.4333647819,6.919122349699999,0.0726192304185993,0.05536041960163886,0.10889798233717182,3.5564131632312783,3.30489848593905,8.520362945682848,42.49235765
Field_3,2023-09-13,dataset1_field_satellite,46,ok,30.87054253,76.70892965,0.636849077,0.591058351,-0.591058351,0.955152046,14.37828846,20.48778906,17.87101319,Rice,2023,9,256,-1.0,-1.8369701987210297e-16,-0.9536809966304455,-0.300819807635668,12,0.4955425446363636,0.5082200288181818,0.743207016909091,20.051521077272728,13.244610565363637,8.373889947,0.08332242395466272,0.05927173939603449,0.12495667245327231,3.8631178658060414,3.197190688555943,9.41364767968522,56.54519481
Field_3,2023-09-28,dataset1_field_satellite,47,ok,30.87054253,76.70892965,0.440759004,0.395855522,-0.395855522,0.660990988,26.34884128,9.582822325,10.06443984,Rice,2023,9,271,-1.0,-1.8369701987210297e-16,-0.9988797155850335,-0.04732138832243232,13,0.507318089,0.5151232223333334,0.7608691026666667,19.578751692500003,13.630144117416668,9.38338153975,0.08930531801569128,0.061364580814343775,0.13393315971463143,4.031018753329607,3.3281205561373923,9.632734430917301,37.26557857
Field_3,2023-10-13,dataset1_field_satellite,48,ok,30.87054253,76.70892965,0.552620925,0.551182759,-0.551182759,0.828819983,17.274722,8.70154737,10.69852401,Rice,2023,10,286,-0.8660254037844386,0.5000000000000001,-0.9778483415056568,0.20931464596304888,14,0.5021981593846154,0.5059487838461538,0.7531861707692309,20.099527814615385,13.355859172999999,9.398723138615384,0.08747341122225567,0.06742421654859854,0.13118920338545845,4.291936685107598,3.336371267216287,9.222806946498956,39.50860752
Field_3,2023-10-28,dataset1_field_satellite,49,ok,30.87054253,76.70892965,0.434841605,0.465852226,-0.465852226,0.652167819,22.83493734,3.707944027,9.846179411,Rice,2023,10,301,-0.8660254037844386,0.5000000000000001,-0.8919813464595487,0.45207220393230374,15,0.5057997855,0.5091797820714286,0.7585885859285714,19.897755970714286,13.1660495185,9.348924869428572,0.08511531697695954,0.06589750861467916,0.1276531217243822,4.19210070086105,3.283215134962555,8.86294512422115,35.81543428
Field_3,2023-11-27,dataset1_field_satellite,51,ok,30.87054253,76.70892965,0.397641379,0.414411108,-0.414411108,0.596365833,25.84166687,0.271629576,5.259888122,Rice,2023,11,331,-0.5000000000000004,0.8660254037844384,-0.5524353131676203,0.8335557718385695,16,0.5010692401333333,0.5062912783333334,0.7514938681333334,20.093568062,12.944724844666666,8.972859479933334,0.08404055818516058,0.06447833891455897,0.1260412369148893,4.1101799273246105,3.277850879700797,8.66385199212973,45.38221355
Field_3,2023-12-11,dataset1_field_satellite,50,ok,30.87054253,76.70892965,0.404213863,0.446519545,-0.446519545,0.606221769,24.13494577,1.29060563,9.618511208,Rice,2023,12,345,-2.4492935982947064e-16,1.0,-0.33752289959411347,0.941317317512847,17,0.49460499881250003,0.5005487676875,0.7417983659375,20.4528242375,12.4644225495,8.4290326109375,0.08520882414632093,0.06639213281342524,0.12779414976739004,4.222840326937331,3.7039254869389793,8.6481291927116,34.81389577
Field_3,2023-12-12,dataset1_field_satellite,52,ok,30.87054253,76.70892965,0.469473199,0.474404518,-0.474404518,0.704094713,22.0445318,1.663050003,10.13593894,Rice,2023,12,346,-2.4492935982947064e-16,1.0,-0.32126966169236515,0.9469877530760751,18,0.4892878731764706,0.497370578117647,0.733823272,20.669419621764707,12.297016,8.009125141470589,0.08536615697026656,0.0656059121216103,0.12803074539500314,4.185138848159505,3.6521290653343326,8.550627677837808,37.18211703
Field_3,2023-12-27,dataset1_field_satellite,53,ok,30.87054253,76.70892965,0.464178676,0.467725406,-0.467725406,0.696159946,22.43966876,-0.664619247,10.1039525,Rice,2023,12,361,-2.4492935982947064e-16,1.0,-0.06880242680232064,0.9976303053065857,19,0.48818705794444445,0.49609468588888883,0.7321716853888889,20.745814742777778,12.176956163333333,7.6565654115555555,0.08294892160116073,0.06387686177078766,0.12440555978511345,4.0730973652481195,3.579513135298511,8.429105870125639,37.06735741
Field_30,2023-01-01,dataset1_field_satellite,542,ok,11.31677098,76.87501764,0.811952383,0.71109801,-0.71109801,1.217712636,6.460230826,16.63823428,9.81795608,Coffee,2023,1,1,0.49999999999999994,0.8660254037844387,0.017213356155834685,0.9998518392091162,1,,,,,,,,,,,,,44.04682887
Field_30,2023-01-04,dataset1_field_satellite,548,ok,11.31677098,76.87501764,0.608172607,0.5673249,-0.5673249,0.912099231,15.88309138,17.59128914,8.334349647,Coffee,2023,1,4,0.49999999999999994,0.8660254037844387,0.06880242680231986,0.9976303053065857,2,0.811952383,0.71109801,1.217712636,6.460230826,9.81795608,16.63823428,,,,,,,40.67706911
Field_30,2023-01-05,dataset1_field_satellite,550,ok,11.31677098,76.87501764,0.537638611,0.520039332,-0.520039332,0.806318533,19.01805396,17.15452929,14.90662266,Coffee,2023,1,5,0.49999999999999994,0.8660254037844387,0.08596479873744647,0.9962981749346078,3,0.7100624950000001,0.639211455,1.0649059335,11.171661103,9.076152863499999,17.11476171,0.14409406147827575,0.10166294103327937,0.21610131109701064,6.662968595908628,1.0490681693862849,0.6739115543487969,52.17389654
Field_30,2023-01-16,dataset1_field_satellite,543,ok,11.31677098,76.87501764,0.805000896,0.713314373,-0.713314373,1.207289655,6.418048295,22.33456553,16.41563009,Coffee,2023,1,16,0.49999999999999994,0.8660254037844387,0.2719581575341055,0.9623090774541486,4,0.6525878669999999,0.5994874139999999,0.9787101333333332,13.787125388666666,11.019642795666668,17.12801757,0.14244840423068178,0.09950716099797573,0.21363294743095992,6.536018324930388,3.446988738204599,0.4770802291181479,58.13096411
Field_30,2023-01-31,dataset1_field_satellite,544,ok,11.31677098,76.87501764,0.825377759,0.738808628,-0.738808628,1.237841108,4.908093844,16.85101061,17.31030969,Coffee,2023,1,31,0.49999999999999994,0.8660254037844387,0.5086709438521044,0.8609610158889943,5,0.69069112425,0.62794415375,1.03585501375,11.94485611525,12.36863961925,18.42965456,0.13905082319359777,0.09919808907121969,0.2085381825550581,6.48502233347359,3.8987592848269794,2.632256151090794,58.63173336
Field_30,2023-02-03,dataset1_field_satellite,546,ok,11.31677098,76.87501764,0.689332568,0.645484541,-0.645484541,1.033807025,11.06304206,17.55583122,8.876237602,Coffee,2023,2,34,0.8660254037844386,0.5000000000000001,0.5524353131676196,0.8335557718385699,6,0.7176284512000001,0.6501170486,1.0762522326,10.537503660999999,13.356973633399999,18.11392577,0.1346456330118763,0.09918861823153911,0.20193020240072815,6.437766744116777,4.0353765113552535,2.3864204738249315,42.58625188
Field_30,2023-02-15,dataset1_field_satellite,545,ok,11.31677098,76.87501764,0.727531854,0.660983252,-0.660983252,1.091104534,9.881485596,16.90160143,9.181049577,Coffee,2023,2,46,0.8660254037844386,0.5000000000000001,0.7116566222817746,0.7025274741691571,7,0.7129124706666667,0.649344964,1.0691780313333334,10.625093394166667,12.610184294833333,18.02091001166667,0.12098347005140732,0.08873715274406178,0.18144120605487354,5.762109361116117,4.046427655092724,2.146605163997934,43.81730963
Field_30,2023-03-17,dataset1_field_satellite,547,ok,11.31677098,76.87501764,0.587935433,0.572555488,-0.572555488,0.88173489,15.82267442,34.80812279,15.66488949,Coffee,2023,3,76,1.0,6.123233995736766e-17,0.9657399376548549,0.2595117970697999,8,0.715000954,0.6510075765714286,1.072310388857143,10.518863708714287,12.120307906571428,17.861008785714287,0.11058043389241647,0.08112491517124173,0.1658396043103235,5.267565547484989,3.9146518921889295,2.0047211583774818,53.71793507
Field_30,2023-04-16,dataset1_field_satellite,549,ok,11.31677098,76.87501764,0.577329707,0.563779056,-0.563779056,0.865838348,16.37915235,24.77838451,8.06716878,Coffee,2023,4,106,0.8660254037844387,-0.4999999999999998,0.9679377830240642,-0.25119006388481935,9,0.699117763875,0.6412010655,1.0484884515,11.181840047625,12.5633806045,19.97939803625,0.11180061011693783,0.08006506291342404,0.1676713576851607,5.22490721497672,3.8348132362512324,6.272588101949774,39.5399056
Field_30,2023-05-16,dataset1_field_satellite,551,ok,11.31677098,76.87501764,0.828003192,0.711038769,-0.711038769,1.241842861,6.299331042,24.42025656,2.567382344,Coffee,2023,5,136,0.49999999999999994,-0.8660254037844387,0.717676913675962,-0.6963762255968722,10,0.6855857575555555,0.63259862,1.0281939955555555,11.759319192333333,12.06380151288889,20.512618755555554,0.1121828468393005,0.07921572526423312,0.16824463778443557,5.185415889071379,3.8876447762477664,6.081620699213511,43.81730963
Field_30,2023-05-31,dataset1_field_satellite,552,ok,11.31677098,76.87501764,0.641458606,0.5391728,-0.5391728,0.962081971,16.98071492,24.55295288,10.19991183,Coffee,2023,5,151,0.49999999999999994,-0.8660254037844387,0.5160623910158528,-0.8565509959010036,11,0.699827501,0.6404426349,1.0495588821,11.2133203773,11.114159596,20.903382536000002,0.11495621488690744,0.07869676000018162,0.17241143268384237,5.184792153582691,4.738424897443461,5.865450181855599,53.27976197
Field_30,2023-06-15,dataset1_field_satellite,553,ok,11.31677098,76.87501764,0.641458606,0.5391728,-0.5391728,0.962081971,16.98071492,44.46871901,15.93583347,Coffee,2023,6,166,1.2246467991473532e-16,-1.0,0.2802306751992159,-0.9599326896597447,12,0.6945212378181819,0.6312362862727272,1.0416064356363637,11.73762897209091,11.031046162727273,21.23516165818182,0.110467909030244,0.08066094120817904,0.16567675564306727,5.217064043746747,4.5037084417771815,5.6722135447565805,56.46173327
Field_30,2023-08-14,dataset1_field_satellite,554,ok,11.31677098,76.87501764,0.650060113,0.58308432,-0.58308432,0.974929922,14.65055467,40.38810075,15.38265618,Coffee,2023,8,226,-0.8660254037844384,-0.5000000000000004,-0.680773409477016,-0.732494071613579,13,0.6900993518333333,0.6235643290833334,1.0349793969166667,12.174552801083335,11.439778438333335,23.171291437500003,0.10643504004477378,0.081369668653839,0.15962598397889025,5.199446591483792,4.521525194580302,8.615815636612561,55.79404093
Field_30,2023-09-28,dataset1_field_satellite,555,ok,11.31677098,76.87501764,0.783839408,0.685682673,-0.685682673,1.175588248,8.045163263,32.73650799,5.322920228,Coffee,2023,9,271,-1.0,-1.8369701987210297e-16,-0.9988797155850335,-0.04732138832243232,14,0.6870194103846153,0.6204504822307692,1.0303602065384614,12.365014483307693,11.743076726153847,24.495661384615385,0.10250707999034073,0.07871035262895953,0.1537350431355124,5.025233785675638,4.4650168696496,9.53140496809262,54.62557934
Field_30,2023-10-13,dataset1_field_satellite,556,ok,11.31677098,76.87501764,0.783839408,0.685682673,-0.685682673,1.175588248,8.045163263,33.29966356,16.82769073,Coffee,2023,10,286,-0.8660254037844386,0.5000000000000001,-0.9778483415056568,0.20931464596304888,15,0.6939351245000001,0.6251099244285714,1.0407336380714285,12.056453681857144,11.284494119142858,25.084293285,0.10182826790987787,0.07760607055058455,0.15271850241451537,4.9642093879726055,4.620279254892844,9.418610446119393,58.74649298
Field_30,2023-12-27,dataset1_field_satellite,557,ok,11.31677098,76.87501764,0.779646962,0.667714958,-0.667714958,1.169271696,9.005490235,17.4844331,9.630741318,Coffee,2023,12,361,-2.4492935982947064e-16,1.0,-0.06880242680232064,0.9976303053065857,16,0.6999287434,0.6291481076666667,1.0497239454,11.789034320599999,11.654040559866667,25.63198463666667,0.10083256208427487,0.07640100150496393,0.15122632380630577,4.894469379689451,4.676608242858086,9.320582895129537,44.61019428
Field_31,2023-01-04,dataset1_field_satellite,563,ok,28.64888239,77.1263274,0.225762179,0.296597581,-0.296597581,0.338584425,33.61312108,13.37998123,12.85760883,Barley,2023,1,4,0.49999999999999994,0.8660254037844387,0.06880242680231986,0.9976303053065857,1,,,,,,,,,,,,,42.50279034
Field_31,2023-01-05,dataset1_field_satellite,565,ok,28.64888239,77.1263274,0.181550927,0.205192858,-0.205192858,0.272286339,38.73216969,9.240509045,5.770730414,Barley,2023,1,5,0.49999999999999994,0.8660254037844387,0.08596479873744647,0.9962981749346078,2,0.225762179,0.296597581,0.338584425,33.61312108,12.85760883,13.37998123,,,,,,,40.31192486
Field_31,2023-01-16,dataset1_field_satellite,558,ok,28.64888239,77.1263274,0.124879871,0.16823583,-0.16823583,0.187282467,41.19813147,6.964812799,4.95413537,Barley,2023,1,16,0.49999999999999994,0.8660254037844387,0.2719581575341055,0.9623090774541486,3,0.20365655300000002,0.2508952195,0.305435382,36.172645384999996,9.314169622,11.3102451375,0.03126207609394732,0.06463289946577797,0.04687982619028891,3.619713985354573,5.011179785398179,2.9270488525465956,28.27259741
Field_31,2023-01-31,dataset1_field_satellite,559,ok,28.64888239,77.1263274,0.184829896,0.227112654,-0.227112654,0.277191988,37.57936139,6.179612484,12.80774761,Barley,2023,1,31,0.49999999999999994,0.8660254037844387,0.5086709438521044,0.8609610158889943,4,0.177397659,0.2233420896666667,0.266051077,37.847807413333335,7.860824871333333,9.861767691333332,0.05056923217888112,0.06607746013213772,0.07584345385605089,3.8690655372318656,4.346561205558105,3.2523942302183633,41.9811557
Field_31,2023-02-03,dataset1_field_satellite,561,ok,28.64888239,77.1263274,0.177957654,0.245363011,-0.245363011,0.266883534,36.71760375,8.845940703,5.246717235,Barley,2023,2,34,0.8660254037844386,0.5000000000000001,0.5524353131676196,0.8335557718385699,5,0.17925571825,0.22428473075,0.26883630475,37.780695907500004,9.097555556,8.9412288895,0.041456495656858154,0.05398494957415556,0.062175957060218175,3.1619289320167216,4.325861072822321,3.231348360756151,29.10721283
Field_31,2023-02-15,dataset1_field_satellite,560,ok,28.64888239,77.1263274,0.145961259,0.185983266,-0.185983266,0.218902997,40.07656822,8.654107764,5.100896691,Barley,2023,2,46,0.8660254037844386,0.5000000000000001,0.7116566222817746,0.7025274741691571,6,0.1789961054,0.2285003868,0.26844575060000003,37.568077476,8.3273878918,8.922171252199998,0.035907071285051224,0.047693184681383956,0.05385303974694448,2.7792766892504432,4.12317798195955,2.7987542119876103,28.80466474
Field_31,2023-03-17,dataset1_field_satellite,562,ok,28.64888239,77.1263274,0.131958813,0.153609027,-0.153609027,0.197909482,41.87274357,23.81418753,11.77853681,Barley,2023,3,76,1.0,6.123233995736766e-17,0.9657399376548549,0.2595117970697999,7,0.17349029766666668,0.2214142,0.260188625,37.98615926666667,7.789639358333333,8.877494004166666,0.0348329976802801,0.04605427398438763,0.052241751990470583,2.6885418788724493,3.916059020010567,2.5056728537951045,40.52057872
Field_31,2023-04-16,dataset1_field_satellite,564,ok,28.64888239,77.1263274,0.178347546,0.220126182,-0.220126182,0.26748185,38.00232466,22.56378154,5.309749341,Barley,2023,4,106,0.8660254037844387,-0.4999999999999998,0.9679377830240642,-0.25119006388481935,8,0.16755722842857143,0.2117277467142857,0.2512916045714286,38.54138559571429,8.359481851428571,11.011307365000002,0.03546158410050078,0.04923706362404725,0.05318301122921164,2.8603289666254055,3.879773422344499,6.091314575193711,29.52452054
Field_31,2023-05-16,dataset1_field_satellite,566,ok,28.64888239,77.1263274,0.181369758,0.222186982,-0.222186982,0.272018207,37.86622569,24.74968158,12.18213044,Barley,2023,5,136,0.49999999999999994,-0.8660254037844387,0.717676913675962,-0.6963762255968722,9,0.168906018125,0.212777551125,0.25331538524999997,38.47400297875,7.978265287625,12.455366636875,0.03305195210494291,0.04568126781883537,0.049569510562148145,2.654999438788202,3.750316380737646,6.963187710507521,41.57428069
Field_31,2023-05-31,dataset1_field_satellite,567,ok,28.64888239,77.1263274,0.199972966,0.242596882,-0.242596882,0.299919135,36.63401479,25.3830847,5.449925218,Barley,2023,5,151,0.49999999999999994,-0.8660254037844387,0.5160623910158528,-0.8565509959010036,10,0.1702908781111111,0.21382304344444444,0.25539347655555555,38.40647216888889,8.445361415666667,13.821401630555556,0.031195161969994566,0.0428458683953809,0.04678525944640664,2.491774058777087,3.777614719854201,7.695433687644323,30.0044244
Field_31,2023-06-15,dataset1_field_satellite,568,ok,28.64888239,77.1263274,0.164329391,0.20465827,-0.20465827,0.246461649,38.93534946,29.03603727,5.220375459,Barley,2023,6,166,1.2246467991473532e-16,-1.0,0.2802306751992159,-0.9599326896597447,11,0.1732590869,0.2167004273,0.2598460424,38.229226431,8.1458177959,14.977569937500002,0.03087254938537707,0.04140757836587331,0.04630234556772938,2.415205266729366,3.685381903715989,8.124468262845811,29.22197245
Field_31,2023-06-30,dataset1_field_satellite,569,ok,28.64888239,77.1263274,0.099200065,0.093627261,-0.093627261,0.14878105,45.2702357,28.0049812,10.06443984,Barley,2023,6,181,1.2246467991473532e-16,-1.0,0.02581844022713308,-0.9996666485105112,12,0.17244729636363634,0.21560568572727276,0.2586292793636364,38.293419433636366,7.879868492545455,16.255612422272726,0.02941176495250696,0.03945011839950518,0.044111247088688785,2.301135152453183,3.605808529319882,8.796226726290907,40.32235755
Field_31,2023-08-14,dataset1_field_satellite,570,ok,28.64888239,77.1263274,0.208217743,0.256061881,-0.256061881,0.312282476,35.86223023,25.76162675,12.76259028,Barley,2023,8,226,-0.8660254037844384,-0.5000000000000004,-0.680773409477016,-0.732494071613579,13,0.16634336041666667,0.20544081700000003,0.24947526025,38.87482078916667,8.061916104833333,17.234726487083332,0.035121321768092455,0.0515240101500654,0.052673179219793864,2.9782829812220184,3.4953632595145097,9.046745977800063,42.40889611
Field_31,2023-08-29,dataset1_field_satellite,571,ok,28.64888239,77.1263274,0.187848532,0.22311436,-0.22311436,0.281732622,37.7527028,30.37391546,5.38783389,Barley,2023,8,241,-0.8660254037844384,-0.5000000000000004,-0.8452490573530633,-0.5343725582809785,14,0.1695644667692308,0.20933474500000002,0.25430658453846156,38.643083053846155,8.423506426,17.890641891923078,0.03557522750817769,0.05128948656350634,0.053354479836630705,2.9713834550334,3.59153897946251,8.978654518314565,29.83750132
Field_31,2023-09-13,dataset1_field_satellite,572,ok,28.64888239,77.1263274,0.211675229,0.240501309,-0.240501309,0.317460982,36.62151018,19.65961986,13.0316527,Barley,2023,9,256,-1.0,-1.8369701987210297e-16,-0.9536809966304455,-0.300819807635668,15,0.17087047142857142,0.2103190032142857,0.2562655872142857,38.57948446428571,8.206672673428573,18.78230428964286,0.034527123912928316,0.04941476910466215,0.05178273106393415,2.8647135138046766,3.5447349729536475,9.249100151014074,42.93053075
Field_31,2023-09-28,dataset1_field_satellite,573,ok,28.64888239,77.1263274,0.208734616,0.233809376,-0.233809376,0.313056395,36.99326163,17.70546092,5.548706876,Barley,2023,9,271,-1.0,-1.8369701987210297e-16,-0.9988797155850335,-0.04732138832243232,16,0.1735907886,0.21233115693333332,0.2603452802,38.44895284533333,8.528338008533334,18.840791994333337,0.034899463843454985,0.048250753078784875,0.052340972747272854,2.806417027546054,3.635885643828174,8.915534064931448,30.48432827
Field_31,2023-10-13,dataset1_field_satellite,574,ok,28.64888239,77.1263274,0.210879211,0.254987197,-0.254987197,0.316267827,35.88992706,15.18810613,5.51860199,Barley,2023,10,286,-0.8660254037844386,0.5000000000000001,-0.9778483415056568,0.20931464596304888,17,0.1757872778125,0.21367354562500002,0.263639724875,38.357972144375,8.34211106275,18.7698338021875,0.03484203556854817,0.04692289717771886,0.05225507424536125,2.7355714645177245,3.590715953590413,8.617899523237156,30.23394365
Field_31,2023-10-28,dataset1_field_satellite,575,ok,28.64888239,77.1263274,0.130944474,0.159561215,-0.159561215,0.196386126,41.57915814,12.96637169,5.028456808,Barley,2023,10,301,-0.8660254037844386,0.5000000000000001,-0.8919813464595487,0.45207220393230374,18,0.17785150917647058,0.2161037604117647,0.2667354955882353,38.2127930217647,8.176022293764706,18.55914393911765,0.03479270536345191,0.04652471852193864,0.05218098573825225,2.715501869830535,3.543496386236343,8.389342280142092,28.63774165
Field_31,2023-11-27,dataset1_field_satellite,577,ok,28.64888239,77.1263274,0.120380898,0.136977336,-0.136977336,0.180543593,42.84027421,10.73408719,11.62989393,Barley,2023,11,331,-0.5000000000000004,0.8660254037844384,-0.5524353131676203,0.8335557718385695,19,0.17524556277777778,0.2129625078888889,0.26282719727777776,38.399813306111106,8.001157544555555,18.248434369722222,0.03551847098075522,0.047062059131563264,0.05326944375255338,2.7513209878432536,3.5168387916206285,8.244921416767186,40.44754987
Field_31,2023-12-11,dataset1_field_satellite,576,ok,28.64888239,77.1263274,0.115826326,0.105225747,-0.105225747,0.173715644,44.50816439,10.69708929,5.020930587,Barley,2023,12,345,-2.4492935982947064e-16,1.0,-0.33752289959411347,0.941317317512847,20,0.17235794884210529,0.20896328831578947,0.2584964812631579,38.63352177473684,8.192143670105263,17.852942412894738,0.03674102592196448,0.048945605253432715,0.05510294227431918,2.861293042486024,3.5176801534720537,8.195974437132522,29.2845686
Field_31,2023-12-12,dataset1_field_satellite,578,ok,28.64888239,77.1263274,0.217148082,0.28029491,-0.28029491,0.325652106,34.53358144,5.974133908,5.514838879,Barley,2023,12,346,-2.4492935982947064e-16,1.0,-0.32126966169236515,0.9469877530760751,21,0.16953136770000002,0.20377641125,0.2542574394,38.927253905499995,8.03358301595,17.495149756750003,0.037929496164439455,0.0529873393664544,0.05688511844052338,3.0792327847750216,3.4965177317160943,8.136266658916586,30.07745325
Field_31,2023-12-27,dataset1_field_satellite,579,ok,28.64888239,77.1263274,0.179936639,0.226053164,-0.226053164,0.269849431,37.68343783,11.62018614,12.11533522,Barley,2023,12,361,-2.4492935982947064e-16,1.0,-0.06880242680232064,0.9976303053065857,22,0.17179883028571427,0.20742014928571426,0.25765718542857147,38.71803140714286,7.913642818952381,16.946529954428573,0.03840160756340433,0.054277883072298874,0.05759205326455453,3.150689757162162,3.4520215966542254,8.319227778179357,41.42822299
Field_32,2023-01-01,dataset1_field_satellite,580,ok,26.78589803,75.94138105,0.383682267,0.47368217,-0.47368217,0.575436562,22.95759002,10.22562515,6.548753572,Barley,2023,1,1,0.49999999999999994,0.8660254037844387,0.017213356155834685,0.9998518392091162,1,,,,,,,,,,,,,33.4785111
Field_32,2023-01-04,dataset1_field_satellite,586,ok,26.78589803,75.94138105,0.310715999,0.402026545,-0.402026545,0.466005755,27.36183472,12.84701121,6.065193834,Barley,2023,1,4,0.49999999999999994,0.8660254037844387,0.06880242680231986,0.9976303053065857,2,0.383682267,0.47368217,0.575436562,22.95759002,6.548753572,10.22562515,,,,,,,31.78841487
Field_32,2023-01-05,dataset1_field_satellite,588,ok,26.78589803,75.94138105,0.254736439,0.360892193,-0.360892193,0.38205895,30.03404672,13.14894633,5.6616002,Barley,2023,1,5,0.49999999999999994,0.8660254037844387,0.08596479873744647,0.9962981749346078,3,0.34719913300000005,0.4378543575,0.5207211585,25.15971237,6.306973703,11.53631818,0.051594942900675005,0.050668178347660305,0.07737926570041631,3.1142712933749115,0.34192836984859043,1.8535998591338851,30.26524172
Field_32,2023-01-16,dataset1_field_satellite,581,ok,26.78589803,75.94138105,0.358814573,0.46151975,-0.46151975,0.538142734,23.832627,14.22015347,6.354953366,Barley,2023,1,16,0.49999999999999994,0.8660254037844387,0.2719581575341055,0.9623090774541486,4,0.316378235,0.4122003026666667,0.47450042233333334,26.78449048666667,6.091849202,12.073860896666666,0.06465912408192034,0.05707910069990749,0.09696826664189494,3.573381399958051,0.4441769442971509,1.6077228416660378,32.70649183
Field_32,2023-01-31,dataset1_field_satellite,582,ok,26.78589803,75.94138105,0.339846165,0.439085841,-0.439085841,0.509687244,25.17192238,12.71051685,13.59611932,Barley,2023,1,31,0.49999999999999994,0.8660254037844387,0.5086709438521044,0.8609610158889943,5,0.32698731950000004,0.42453016450000003,0.49041100025,26.046524615,6.157625243,12.61043404,0.05689826225003135,0.052726822356271505,0.08532964968632947,3.269721333287657,0.3857910343376376,1.6955308243525395,45.07966546
Field_32,2023-02-03,dataset1_field_satellite,584,ok,26.78589803,75.94138105,0.329032839,0.43435902,-0.43435902,0.493477447,25.52372969,6.843054856,6.15268616,Barley,2023,2,34,0.8660254037844386,0.5000000000000001,0.5524353131676196,0.8335557718385699,6,0.32955908860000005,0.4274412998,0.494266249,25.871604167999998,7.6453240584,12.630450602,0.04960976886484738,0.0461244175087002,0.07439876713572384,2.858547535359646,3.3433314027096226,1.4690547627705037,31.98663603
Field_32,2023-02-15,dataset1_field_satellite,583,ok,26.78589803,75.94138105,0.313571193,0.419579703,-0.419579703,0.470288402,26.43633403,5.736275446,6.049200613,Barley,2023,2,46,0.8660254037844386,0.5000000000000001,0.7116566222817746,0.7025274741691571,7,0.32947138033333334,0.42859425316666666,0.494134782,25.813625088333335,7.396551075333334,11.665884644333333,0.044372846312797136,0.041351485114899555,0.0665450594896801,2.5607039367335167,3.051822386263454,2.7034833894350903,31.62149178
Field_32,2023-03-17,dataset1_field_satellite,585,ok,26.78589803,75.94138105,0.26325198,0.325987802,-0.325987802,0.394827438,31.72944935,17.84607776,4.511969851,Barley,2023,3,76,1.0,6.123233995736766e-17,0.9657399376548549,0.2595117970697999,8,0.327199925,0.4273064602857143,0.4907281562857143,25.90258350857143,7.204072437857143,10.818797616,0.04095006479728566,0.0379020224772956,0.06141204938803282,2.3494110779911583,2.8320815805590422,3.3337037059583423,41.57428069
Field_32,2023-04-16,dataset1_field_satellite,587,ok,26.78589803,75.94138105,0.260529027,0.381766859,-0.381766859,0.390742723,28.9089361,11.55072403,5.664422534,Barley,2023,4,106,0.8660254037844387,-0.4999999999999998,0.9679377830240642,-0.25119006388481935,9,0.31920643187500003,0.414641628,0.4787405665,26.63094173875,6.8675596145,11.697207634,0.04414200955426057,0.050145027597718564,0.06619880033114597,2.9958713095234826,2.7894086871988626,3.962165990234506,30.1609148
Field_32,2023-05-16,dataset1_field_satellite,589,ok,26.78589803,75.94138105,0.228784512,0.329600443,-0.329600443,0.343137157,31.89698402,21.40036158,5.502608769,Barley,2023,5,136,0.49999999999999994,-0.8660254037844387,0.717676913675962,-0.6963762255968722,10,0.31268672022222227,0.4109888758888889,0.46896302833333336,26.884052223333335,6.733877716666666,11.680931678,0.045689300080770275,0.04816940627147071,0.06851932787927925,2.903433062251787,2.6398936284380508,3.7065885363893627,29.75403978
Field_32,2023-05-31,dataset1_field_satellite,590,ok,26.78589803,75.94138105,0.301469402,0.374477645,-0.374477645,0.452154573,28.86303634,13.91232046,6.047319058,Barley,2023,5,151,0.49999999999999994,-0.8660254037844387,0.5160623910158528,-0.8565509959010036,11,0.30429649940000003,0.40285003259999996,0.4563804412,27.385345403000002,6.6107508219,12.652874668199999,0.05059174243674557,0.052200471381083934,0.07587132473349474,3.1632600106367557,2.5191869908780293,4.653922771677516,31.86144372
Field_32,2023-06-15,dataset1_field_satellite,591,ok,26.78589803,75.94138105,0.28626055,0.366061762,-0.366061762,0.429343119,29.44811417,28.53153334,5.930662623,Barley,2023,6,166,1.2246467991473532e-16,-1.0,0.2802306751992159,-0.9599326896597447,12,0.30403949054545454,0.40027072463636365,0.45599627136363635,27.51968094272727,6.559529752454545,12.767369740181818,0.048003109811468096,0.05025516308252003,0.07198913512627275,3.033825788501422,2.3959408095807975,4.431399077588704,31.40240524
Field_32,2023-08-14,dataset1_field_satellite,592,ok,26.78589803,75.94138105,0.446213705,0.456689615,-0.456689615,0.669248917,23.18667847,28.9282963,14.62721168,Barley,2023,8,226,-0.8660254037844384,-0.5000000000000004,-0.680773409477016,-0.732494071613579,13,0.30255791216666666,0.39741997775,0.4537751753333333,27.680383711666668,6.507124158333333,14.081050040166666,0.046056028475925194,0.04892345244957271,0.0690688372582658,2.94572015122209,2.291641756492749,6.209763285515899,49.48226181
Field_32,2023-08-29,dataset1_field_satellite,593,ok,26.78589803,75.94138105,0.437665371,0.467585523,-0.467585523,0.656414874,22.71758881,31.63423818,7.045484198,Barley,2023,8,241,-0.8660254037844384,-0.5000000000000004,-0.8452490573530633,-0.5343725582809785,14,0.3136083577692308,0.4019791806153846,0.47035007853846156,27.334714077692304,7.131746275384615,15.22314590630769,0.05942941305946013,0.04964139216689343,0.08913146845099025,3.0834232688061403,3.1441967236245265,7.232199432668891,35.65894389
Field_32,2023-09-13,dataset1_field_satellite,594,ok,26.78589803,75.94138105,0.471215419,0.515469628,-0.515469628,0.706708711,19.92977475,24.5338994,14.23961127,Barley,2023,9,256,-1.0,-1.8369701987210297e-16,-0.9536809966304455,-0.300819807635668,15,0.32246957299999995,0.40666534792857145,0.4836404210714286,27.004919415714287,7.125584698428571,16.395366783,0.06602628164119903,0.05081487036978488,0.09902612990981113,3.2091831110828926,3.0209344717994515,8.216975993682704,49.31533872
Field_32,2023-09-28,dataset1_field_satellite,595,ok,26.78589803,75.94138105,0.445655491,0.474825245,-0.474825245,0.6683902,22.26629491,10.34438565,7.100049304,Barley,2023,9,271,-1.0,-1.8369701987210297e-16,-0.9988797155850335,-0.04732138832243232,16,0.3323859627333334,0.4139189666,0.4985116404,26.533243104666667,7.599853136533333,16.937935624133335,0.07431756819690537,0.05645295782677248,0.11145865081172233,3.591712932280051,3.4421131577239663,8.19216972479249,35.85716505
Field_32,2023-10-13,dataset1_field_satellite,596,ok,26.78589803,75.94138105,0.395862742,0.460187793,-0.460187793,0.593712356,23.52227422,29.49295286,6.688929449,Barley,2023,10,286,-0.8660254037844386,0.5000000000000001,-0.9778483415056568,0.20931464596304888,17,0.33946530825,0.417725609,0.509129050375,26.2665588425,7.568615397,16.52583875075,0.07718010326695482,0.05662439791599471,0.11575188593692039,3.6301932363230085,3.3277439103908115,8.084226399311397,34.15663613
Field_32,2023-10-28,dataset1_field_satellite,597,ok,26.78589803,75.94138105,0.345750418,0.42322114,-0.42322114,0.518555155,25.92174399,21.88226595,13.24426846,Barley,2023,10,301,-0.8660254037844386,0.5000000000000001,-0.8919813464595487,0.45207220393230374,18,0.3427828043529412,0.42022338452941177,0.5141045389411765,26.105130335294117,7.516869164764707,17.288610168941176,0.07597084036464719,0.05578519777692088,0.11393829985723988,3.577382390755595,3.2291303002017457,8.43569740534682,45.36134816
Field_32,2023-11-27,dataset1_field_satellite,599,ok,26.78589803,75.94138105,0.011540127,-0.028689449,0.028689449,0.017307896,52.41152142,20.69522896,11.18302452,Barley,2023,11,331,-0.5000000000000004,0.8660254037844384,-0.5524353131676203,0.8335557718385695,19,0.34294767177777774,0.4203899265,0.514351795388889,26.094942205000002,7.8350580145,17.54381326788889,0.07370586010675836,0.05412420353546357,0.11054136471701952,3.470839858548155,3.4112032379846844,8.255141747730999,43.12875191
Field_32,2023-12-11,dataset1_field_satellite,598,ok,26.78589803,75.94138105,0.339927302,0.40117107,-0.40117107,0.509826975,27.10718768,8.368623471,6.327670812,Barley,2023,12,345,-2.4492935982947064e-16,1.0,-0.33752289959411347,0.941317317512847,20,0.3255051694210526,0.39675416989473683,0.48819159015789476,27.48002532157895,8.01126677794737,17.709677251684212,0.10445727427840254,0.11567633355993047,0.1566630414177022,6.915787456269222,3.402908614603631,8.055067156697861,32.92557838
Field_32,2023-12-12,dataset1_field_satellite,600,ok,26.78589803,75.94138105,0.346068168,0.441761532,-0.441761532,0.519022281,24.9717454,7.146956313,6.287217371,Barley,2023,12,346,-2.4492935982947064e-16,1.0,-0.32126966169236515,0.9469877530760751,21,0.32622627605,0.39697501490000003,0.4892733594,27.461383439500004,7.927086979649999,17.24262456265,0.10172237675132717,0.11259540707231876,0.1525613317938942,6.73184946839262,3.3334740635583757,8.113687089783209,32.52913606
Field_32,2023-12-27,dataset1_field_satellite,601,ok,26.78589803,75.94138105,0.341707663,0.44764404,-0.44764404,0.512484393,24.71589208,13.75085579,6.23453382,Barley,2023,12,361,-2.4492935982947064e-16,1.0,-0.06880242680232064,0.9976303053065857,22,0.32717112804761905,0.3991077061904762,0.4906899747142857,27.342829247142856,7.848997950666666,16.76187845552381,0.09924120861107798,0.1101787421603734,0.14884003069978313,6.583848755012348,3.2687157556438473,8.209371199502778,32.26831874
Field_33,2023-01-01,dataset1_field_satellite,602,ok,23.60146274,77.52801189,0.652243885,0.613432875,-0.613432875,0.978206,13.07852224,9.233004766,8.620346068,Barley,2023,1,1,0.49999999999999994,0.8660254037844387,0.017213356155834685,0.9998518392091162,1,,,,,,,,,,,,,41.65774223
Field_33,2023-01-04,dataset1_field_satellite,608,ok,23.60146274,77.52801189,0.253046101,0.377036814,-0.377036814,0.379509349,29.22689506,12.12259309,5.607975871,Barley,2023,1,4,0.49999999999999994,0.8660254037844387,0.06880242680231986,0.9976303053065857,2,0.652243885,0.613432875,0.978206,13.07852224,8.620346068,9.233004766,,,,,,,29.95226094
Field_33,2023-01-05,dataset1_field_satellite,610,ok,23.60146274,77.52801189,0.260882826,0.351338888,-0.351338888,0.391262426,30.45910794,13.97669863,5.738743972,Barley,2023,1,5,0.49999999999999994,0.8660254037844387,0.08596479873744647,0.9962981749346078,3,0.452644993,0.4952348445,0.6788576745,21.15270865,7.1141609695,10.677798928000001,0.2822754601010426,0.16715725777888873,0.42334246179577584,11.41862392615053,2.1300673937429564,2.0432474987378697,30.65125136
Field_33,2023-01-16,dataset1_field_satellite,603,ok,23.60146274,77.52801189,0.670005458,0.652333936,-0.652333936,1.004858197,10.91066734,7.530888186,16.16067934,Barley,2023,1,16,0.49999999999999994,0.8660254037844387,0.2719581575341055,0.9623090774541486,4,0.3887242706666667,0.4472695256666667,0.5829925916666666,24.254841746666667,6.655688637,11.777432162000002,0.22824831635408166,0.14447418401371537,0.3423152966193295,9.698565637852477,1.7026990896654133,2.3906086920491973,55.90880055
Field_33,2023-01-31,dataset1_field_satellite,604,ok,23.60146274,77.52801189,0.55098668,0.492366972,-0.492366972,0.826369339,20.29480345,9.228320039,7.999432786,Barley,2023,1,31,0.49999999999999994,0.8660254037844387,0.5086709438521044,0.8609610158889943,5,0.4590445675,0.49853562825,0.688458993,20.918798145,9.03193631275,10.715796168,0.2334765638471973,0.15629474184147088,0.35016066137398694,10.35494396910833,4.951666540266425,2.8841446821128076,39.64423252
Field_33,2023-02-03,dataset1_field_satellite,606,ok,23.60146274,77.52801189,0.590656793,0.639196047,-0.639196047,0.885866791,12.39192331,11.71261392,8.008840563,Barley,2023,2,34,0.8660254037844386,0.5000000000000001,0.5524353131676196,0.8335557718385699,6,0.47743298999999995,0.497301897,0.7160410622,20.793999206000002,8.8254356074,10.4183009422,0.20633504261180002,0.1353833269256416,0.30945632856215577,8.971985417309112,4.313057367001486,2.584808495302632,38.88264595
Field_33,2023-02-15,dataset1_field_satellite,605,ok,23.60146274,77.52801189,0.66788141,0.680250079,-0.680250079,1.001683767,9.506839707,10.33798275,8.602471292,Barley,2023,2,46,0.8660254037844386,0.5000000000000001,0.7116566222817746,0.7025274741691571,7,0.4963036238333333,0.520950922,0.7443453503333334,19.393653223333335,8.689336433333333,10.634019771833334,0.19025226615029092,0.1342332837573002,0.2853372947761012,8.727143352194343,3.8720936186934325,2.3715386664908453,41.21956913
Field_33,2023-03-17,dataset1_field_satellite,607,ok,23.60146274,77.52801189,0.543689515,0.600971496,-0.600971496,0.815404449,14.82350682,19.24313918,15.02610143,Barley,2023,3,76,1.0,6.123233995736766e-17,0.9657399376548549,0.2595117970697999,8,0.5208147361428571,0.5437079444285714,0.7811079812857142,17.98125129242857,8.676927127428572,10.591728768714287,0.1853883303572573,0.1365307775274794,0.2780436064125669,8.799621984821627,3.5348741744768324,2.167798285857032,51.21408881
Field_33,2023-04-16,dataset1_field_satellite,609,ok,23.60146274,77.52801189,0.193934174,0.316401766,-0.316401766,0.290860097,32.92688827,19.1403143,5.222257014,Barley,2023,4,106,0.8660254037844387,-0.4999999999999998,0.9679377830240642,-0.25119006388481935,9,0.5236740835,0.550865888375,0.78539503975,17.586533233375,9.47057391525,11.673155070125,0.17182667627799583,0.128014030659478,0.25770378874561334,8.223007911937836,3.968537425986319,3.6583980840648995,28.61687627
Field_33,2023-05-16,dataset1_field_satellite,611,ok,23.60146274,77.52801189,0.238698446,0.325022509,-0.325022509,0.357989153,32.02950359,29.48489697,5.602331205,Barley,2023,5,136,0.49999999999999994,-0.8660254037844387,0.717676913675962,-0.6963762255968722,10,0.48703631577777773,0.5248143192222222,0.7304467127777777,19.291017126333333,8.998538704000001,12.502839429,0.19471720534831496,0.14299406049858407,0.29203373970404417,9.23650446879163,3.9731578504648972,4.231580932944553,30.21307826
Field_33,2023-05-31,dataset1_field_satellite,612,ok,23.60146274,77.52801189,0.276480786,0.380591732,-0.380591732,0.414655443,28.80602992,11.95846984,5.809302299,Barley,2023,5,151,0.49999999999999994,-0.8660254037844387,0.5160623910158528,-0.8565509959010036,11,0.46220252879999996,0.5048351382,0.6932009567999999,20.5648657727,8.658917954100001,14.201045183100002,0.19967274567219315,0.14888604941425918,0.299466527800556,9.594826453543591,3.8968458652311817,6.689971499937057,30.79730906
Field_33,2023-06-15,dataset1_field_satellite,613,ok,23.60146274,77.52801189,0.234273196,0.355086017,-0.355086017,0.351355452,30.53952398,25.36075577,5.492260214,Barley,2023,6,166,1.2246467991473532e-16,-1.0,0.2802306751992159,-0.9599326896597447,12,0.445318734,0.4935402830909091,0.6678786373636364,21.314062513363634,8.399861985454546,13.997174697363636,0.19752967529760856,0.14612892051355075,0.29625259429014067,9.435511566666063,3.795402069798614,6.38258111797032,29.56625131
Field_33,2023-08-29,dataset1_field_satellite,614,ok,23.60146274,77.52801189,0.79917069,0.71146937,-0.71146937,1.198618609,6.571805389,27.88863419,16.94528794,Barley,2023,8,241,-0.8660254037844384,-0.5000000000000004,-0.8452490573530633,-0.5343725582809785,13,0.4277316058333333,0.4820024275833333,0.6415017052499999,22.082850968916663,8.157561837833333,14.94413978675,0.1979458742401539,0.1449478691827339,0.29687677464141754,9.382311676023829,3.7148400728727635,6.9133827892842845,58.4335122
Field_33,2023-09-13,dataset1_field_satellite,615,ok,23.60146274,77.52801189,0.79917069,0.71146937,-0.71146937,1.198618609,6.571805389,26.13321899,16.2970921,Barley,2023,9,256,-1.0,-1.8369701987210297e-16,-0.9536809966304455,-0.300819807635668,14,0.45630384307692307,0.49965373084615383,0.6843568516923076,20.889693616615382,8.83354076876923,15.939870125461539,0.21570860128653258,0.15267433195624525,0.3235220150268882,9.959881664094869,4.3116529775717085,7.530018742019983,58.06836795
Field_33,2023-10-13,dataset1_field_satellite,616,ok,23.60146274,77.52801189,0.65059295,0.612993659,-0.612993659,0.975765975,13.11781134,14.9748755,8.606234402,Barley,2023,10,286,-0.8660254037844386,0.5000000000000001,-0.9778483415056568,0.20931464596304888,15,0.4807943321428571,0.5147834193571429,0.7210898343571428,19.86698731464286,9.366651578142855,16.667966472928573,0.22660081912765911,0.15722951866310889,0.3398611387585684,10.305897646607107,4.597741212737454,7.730542861122747,41.60557876
Field_33,2023-10-28,dataset1_field_satellite,617,ok,23.60146274,77.52801189,0.540058136,0.562099212,-0.562099212,0.809976246,16.84558237,22.85783312,7.737896585,Barley,2023,10,301,-0.8660254037844386,0.5000000000000001,-0.8919813464595487,0.45207220393230374,16,0.49211424,0.5213307686666666,0.7380682437333334,19.417042249666668,9.315957099733334,16.5550937414,0.22271579774280914,0.1536175246776927,0.33403471356561554,10.082745019674153,4.43484257008886,7.462153372180837,38.13149207
Field_33,2023-11-27,dataset1_field_satellite,619,ok,23.60146274,77.52801189,0.367160525,0.397081046,-0.397081046,0.550657339,27.0379127,28.06585639,9.239377795,Barley,2023,11,331,-0.5000000000000004,0.8660254037844384,-0.5524353131676203,0.8335557718385695,17,0.49511073349999996,0.523878796375,0.742562493875,19.2563260071875,9.217328317562501,16.9490149525625,0.21549749039373245,0.14875819333894535,0.3232085236475763,9.76204756659819,4.302590177261549,7.379313438002179,44.47456928
Field_33,2023-12-11,dataset1_field_satellite,618,ok,23.60146274,77.52801189,0.455368433,0.520293511,-0.520293511,0.68294903,19.84528943,10.89284389,14.59334369,Barley,2023,12,345,-2.4492935982947064e-16,1.0,-0.33752289959411347,0.941317317512847,18,0.4875842506470588,0.5164201051764706,0.7312739553529412,19.714066400882352,9.218625345647059,17.60294680182353,0.2109496039186315,0.14728096565693985,0.316387569496545,9.638642070104138,4.165968457953965,7.636788056466359,48.82500216
Field_33,2023-12-12,dataset1_field_satellite,620,ok,23.60146274,77.52801189,0.528929591,0.490196885,-0.490196885,0.793250124,20.63088388,7.083086957,7.807514135,Barley,2023,12,346,-2.4492935982947064e-16,1.0,-0.32126966169236515,0.9469877530760751,19,0.485794483,0.5166352943888889,0.7285892372777778,19.721356569166666,9.517220809222222,17.230163306722222,0.20479199869097606,0.14288644098085404,0.30715229655284626,9.350907468182552,4.235476373292227,7.575706430199019,38.83048249
Field_33,2023-12-27,dataset1_field_satellite,621,ok,23.60146274,77.52801189,0.528929591,0.490196885,-0.490196885,0.793250124,20.63088388,6.822004669,7.807514135,Barley,2023,12,361,-2.4492935982947064e-16,1.0,-0.06880242680232064,0.9976303053065857,20,0.4880647518421053,0.5152437991578948,0.7319924418421052,19.769226427631576,9.427236247421053,16.69610665673684,0.1992679206528848,0.13899306454428484,0.29886675233915483,9.08984384146584,4.134789202971503,7.721530574475621,38.83048249
Field_34,2023-01-01,dataset1_field_satellite,622,ok,22.12689959,73.08389026,0.60054513,0.604864376,-0.604864376,0.900658925,14.04406013,8.707579224,8.178180549,Groundnut,2023,1,1,0.49999999999999994,0.8660254037844387,0.017213356155834685,0.9998518392091162,1,,,,,,,,,,,,,39.80072292
Field_34,2023-01-04,dataset1_field_satellite,628,ok,22.12689959,73.08389026,0.434837475,0.492131276,-0.492131276,0.652149347,21.49305636,14.71474115,6.96269576,Groundnut,2023,1,4,0.49999999999999994,0.8660254037844387,0.06880242680231986,0.9976303053065857,2,0.60054513,0.604864376,0.900658925,14.04406013,8.178180549,8.707579224,,,,,,,35.16860733
Field_34,2023-01-05,dataset1_field_satellite,630,ok,22.12689959,73.08389026,0.373017956,0.440882889,-0.440882889,0.559445893,24.74137794,13.73386023,13.47381822,Groundnut,2023,1,5,0.49999999999999994,0.8660254037844387,0.08596479873744647,0.9962981749346078,3,0.5176913025,0.548497826,0.776404136,17.768558245,7.5704381545,11.711160187,0.1171730065450209,0.07971433947418115,0.17572280779360724,5.267235747266027,0.8594775367309999,4.247704933560241,46.26899243
Field_34,2023-01-16,dataset1_field_satellite,623,ok,22.12689959,73.08389026,0.564809901,0.577229969,-0.577229969,0.847070503,15.82015313,6.967994364,7.92417057,Groundnut,2023,1,16,0.49999999999999994,0.8660254037844387,0.2719581575341055,0.9623090774541486,4,0.46946685366666663,0.5126261803333333,0.7040847216666667,20.092831476666664,9.538231509666668,12.385393534666667,0.11765011316286995,0.08388988525088796,0.1764356700273035,5.4843982691782305,3.462077827546177,3.222618566106359,38.85134787
Field_34,2023-01-31,dataset1_field_satellite,624,ok,22.12689959,73.08389026,0.529384505,0.550400365,-0.550400365,0.793936939,17.55198511,9.56818749,14.9216751,Groundnut,2023,1,31,0.49999999999999994,0.8660254037844387,0.5086709438521044,0.8609610158889943,5,0.4933026155,0.5287771274999999,0.739831167,19.02466189,9.13471627475,11.031043742,0.10723932854535673,0.07573036121085519,0.16082370426815706,4.9614878124908595,2.9397199586407288,3.7763165993677723,51.39144458
Field_34,2023-02-03,dataset1_field_satellite,626,ok,22.12689959,73.08389026,0.474690864,0.546112315,-0.546112315,0.711917212,18.32953093,14.76505238,7.191304741,Groundnut,2023,2,34,0.8660254037844386,0.5000000000000001,0.5524353131676196,0.8335557718385699,6,0.5005189934,0.533101775,0.7506523213999999,18.730126534,10.2921080398,10.7384724916,0.09426338493880997,0.0662935033532037,0.1413636615387488,4.346955988366082,3.630322790806729,3.335178402544387,35.85716505
Field_34,2023-02-15,dataset1_field_satellite,625,ok,22.12689959,73.08389026,0.50900086,0.548661637,-0.548661637,0.763367505,17.84894773,9.61013298,7.492353605,Groundnut,2023,2,46,0.8660254037844386,0.5000000000000001,0.7116566222817746,0.7025274741691571,7,0.4962143051666667,0.5352701983333333,0.7441964698333333,18.6633606,9.775307490000001,11.409569139666667,0.08496852733109479,0.05953213609461911,0.12742455006637668,3.891473658074887,3.4850956517722866,3.4060176522908265,37.14038626
Field_34,2023-03-17,dataset1_field_satellite,627,ok,22.12689959,73.08389026,0.472486092,0.523380503,-0.523380503,0.708614417,19.51283366,26.50706539,3.773459356,Groundnut,2023,3,76,1.0,6.123233995736766e-17,0.9657399376548549,0.2595117970697999,8,0.49804095585714286,0.537183261,0.7469351891428572,18.54701590428571,9.449171220714286,11.152506831142857,0.07771571333967339,0.05458035071973887,0.11654763282542445,3.5657246075828075,3.2963814223084547,3.182770923740674,46.56110783
Field_34,2023-04-16,dataset1_field_satellite,629,ok,22.12689959,73.08389026,0.411226658,0.485390985,-0.485390985,0.61674347,22.07837936,23.98707325,6.767013998,Groundnut,2023,4,106,0.8660254037844387,-0.4999999999999998,0.9679377830240642,-0.25119006388481935,9,0.49484659787499996,0.53545791625,0.742145092625,18.66774312375,8.739707237625,13.071826651,0.07251582318243004,0.05076667878004506,0.10874940110421719,3.318832740326156,3.652470297383736,6.176827022812833,34.35485729
Field_34,2023-05-16,dataset1_field_satellite,631,ok,22.12689959,73.08389026,0.35895279,0.433256375,-0.433256375,0.538353136,25.27446685,10.34912556,13.19064414,Groundnut,2023,5,136,0.49999999999999994,-0.8660254037844387,0.717676913675962,-0.6963762255968722,10,0.48555549344444443,0.5298949238888889,0.728211579,19.046702705555553,8.520519099888888,14.284631828666667,0.073335858413212,0.050335083899301976,0.10997914996899513,3.3061023419214344,3.479276192202863,6.828038565489189,45.68476164
Field_34,2023-05-31,dataset1_field_satellite,632,ok,22.12689959,73.08389026,0.356693164,0.436949675,-0.436949675,0.53495987,25.10894807,19.36434516,6.393525251,Groundnut,2023,5,151,0.49999999999999994,-0.8660254037844387,0.5160623910158528,-0.8565509959010036,11,0.4728952231,0.520231069,0.7092257347,19.66947912,8.987531603899999,13.8910812018,0.07989618618426676,0.05644473559490962,0.11981694972089141,3.6870500580788335,3.597405912201531,6.556729146000436,33.00903992
Field_34,2023-06-15,dataset1_field_satellite,633,ok,22.12689959,73.08389026,0.25456852,0.302343602,-0.302343602,0.381793944,33.02550864,25.56044728,12.66757173,Groundnut,2023,6,166,1.2246467991473532e-16,-1.0,0.2802306751992159,-0.9599326896597447,12,0.46233139954545455,0.5126600331818182,0.6933833833636364,20.163976297272725,8.751712844545454,14.388650652545454,0.08350208715426927,0.059143332470393,0.12522488710671442,3.863250750254099,3.5012728724461,6.435445309073562,43.42086731
Field_34,2023-09-28,dataset1_field_satellite,634,ok,22.12689959,73.08389026,0.683771524,0.610146866,-0.610146866,1.02551923,12.92433241,22.46110587,15.86621592,Groundnut,2023,9,271,-1.0,-1.8369701987210297e-16,-0.9988797155850335,-0.04732138832243232,13,0.44501782624999997,0.49513366391666663,0.66741759675,21.235770659166665,9.078034418333333,15.319633704833334,0.09967870287037518,0.08286147012644303,0.14948701291667754,5.229993568101004,3.524527548607565,6.931862204357544,56.94163714
Field_34,2023-10-13,dataset1_field_satellite,635,ok,22.12689959,73.08389026,0.637394283,0.56715529,-0.56715529,0.955962979,15.59331512,26.1040554,8.595885848,Groundnut,2023,10,286,-0.8660254037844386,0.5000000000000001,-0.9778483415056568,0.20931464596304888,14,0.4633834953076923,0.5039808333076923,0.6949638762307693,20.596429255384614,9.600202226153847,15.868977717538463,0.11615820341788445,0.08550670096503923,0.17420831624871636,5.512465563899978,3.864152312124729,6.926009851351537,41.81423262
Field_34,2023-10-28,dataset1_field_satellite,636,ok,22.12689959,73.08389026,0.662306237,0.640293242,-0.640293242,0.993308483,11.60414895,16.10838248,8.646687843,Groundnut,2023,10,301,-0.8660254037844386,0.5000000000000001,-0.8919813464595487,0.45207220393230374,15,0.4758128372857143,0.5084932945,0.7136066692857143,20.23906396,9.528465342,16.600054694857143,0.12090353856896133,0.08386926209344875,0.1813278435041907,5.462392620377772,3.722247893569167,7.194600192257059,41.62644415
Field_34,2023-11-27,dataset1_field_satellite,638,ok,22.12689959,73.08389026,0.581497318,0.535958659,-0.535958659,0.872128569,17.75722013,10.07816775,15.43345817,Groundnut,2023,11,331,-0.5000000000000004,0.8660254037844384,-0.5524353131676203,0.8335557718385695,16,0.4882457306,0.5172799576666667,0.7322534568666667,19.663402959333332,9.469680175399999,16.5672765472,0.12606426617715333,0.08769094880407746,0.18906816478213184,5.716401866706783,3.5940663209945396,6.93405241495051,53.91615623
Field_34,2023-12-11,dataset1_field_satellite,637,ok,22.12689959,73.08389026,0.622340486,0.632899719,-0.632899719,0.933374662,12.38985978,13.66911424,8.307067094,Groundnut,2023,12,345,-2.4492935982947064e-16,1.0,-0.33752289959411347,0.941317317512847,17,0.4940739548125,0.5184473765,0.740995651375,19.5442665325,9.8424163000625,16.161707247375,0.12400084846162933,0.08484610501608655,0.18597437540950545,5.5430914442593044,3.778766205581937,6.89256560929462,40.19716524
Field_34,2023-12-12,dataset1_field_satellite,639,ok,22.12689959,73.08389026,0.65712276,0.616793296,-0.616793296,0.985531475,12.8570971,14.71691491,8.65609562,Groundnut,2023,12,346,-2.4492935982947064e-16,1.0,-0.32126966169236515,0.9469877530760751,18,0.5016190448823529,0.5251798672352941,0.7523120637647059,19.123419076470586,9.752101640882353,16.015084129294117,0.124028141156598,0.0867149469577748,0.18601573658968223,5.6406037104326145,3.677675413822996,6.701023514723472,41.79336723
Field_34,2023-12-27,dataset1_field_satellite,640,ok,22.12689959,73.08389026,0.653216445,0.625670761,-0.625670761,0.979653247,12.44366964,8.295581396,8.599648958,Groundnut,2023,12,361,-2.4492935982947064e-16,1.0,-0.06880242680232064,0.9976303053065857,19,0.5102581401666666,0.5302695021666666,0.7652686977222223,18.775290077777775,9.691212417500001,15.942963617111111,0.1257835841677845,0.08685297036372559,0.18864832257525968,5.668010680217333,3.5772092098975277,6.508144567119489,41.50125184
Field_35,2023-01-04,dataset1_field_satellite,645,ok,10.90004055,79.83779179,0.370075906,0.38832159,-0.38832159,0.555031005,27.45543436,24.81459849,6.627778899,Groundnut,2023,1,4,0.49999999999999994,0.8660254037844387,0.06880242680231986,0.9976303053065857,1,,,,,,,,,,,,,34.29226113
Field_35,2023-01-16,dataset1_field_satellite,641,ok,10.90004055,79.83779179,0.476113606,0.443343774,-0.443343774,0.714031993,23.56281149,22.20461919,14.09755384,Groundnut,2023,1,16,0.49999999999999994,0.8660254037844387,0.2719581575341055,0.9623090774541486,2,0.370075906,0.38832159,0.555031005,27.45543436,6.627778899,24.81459849,,,,,,,50.55682916
Field_35,2023-01-31,dataset1_field_satellite,642,ok,10.90004055,79.83779179,0.476113606,0.443343774,-0.443343774,0.714031993,23.56281149,18.25920929,5.653133201,Groundnut,2023,1,31,0.49999999999999994,0.8660254037844387,0.5086709438521044,0.8609610158889943,3,0.423094756,0.415832682,0.6345314989999999,25.509122925,10.3626663695,23.50960884,0.07497997673142477,0.03890655942209398,0.11243067683016088,2.7525000279788396,5.281928514718443,1.845534061786519,47.95908866
Field_35,2023-02-03,dataset1_field_satellite,644,ok,10.90004055,79.83779179,0.381504046,0.399499217,-0.399499217,0.572168829,26.76794175,19.14381571,14.01382462,Groundnut,2023,2,34,0.8660254037844386,0.5000000000000001,0.5524353131676196,0.8335557718385699,4,0.440767706,0.42500304600000005,0.6610316636666667,24.860352446666667,8.79282198,21.759475656666666,0.061220894639248784,0.03176707274380114,0.09179926322321647,2.2474068618481926,4.619807207993833,3.3002873306456992,47.54178095
Field_35,2023-02-15,dataset1_field_satellite,643,ok,10.90004055,79.83779179,0.434537995,0.400565867,-0.400565867,0.651692137,26.17184487,20.91274328,7.17531152,Groundnut,2023,2,46,0.8660254037844386,0.5000000000000001,0.7116566222817746,0.7025274741691571,5,0.425951791,0.41862708875,0.638815955,25.3372497725,10.09807264,21.10556067,0.058109471196775675,0.028902870628283252,0.08713334990193147,2.0680786508261306,4.587279102882548,2.995276873517607,36.58745354
Field_35,2023-04-16,dataset1_field_satellite,646,ok,10.90004055,79.83779179,0.105283567,0.0895008,-0.0895008,0.157907774,45.41882078,20.42338375,4.963543147,Groundnut,2023,4,106,0.8660254037844387,-0.4999999999999998,0.9679377830240642,-0.25119006388481935,6,0.4276690318,0.4150148444,0.6413911914,25.504168792,9.513520416,21.066997192,0.05047056133928569,0.026301587293108247,0.07567909031845414,1.8294867517575328,4.18220679650396,2.5954187274791214,29.56625131
Field_35,2023-05-16,dataset1_field_satellite,647,ok,10.90004055,79.83779179,0.17695032,0.165628396,-0.165628396,0.265397615,40.79948948,29.25438417,5.425464998,Groundnut,2023,5,136,0.49999999999999994,-0.8660254037844387,0.717676913675962,-0.6963762255968722,7,0.37393812099999996,0.3607625036666667,0.5608106218333333,28.82327745666667,8.755190871166667,20.959728285,0.1391398099104186,0.134956725084687,0.20866535150636156,8.293160518588621,4.176489571683607,2.336235948532023,30.31740519
Field_35,2023-05-31,dataset1_field_satellite,648,ok,10.90004055,79.83779179,0.336731953,0.382509737,-0.382509737,0.50502703,28.0927506,27.8199993,13.8670633,Groundnut,2023,5,151,0.49999999999999994,-0.8660254037844387,0.5160623910158528,-0.8565509959010036,8,0.34579700657142853,0.3328862025714286,0.5186087637142857,30.53416488857143,8.27951574642857,22.144679125714283,0.14723007562053972,0.14358754069876592,0.2207970453462397,8.82064114006338,4.014941517471184,3.791713526939708,45.99774242
Field_35,2023-06-15,dataset1_field_satellite,649,ok,10.90004055,79.83779179,0.333354215,0.377900093,-0.377900093,0.499958274,28.36263555,39.9820371,13.01848182,Groundnut,2023,6,166,1.2246467991473532e-16,-1.0,0.2802306751992159,-0.9599326896597447,9,0.344663874875,0.33908914437500004,0.516911047,30.2289881025,8.977959190625,22.8540941475,0.1363462369432533,0.13408897596987832,0.20447473366657823,8.211818151673297,4.209455920692588,4.043436489597113,45.46567509
Field_35,2023-06-30,dataset1_field_satellite,650,ok,10.90004055,79.83779179,0.374741894,0.399759323,-0.399759323,0.562017631,26.82372059,35.57359082,14.09379073,Groundnut,2023,6,181,1.2246467991473532e-16,-1.0,0.02581844022713308,-0.9996666485105112,10,0.343407246,0.343401472,0.5150274055555556,30.021615596666663,9.426906149444443,24.75719892,0.1275959299220704,0.12609416052290973,0.19135205790724305,7.70660384944059,4.16155735286938,6.848501755182679,47.3226944
Field_35,2023-07-30,dataset1_field_satellite,651,ok,10.90004055,79.83779179,0.326152167,0.378498518,-0.378498518,0.489161313,28.40563097,35.65772577,6.258053262,Groundnut,2023,7,211,-0.4999999999999997,-0.8660254037844388,-0.47115950767386394,-0.8820480249558535,11,0.3465407108,0.3490372571,0.5197264281,29.701826096,9.8935946075,25.83883811,0.12070599948735802,0.12021114996178967,0.18101938314914814,7.335892147244241,4.191927524410248,7.306851508358964,32.7482226
Field_35,2023-09-13,dataset1_field_satellite,652,ok,10.90004055,79.83779179,0.309926621,0.333287856,-0.333287856,0.464864095,30.87999443,26.33753113,8.022952228,Groundnut,2023,9,256,-1.0,-1.8369701987210297e-16,-0.9536809966304455,-0.300819807635668,12,0.3446872068181818,0.3517155535454546,0.5169477812727273,29.58399017545454,9.563090848818181,26.731464260909092,0.11467665293395445,0.11438773757693337,0.1719771642638235,6.970403186493482,4.125117066514393,7.537616796232179,43.26437691
Field_35,2023-09-28,dataset1_field_satellite,653,ok,10.90004055,79.83779179,0.045693945,0.03919236,-0.03919236,0.068532169,48.5963709,33.81056957,6.874262656,Groundnut,2023,9,271,-1.0,-1.8369701987210297e-16,-0.9988797155850335,-0.04732138832243232,13,0.34179049133333333,0.3501799120833333,0.5126074740833333,29.691990529999998,9.43474596375,26.698636500000003,0.1097993848635558,0.10919408358103318,0.1646616645400329,6.656540624430309,3.958193644276973,7.187735267532318,40.9796172
Field_35,2023-10-13,dataset1_field_satellite,654,ok,10.90004055,79.83779179,0.34253596,0.40196268,-0.40196268,0.513734126,27.0401227,24.18293832,13.71183498,Groundnut,2023,10,286,-0.8660254037844386,0.5000000000000001,-0.9778483415056568,0.20931464596304888,14,0.3190138339230769,0.3262577926923077,0.47844783523076917,31.146173635384613,9.237785709307692,27.245708274615385,0.13339915955348103,0.13553308420850668,0.2000586426525783,8.252726976346587,3.8556455091529696,7.158839379769226,45.83081934
Field_36,2023-01-01,dataset1_field_satellite,655,ok,16.08907029,78.02372726,0.445464474,0.429393446,-0.429393446,0.668113971,24.58819195,18.66173526,7.204475629,Groundnut,2023,1,1,0.49999999999999994,0.8660254037844387,0.017213356155834685,0.9998518392091162,1,,,,,,,,,,,,,36.55615546
Field_36,2023-01-04,dataset1_field_satellite,661,ok,16.08907029,78.02372726,0.347321413,0.453813175,-0.453813175,0.52092672,24.34353658,18.3508247,6.270283373,Groundnut,2023,1,4,0.49999999999999994,0.8660254037844387,0.06880242680231986,0.9976303053065857,2,0.445464474,0.429393446,0.668113971,24.58819195,7.204475629,18.66173526,,,,,,,32.38307836
Field_36,2023-01-05,dataset1_field_satellite,663,ok,16.08907029,78.02372726,0.323989256,0.411497863,-0.411497863,0.485933313,26.74262973,15.95344375,13.42207545,Groundnut,2023,1,5,0.49999999999999994,0.8660254037844387,0.08596479873744647,0.9962981749346078,3,0.3963929435,0.4416033105,0.5945203455,24.465864265,6.7373795009999995,18.506279980000002,0.06939762395950495,0.01726735597063779,0.1040771032863065,0.17299747118070527,0.660573679149559,0.21984696531850817,44.80841544
Field_36,2023-01-16,dataset1_field_satellite,656,ok,16.08907029,78.02372726,0.438841306,0.474299081,-0.474299081,0.658175153,22.36275553,17.85920238,14.53689703,Groundnut,2023,1,16,0.49999999999999994,0.8660254037844387,0.2719581575341055,0.9623090774541486,4,0.37225838099999997,0.4315681613333333,0.558324668,25.224786086666665,8.965611484,17.65533457,0.06446275224353708,0.02124131463681362,0.09667679619891362,1.3201708437634176,3.887574063987068,1.4820562123212755,48.87716562
Field_36,2023-01-31,dataset1_field_satellite,657,ok,16.08907029,78.02372726,0.380790424,0.442740358,-0.442740358,0.571113562,24.56714822,16.31154148,13.88117497,Groundnut,2023,1,31,0.49999999999999994,0.8660254037844387,0.5086709438521044,0.8609610158889943,5,0.38890411225,0.44225089125,0.58328728925,24.5092784475,10.3584328705,17.7063015225,0.06227856046235604,0.02751869374727879,0.09339949208038903,1.7915650787245876,4.223185258477747,1.2143795117844913,46.76976169
Field_36,2023-02-03,dataset1_field_satellite,659,ok,16.08907029,78.02372726,0.359081576,0.467704656,-0.467704656,0.538561643,23.51407178,21.5233119,6.342723255,Groundnut,2023,2,34,0.8660254037844386,0.5000000000000001,0.5524353131676196,0.8335557718385699,6,0.3872813746,0.44234878460000004,0.5808525438000001,24.520852402,11.0629812904,17.427349514,0.05405673600349119,0.023832893124991386,0.08106934542530529,1.5517566998704786,3.9822622559903995,1.2227466271523202,32.62303029
Field_36,2023-02-15,dataset1_field_satellite,658,ok,16.08907029,78.02372726,0.354573494,0.443626658,-0.443626658,0.5317978,24.78964009,22.90451377,6.358716476,Groundnut,2023,2,46,0.8660254037844386,0.5000000000000001,0.7116566222817746,0.7025274741691571,7,0.3825814081666667,0.4465747631666667,0.5738040603333333,24.353055631666667,10.276271617833332,18.110009911666666,0.049701535919201456,0.023697232008008134,0.07453776042536572,1.4475129088474898,4.049716384371664,1.9980587485417864,32.82125145
Field_36,2023-03-17,dataset1_field_satellite,660,ok,16.08907029,78.02372726,0.358074159,0.440399767,-0.440399767,0.537045758,24.91866741,23.30446119,13.35810257,Groundnut,2023,3,76,1.0,6.123233995736766e-17,0.9657399376548549,0.2595117970697999,8,0.37858027757142854,0.4461536052857143,0.5678031659999999,24.415424839999996,9.716620883285714,18.794939034285715,0.04658968644332613,0.021661193144098867,0.06987111876369119,1.3316559032912072,3.9823734473675474,2.571140011085005,45.63259817
Field_36,2023-04-16,dataset1_field_satellite,662,ok,16.08907029,78.02372726,0.335724187,0.446550254,-0.446550254,0.503536002,24.83285409,39.48200671,6.183731824,Groundnut,2023,4,106,0.8660254037844387,-0.4999999999999998,0.9679377830240642,-0.25119006388481935,9,0.37601701275,0.4454343755,0.56395849,24.47833016125,10.171806094125,19.35862930375,0.043738723581597874,0.020157281753027747,0.06559573734218851,1.2456461958901723,3.905282684319675,2.8650201209311272,32.04923219
Field_36,2023-05-16,dataset1_field_satellite,664,ok,16.08907029,78.02372726,0.377998703,0.442447557,-0.442447557,0.566941032,24.61061139,29.55661447,6.571332237,Groundnut,2023,5,136,0.49999999999999994,-0.8660254037844387,0.717676913675962,-0.6963762255968722,10,0.37154003211111114,0.445558362,0.5572448802222222,24.51772170888889,9.728686730777778,21.594560126666668,0.043061951288206515,0.018859078996115306,0.0645802111255195,1.171172654179213,3.8874183811947005,7.2233494696360845,33.74976111
Field_36,2023-05-31,dataset1_field_satellite,665,ok,16.08907029,78.02372726,0.335729787,0.429597264,-0.429597264,0.503543398,25.69849066,28.31691524,6.223244487,Groundnut,2023,5,151,0.49999999999999994,-0.8660254037844387,0.5160623910158528,-0.8565509959010036,11,0.3721858992,0.44524728150000004,0.5582144954,24.527010677,9.4129512814,22.390765561000002,0.04065053802660051,0.01780770208404518,0.060963963103442695,1.1045828136927578,3.7986572484825953,7.2607705354299465,32.3204822
Field_36,2023-06-15,dataset1_field_satellite,666,ok,16.08907029,78.02372726,0.404015497,0.46177468,-0.46177468,0.605958502,23.35797778,37.10671802,6.758546999,Groundnut,2023,6,166,1.2246467991473532e-16,-1.0,0.2802306751992159,-0.9599326896597447,12,0.36887170718181816,0.4438245526363636,0.5532443956363636,24.633508857272727,9.122977936454545,22.929506440909094,0.04010040116674727,0.017540483453324787,0.06013871569808928,1.1058270025145405,3.729845459381908,7.116148465559747,34.44875152
Field_36,2023-08-29,dataset1_field_satellite,667,ok,16.08907029,78.02372726,0.358408518,0.428874352,-0.428874352,0.537537886,25.50379068,43.72120626,13.53779111,Groundnut,2023,8,241,-0.8660254037844384,-0.5000000000000004,-0.8452490573530633,-0.5343725582809785,13,0.37180035633333336,0.4453203965833333,0.5576372378333333,24.527214600833332,8.925942025,24.110940739166665,0.03955730465803337,0.01750854877110073,0.05932488632871395,1.1168108611971626,3.6211766967743544,7.923724870080188,45.92471357
Field_36,2023-09-28,dataset1_field_satellite,668,ok,16.08907029,78.02372726,0.504269539,0.528728852,-0.528728852,0.756311645,18.91512321,32.47119316,14.12577717,Groundnut,2023,9,271,-1.0,-1.8369701987210297e-16,-0.9988797155850335,-0.04732138832243232,14,0.37077021492307694,0.4440553162307692,0.5560911338461538,24.60233583769231,9.280699646923077,25.619422702307695,0.03805492709734692,0.017372653067698477,0.057072155917731335,1.103036367336925,3.695438525292933,9.334614596360337,50.31687723
Field_36,2023-10-13,dataset1_field_satellite,669,ok,16.08907029,78.02372726,0.513371284,0.515792454,-0.515792454,0.769965301,19.48275726,26.64211869,7.60901004,Groundnut,2023,10,286,-0.8660254037844386,0.5000000000000001,-0.9778483415056568,0.20931464596304888,15,0.3803058809285714,0.45010342592857144,0.5703925989285714,24.196106364285715,9.626776612857142,26.10883487785714,0.051086046777246485,0.02811952746369228,0.07661671750233855,1.852946610001282,3.779226591679572,9.153451532576035,37.82894398
Field_36,2023-10-28,dataset1_field_satellite,670,ok,16.08907029,78.02372726,0.565410743,0.557996461,-0.557996461,0.848015009,16.7961638,30.203844,15.45603684,Groundnut,2023,10,301,-0.8660254037844386,0.5000000000000001,-0.8919813464595487,0.45207220393230374,16,0.38917690779999997,0.45448269446666667,0.5836974457333334,23.88188309066667,9.492258841333333,26.144387132000002,0.06003163987640711,0.031967148580551906,0.09003394494595969,2.160835827162903,3.678830886553669,8.821561275212146,52.9563485
Field_36,2023-12-12,dataset1_field_satellite,671,ok,16.08907029,78.02372726,0.507503746,0.514427166,-0.514427166,0.761167617,19.6123993,22.25968283,7.559148822,Groundnut,2023,12,346,-2.4492935982947064e-16,1.0,-0.32126966169236515,0.9469877530760751,17,0.4001915225,0.460952304875,0.6002172934375,23.439025635,9.86499496625,26.39810318625,0.07283331924560277,0.04029225430753224,0.10923456283184853,2.737863094419976,3.8541482950396175,8.582650901039534,37.62029013
Field_36,2023-12-27,dataset1_field_satellite,672,ok,16.08907029,78.02372726,0.392025416,0.456503424,-0.456503424,0.587963526,23.74960435,24.67428265,6.663528451,Groundnut,2023,12,361,-2.4492935982947064e-16,1.0,-0.06880242680232064,0.9976303053065857,18,0.40650400623529415,0.4640978849411765,0.6096849595294117,23.213929968235295,9.729356957764706,26.15466669470588,0.07517017881615784,0.04111214667899595,0.11273975244173372,2.808693278890818,3.773435538938827,8.370511961081311,34.07317458
Field_37,2023-01-01,dataset1_field_satellite,673,ok,27.14495442,75.24209833,0.459946298,0.490602282,-0.490602282,0.689845103,21.31470022,5.107030253,7.190363963,Mustard,2023,1,1,0.49999999999999994,0.8660254037844387,0.017213356155834685,0.9998518392091162,1,,,,,,,,,,,,,36.15971314
Field_37,2023-01-04,dataset1_field_satellite,679,ok,27.14495442,75.24209833,0.18173169,0.295637218,-0.295637218,0.27256746,34.11183928,13.98621045,5.162047242,Mustard,2023,1,4,0.49999999999999994,0.8660254037844387,0.06880242680231986,0.9976303053065857,2,0.459946298,0.490602282,0.689845103,21.31470022,7.190363963,5.107030253,,,,,,,28.47081857
Field_37,2023-01-05,dataset1_field_satellite,681,ok,27.14495442,75.24209833,0.130249743,0.239782769,-0.239782769,0.195358173,37.48979018,6.96035108,4.833715824,Mustard,2023,1,5,0.49999999999999994,0.8660254037844387,0.08596479873744647,0.9962981749346078,3,0.320838994,0.39311975,0.4812062815,27.71326975,6.1762056025,9.5466203515,0.19672743594195707,0.13786111884886926,0.2950598510028393,9.04894380911324,1.4342365078131625,6.278528528676005,27.35452044
Field_37,2023-01-16,dataset1_field_satellite,674,ok,27.14495442,75.24209833,0.462209183,0.493334748,-0.493334748,0.693233794,21.15205802,11.5822368,7.204475629,Mustard,2023,1,16,0.49999999999999994,0.8660254037844387,0.2719581575341055,0.9623090774541486,4,0.2573092436666667,0.34200742300000003,0.38592357866666666,30.97210989333333,5.728709009666667,8.684530594333333,0.17736665289280115,0.1316823980613803,0.26601980793652336,8.532397627258524,1.2764312680142138,4.683968028385152,36.20144391
Field_37,2023-01-31,dataset1_field_satellite,675,ok,27.14495442,75.24209833,0.477412885,0.498226156,-0.498226156,0.716038998,20.74700783,13.52925127,14.53313391,Mustard,2023,1,31,0.49999999999999994,0.8660254037844387,0.5086709438521044,0.8609610158889943,5,0.3085342285,0.37983925425,0.4627511325,28.517096924999997,6.0976506645,9.40895714575,0.17739395702869323,0.13147303574894909,0.26605936227675103,8.523080089488618,1.2769715345277735,4.089687800742982,49.98303106
Field_37,2023-02-03,dataset1_field_satellite,677,ok,27.14495442,75.24209833,0.37720122,0.43883748,-0.43883748,0.565737733,24.80310233,13.56152114,6.572273014,Mustard,2023,2,34,0.8660254037844386,0.5000000000000001,0.5524353131676196,0.8335557718385699,6,0.3423099598,0.4035166346,0.5134087056000001,26.963079106,7.7847473136000005,10.233015970599999,0.17118838195675662,0.12556656022992813,0.25675209201337157,8.158249050361576,3.9312170815178735,3.992433401413891,33.77062649
Field_37,2023-02-15,dataset1_field_satellite,676,ok,27.14495442,75.24209833,0.460806571,0.49197225,-0.49197225,0.691134765,21.23595781,7.548532889,7.195067852,Mustard,2023,2,46,0.8660254037844386,0.5000000000000001,0.7116566222817746,0.7025274741691571,7,0.34812516983333336,0.40940344216666663,0.5221302101666666,26.603082976666666,7.582668263666666,10.787766832166668,0.15377668776498146,0.11323204430876763,0.23063758855406152,7.350047981679462,3.5508576214973866,3.8207473983808438,36.17014583
Field_37,2023-03-17,dataset1_field_satellite,678,ok,27.14495442,75.24209833,0.275373176,0.353587716,-0.353587716,0.413006188,30.19628487,24.96674004,12.99119926,Mustard,2023,3,76,1.0,6.123233995736766e-17,0.9657399376548549,0.2595117970697999,8,0.36422251285714285,0.4211989861428571,0.546273718,25.83635081,7.527296776285715,10.325019125999999,0.14669672542456594,0.10797464464313818,0.22001918970515902,7.009599509622606,3.2447835394817712,3.6964902694491935,43.59822308
Field_37,2023-04-16,dataset1_field_satellite,680,ok,27.14495442,75.24209833,0.139575566,0.257890682,-0.257890682,0.209341838,36.46987758,11.30968093,4.874169265,Mustard,2023,4,106,0.8660254037844387,-0.4999999999999998,0.9679377830240642,-0.25119006388481935,9,0.35311634575,0.412747577375,0.52961527675,26.3813425675,8.21028458675,12.15523424025,0.13940024829820208,0.10278341770365693,0.2090764960023524,6.670187495687845,3.5715977390307683,6.20560500424331,27.43798198
Field_37,2023-05-16,dataset1_field_satellite,682,ok,27.14495442,75.24209833,0.117439487,0.22471003,-0.22471003,0.176144853,38.39029966,23.12668085,12.01373123,Mustard,2023,5,136,0.49999999999999994,-0.8660254037844387,0.717676913675962,-0.6963762255968722,10,0.32938959244444443,0.39554125566666665,0.49402933911111113,27.50229090222222,7.839605106555556,12.061283872444443,0.14855976902985735,0.10912559116020783,0.22281402368745545,7.087926537163417,3.5211363366963644,5.8116505254187985,39.28952097
Field_37,2023-05-31,dataset1_field_satellite,683,ok,27.14495442,75.24209833,0.134281221,0.199905546,-0.199905546,0.201404615,39.48492252,28.80713386,12.02878368,Mustard,2023,5,151,0.49999999999999994,-0.8660254037844387,0.5160623910158528,-0.8565509959010036,11,0.3081945819,0.3784581331,0.46224089050000006,28.591091778,8.2570177189,13.1678235702,0.1552741669405573,0.11620486414805759,0.23288390170818887,7.5174129859229275,3.5725528503641817,6.501290161538117,40.01980946
Field_37,2023-06-15,dataset1_field_satellite,684,ok,27.14495442,75.24209833,0.151889317,0.237877352,-0.237877352,0.227814925,37.36608687,33.50995335,12.37404909,Mustard,2023,6,166,1.2246467991473532e-16,-1.0,0.2802306751992159,-0.9599326896597447,12,0.2923842763636364,0.3622260797272727,0.4385285018181818,29.581440027272723,8.599905533545455,14.58957905109091,0.1563607482709792,0.12268450810981556,0.23451326541225817,7.851689907532233,3.5749284006167743,7.763721498736146,40.30149217
Field_37,2023-06-30,dataset1_field_satellite,685,ok,27.14495442,75.24209833,0.330632441,0.35565888,-0.35565888,0.49589651,29.52616624,30.35462284,13.27061024,Mustard,2023,6,181,1.2246467991473532e-16,-1.0,0.02581844022713308,-0.9996666485105112,13,0.2806763630833333,0.35186368575,0.4209690370833334,30.2301605975,8.914417496583333,16.166276909333334,0.15450235855941605,0.12235898781178974,0.231725721563902,7.816305858254309,3.5784490924696333,9.199320948635103,45.85168472
Field_37,2023-08-14,dataset1_field_satellite,686,ok,27.14495442,75.24209833,0.607312992,0.561996481,-0.561996481,0.910888679,16.16396289,30.19372918,15.21143464,Mustard,2023,8,226,-0.8660254037844384,-0.5000000000000004,-0.680773409477016,-0.732494071613579,14,0.2845191383076923,0.35215562376923076,0.42673268884615384,30.176007185384613,9.249509246076924,17.257688134769232,0.14857220650437328,0.11715454053638087,0.22283162191696437,7.486089846766969,3.6328933367179643,9.646788780492066,54.38562741
Field_37,2023-08-29,dataset1_field_satellite,687,ok,27.14495442,75.24209833,0.476515224,0.483518165,-0.483518165,0.714704937,21.50722981,26.82879959,14.66578357,Mustard,2023,8,241,-0.8660254037844384,-0.5000000000000004,-0.8452490573530633,-0.5343725582809785,15,0.30757584214285716,0.3671442564285714,0.4613152595714286,29.17514687857143,9.675361059928573,18.181691066571428,0.16678814665595615,0.12575623375185851,0.25015546623650325,8.108930408030547,3.8368719792930275,9.892167155331768,50.25428107
Field_37,2023-09-13,dataset1_field_satellite,688,ok,27.14495442,75.24209833,0.478645439,0.50923657,-0.50923657,0.717895829,20.17218005,16.11155669,14.13330339,Mustard,2023,9,256,-1.0,-1.8369701987210297e-16,-0.9536809966304455,-0.300819807635668,16,0.3188384676,0.374902517,0.4782079047333333,28.663952407333333,10.008055893933335,18.758164968133332,0.16653518075416823,0.12485140360406032,0.2497765789464793,8.060879675802827,3.915396847718337,9.790309628860937,49.6387522
Field_37,2023-09-28,dataset1_field_satellite,689,ok,27.14495442,75.24209833,0.361040036,0.406353077,-0.406353077,0.541500676,26.62695005,23.31364234,6.50453702,Mustard,2023,9,271,-1.0,-1.8369701987210297e-16,-0.9988797155850335,-0.04732138832243232,17,0.3288264033125,0.3832983953125,0.4931884,28.133216635,10.2658838624375,18.59275195075,0.16577447659492434,0.12520596556071104,0.2486357990699388,8.071729457297312,3.920703315937369,9.481452169797292,33.65586687
Field_37,2023-10-13,dataset1_field_satellite,690,ok,27.14495442,75.24209833,0.254876675,0.356814417,-0.356814417,0.382273094,30.24084357,20.38911681,5.671948755,Mustard,2023,10,286,-0.8660254037844386,0.5000000000000001,-0.9778483415056568,0.20931464596304888,18,0.3307213228823529,0.3846545530588235,0.4960302985882353,28.044612718235296,10.04462816582353,18.870451385411766,0.16070048464510503,0.12135903853401325,0.24102556738219522,7.823952103888187,3.90427832661907,9.251502736709266,30.33827057
Field_37,2023-10-28,dataset1_field_satellite,691,ok,27.14495442,75.24209833,0.210025105,0.325472204,-0.325472204,0.315005311,32.29937738,11.61090799,6.412340805,Mustard,2023,10,301,-0.8660254037844386,0.5000000000000001,-0.8919813464595487,0.45207220393230374,19,0.32650773133333333,0.3831078788333333,0.4897104538888889,28.166625543333332,9.801701531888888,18.954821686777777,0.1569239539484368,0.11791828509041617,0.23536141917833095,7.6079798895882,3.9254247650759124,8.982411115487336,39.5294729
Field_37,2023-11-27,dataset1_field_satellite,693,ok,27.14495442,75.24209833,0.192727996,0.299998793,-0.299998793,0.289057699,33.77681429,20.37746919,12.14732167,Mustard,2023,11,331,-0.5000000000000004,0.8660254037844384,-0.5524353131676203,0.8335557718385695,20,0.32037706678947364,0.38007442226315785,0.4805154463684211,28.384138797894735,9.623314125210527,18.568299913263157,0.15482629169815915,0.11535628600949836,0.23221522962891147,7.45417032959708,3.8932666934452462,8.890436642347844,40.78139604
Field_37,2023-12-11,dataset1_field_satellite,692,ok,27.14495442,75.24209833,0.182314906,0.263871755,-0.263871755,0.273444222,35.72796633,13.16899154,5.242013346,Mustard,2023,12,345,-2.4492935982947064e-16,1.0,-0.33752289959411347,0.941317317512847,21,0.31399461325,0.37607064079999997,0.47094255900000004,28.653772572499996,9.749514502450001,18.6587583771,0.15337618387615115,0.11369831042490648,0.2300404652349767,7.3548791430286995,3.8312258805976804,8.662766621543136,28.99245321
Field_37,2023-12-12,dataset1_field_satellite,694,ok,27.14495442,75.24209833,0.25316478,0.339068813,-0.339068813,0.379702078,31.16449505,8.749421144,5.698290531,Mustard,2023,12,346,-2.4492935982947064e-16,1.0,-0.32126966169236515,0.9469877530760751,22,0.307724151,0.3707278367142857,0.46153787628571424,28.990638941904763,9.534871590238096,18.397340908666667,0.1522292144261165,0.11349183745657354,0.2283201569273558,7.332979804669142,3.86159038943443,8.527981602419164,30.54692443
Field_37,2023-12-27,dataset1_field_satellite,695,ok,27.14495442,75.24209833,0.343636854,0.409960858,-0.409960858,0.515390404,26.62045748,10.3676058,6.3408417,Mustard,2023,12,361,-2.4492935982947064e-16,1.0,-0.06880242680232064,0.9976303053065857,23,0.3052441795909091,0.36928879018181815,0.4578180672727273,29.089450583181815,9.360481542090909,17.95879910118182,0.149015194779655,0.11096217252474366,0.22349971402215213,7.171247830589649,3.8562744134222067,8.572882895217518,32.93601107
Field_38,2023-01-04,dataset1_field_satellite,700,ok,29.29597577,76.42519515,0.385285715,0.455494967,-0.455494967,0.577850425,23.86993227,7.492790679,3.860951682,Mustard,2023,1,4,0.49999999999999994,0.8660254037844387,0.06880242680231986,0.9976303053065857,1,,,,,,,,,,,,,44.25548273
Field_38,2023-01-05,dataset1_field_satellite,702,ok,29.29597577,76.42519515,0.237755187,0.348198365,-0.348198365,0.356590211,30.85567648,13.91807433,12.41732487,Mustard,2023,1,5,0.49999999999999994,0.8660254037844387,0.08596479873744647,0.9962981749346078,2,0.385285715,0.455494967,0.577850425,23.86993227,3.860951682,7.492790679,,,,,,,41.90812685
Field_38,2023-01-31,dataset1_field_satellite,696,ok,29.29597577,76.42519515,0.698404389,0.63852303,-0.63852303,1.047469664,11.32587785,14.2183133,15.59339038,Mustard,2023,1,31,0.49999999999999994,0.8660254037844387,0.5086709438521044,0.8609610158889943,3,0.311520451,0.40184666599999996,0.46722031799999997,27.362804375,8.139138276,10.7054325045,0.10431983678083179,0.07587015487247403,0.15645459772618664,4.939667102525662,6.0502695035975576,4.543361640669159,56.91033906
Field_38,2023-02-03,dataset1_field_satellite,698,ok,29.29597577,76.42519515,0.720614184,0.666307216,-0.666307216,1.080785421,9.680270015,12.44985106,9.106728139,Mustard,2023,2,34,0.8660254037844386,0.5000000000000001,0.5524353131676196,0.8335557718385699,4,0.44048176366666664,0.4807387873333333,0.6606367666666667,22.0171622,10.623888977333333,11.876392769666666,0.235232596948465,0.14679932093033254,0.35280134412911096,9.89584894444652,6.068347277176117,3.7992777375113747,43.47303077
Field_38,2023-02-15,dataset1_field_satellite,697,ok,29.29597577,76.42519515,0.244210544,0.234131905,-0.234131905,0.366289819,36.61448071,14.35935163,5.865748961,Mustard,2023,2,46,0.8660254037844386,0.5000000000000001,0.7116566222817746,0.7025274741691571,5,0.51051486875,0.5271308945,0.76567393025,18.93293915375,10.24459876775,12.01975734225,0.23771437975407686,0.15157705690459375,0.35652547624828435,10.165379715007242,5.012518000295222,3.11532039345143,31.84057833
Field_38,2023-03-17,dataset1_field_satellite,699,ok,29.29597577,76.42519515,0.64892081,0.615958799,-0.615958799,0.973252481,12.98347566,16.95377595,12.24610332,Mustard,2023,3,76,1.0,6.123233995736766e-17,0.9657399376548549,0.2595117970697999,6,0.4572540038,0.4685310965999999,0.685797108,22.469247465000002,9.3688288064,12.487676199800001,0.23783333120593045,0.18547610278550186,0.35669923615609267,11.833367691565648,4.76223347322216,2.893727034750387,53.49884852
Field_38,2023-04-16,dataset1_field_satellite,701,ok,29.29597577,76.42519515,0.252161422,0.367569182,-0.367569182,0.378200612,29.71938881,19.53838415,5.623028315,Mustard,2023,4,106,0.8660254037844387,-0.4999999999999998,0.9679377830240642,-0.25119006388481935,7,0.48919847149999995,0.49310238033333337,0.7337063368333334,20.8882854975,9.848374558666666,13.232026158166667,0.22665932331546812,0.1764754817798276,0.3399400554566939,11.27029357182503,4.418470198370031,3.1659542138885977,30.06702056
Field_38,2023-05-16,dataset1_field_satellite,703,ok,29.29597577,76.42519515,0.167413349,0.25137301,-0.25137301,0.251092209,36.51839459,28.17755979,12.57725708,Mustard,2023,5,136,0.49999999999999994,-0.8660254037844387,0.717676913675962,-0.6963762255968722,8,0.4553360358571429,0.47516906628571426,0.6829198047142857,22.149871685,9.244753666714287,14.132934442714285,0.22547437224332484,0.16794112855491636,0.3381630829437233,10.816228345501772,4.33815318001948,3.7462210155299442,40.80226142
Field_38,2023-05-31,dataset1_field_satellite,704,ok,29.29597577,76.42519515,0.22506094,0.287677569,-0.287677569,0.33755271,34.07577754,14.36547881,12.30160921,Mustard,2023,5,151,0.49999999999999994,-0.8660254037844387,0.5160623910158528,-0.8565509959010036,9,0.4193457,0.44719455924999996,0.6289413552500001,23.945937048125,9.661316593375,15.888512611125,0.23224654222776933,0.17445811057578195,0.3483207291243136,11.228741297573237,4.185601504895676,6.056874428350072,42.30456918
Field_38,2023-06-15,dataset1_field_satellite,705,ok,29.29597577,76.42519515,0.20932705,0.275121572,-0.275121572,0.313958517,34.87762988,25.17328129,12.87548361,Mustard,2023,6,166,1.2246467991473532e-16,-1.0,0.2802306751992159,-0.9599326896597447,10,0.39775850444444444,0.4294704492222222,0.5965648391111111,25.071474880555556,9.954682439666666,15.719286633222222,0.22669409440310714,0.1716347138225649,0.3399934752625517,11.032931203761791,4.0129694916602165,5.68838718311924,42.21067495
Field_38,2023-06-30,dataset1_field_satellite,706,ok,29.29597577,76.42519515,0.04075938,0.022513928,-0.022513928,0.061132596,49.49844061,28.47679245,11.4539685,Mustard,2023,6,181,1.2246467991473532e-16,-1.0,0.02581844022713308,-0.9996666485105112,11,0.37891535899999995,0.4140355615,0.5683042068999999,26.052090380499997,10.2467625567,16.6646860989,0.22188021573703098,0.16901972870427961,0.33277356427729105,10.854334392108278,3.894574069664441,6.140052510035566,42.38803072
Field_38,2023-08-14,dataset1_field_satellite,707,ok,29.29597577,76.42519515,0.707910493,0.638911887,-0.638911887,1.061723088,11.20893648,30.75898298,11.36365384,Mustard,2023,8,226,-0.8660254037844384,-0.5000000000000004,-0.680773409477016,-0.732494071613579,12,0.3481739063636364,0.37844268572727274,0.5221976968181818,28.183576764999998,10.356508551545454,17.738513949,0.23388705208730975,0.19911374308581062,0.3507824590323808,12.490416080600832,3.712603194919056,6.82747311320586,54.92812743
Field_38,2023-08-29,dataset1_field_satellite,708,ok,29.29597577,76.42519515,0.734740725,0.667559631,-0.667559631,1.101977198,9.472043676,31.17050057,9.229970018,Mustard,2023,8,241,-0.8660254037844384,-0.5000000000000004,-0.8452490573530633,-0.5343725582809785,13,0.37815195524999995,0.40014845250000003,0.5671581460833334,26.769023407916666,10.440437325583334,18.823553034916667,0.24599662638582945,0.2041953939320621,0.368943661552872,12.87785914262444,3.5517478154737745,7.516943207829756,43.99466541
Field_38,2023-09-13,dataset1_field_satellite,709,ok,29.29597577,76.42519515,0.734473014,0.651438958,-0.651438958,1.101564127,10.29796978,26.35733467,16.23500077,Mustard,2023,9,256,-1.0,-1.8369701987210297e-16,-0.9536809966304455,-0.300819807635668,14,0.4055818606153846,0.42071854315384616,0.6082980731538462,25.43848650546154,10.34732445576923,19.773318229923078,0.2554460309322565,0.20909754783691514,0.38311689696724327,13.230025998595131,3.4170718338202573,7.970096190802974,58.45437759
Field_38,2023-09-28,dataset1_field_satellite,710,ok,29.29597577,76.42519515,0.695652663,0.630048302,-0.630048302,1.043350317,11.78673754,14.9456206,8.969374595,Mustard,2023,9,271,-1.0,-1.8369701987210297e-16,-0.9988797155850335,-0.04732138832243232,15,0.42907408585714285,0.4371985727857143,0.6435313627142857,24.35702102507143,10.76787276392857,20.2436051185,0.2606906658427319,0.21014483003768394,0.3909824602669509,13.339543169441638,3.640638564847014,7.857001264747086,43.07658844
Field_38,2023-10-13,dataset1_field_satellite,711,ok,29.29597577,76.42519515,0.667496477,0.613577568,-0.613577568,1.001119432,12.91536078,22.02244593,8.755818057,Mustard,2023,10,286,-0.8660254037844386,0.5000000000000001,-0.9778483415056568,0.20931464596304888,16,0.446845991,0.45005522140000004,0.6701859596666666,23.519002126066667,10.647972886,19.890406150599997,0.260466837888278,0.20853274178420436,0.3906471625209054,13.257726176974488,3.5388072549821215,7.693779921188035,42.24197302
Field_38,2023-10-28,dataset1_field_satellite,712,ok,29.29597577,76.42519515,0.262718138,0.287061442,-0.287061442,0.39403288,33.72265146,25.69477437,5.906202402,Mustard,2023,10,301,-0.8660254037844386,0.5000000000000001,-0.8919813464595487,0.45207220393230374,17,0.460636646375,0.46027536806249997,0.6908693016875,22.856274541937502,10.5297132091875,20.0236586368125,0.2576102162977422,0.20556766882906619,0.38636295812056226,13.079633357640796,3.4513830977271382,7.4519840162608215,31.72581871
Field_38,2023-11-27,dataset1_field_satellite,714,ok,29.29597577,76.42519515,0.303857295,0.327082938,-0.327082938,0.455723486,31.25882991,16.72353653,2.430969578,Mustard,2023,11,331,-0.5000000000000004,0.8660254037844384,-0.5524353131676203,0.8335557718385695,18,0.44899438117647056,0.4500863135882353,0.6734083357058823,23.49547318417647,10.257741985235294,20.357253679941177,0.25400699661989246,0.20342522813537697,0.3809588102484079,12.93562064975036,3.5249119634409065,7.345282007182859,43.12875191
Field_38,2023-12-11,dataset1_field_satellite,713,ok,29.29597577,76.42519515,0.162512001,0.169152116,-0.169152116,0.243739121,40.76700968,6.371345134,5.288111453,Mustard,2023,12,345,-2.4492935982947064e-16,1.0,-0.33752289959411347,0.941317317512847,19,0.4409312097222222,0.4432527927222222,0.6613147329444444,23.926770780055556,9.822921295944445,20.155380504944443,0.2487861564480527,0.1994696585129016,0.37312889598999127,12.682099232588003,3.885532693752741,7.177255884546543,29.71230901
Field_38,2023-12-12,dataset1_field_satellite,715,ok,29.29597577,76.42519515,0.392457707,0.415576103,-0.415576103,0.588600817,25.83511731,14.51073584,6.763250887,Mustard,2023,12,346,-2.4492935982947064e-16,1.0,-0.32126966169236515,0.9469877530760751,20,0.4262775671578948,0.4288264413157895,0.6393370691578947,24.813099143210525,9.58424709368421,19.42990495910526,0.2500716317490255,0.2037939274582913,0.375057032453589,12.91612592609296,3.916754265203124,7.658403826557068,34.73043423
Field_38,2023-12-27,dataset1_field_satellite,716,ok,29.29597577,76.42519515,0.515116967,0.482406381,-0.482406381,0.772564547,21.16976762,12.00630516,14.30358416,Mustard,2023,12,361,-2.4492935982947064e-16,1.0,-0.06880242680232064,0.9976303053065857,21,0.42458657415,0.4281639244,0.63680025655,24.86420005155,9.443197283349999,19.18394650315,0.2435193034491915,0.19838057000198858,0.36522995320114804,12.573710786635278,3.8641229014315233,7.534862827139875,51.56880036
Field_39,2023-01-04,dataset1_field_satellite,722,ok,25.45841882,82.84785602,0.371136074,0.41330905,-0.41330905,0.55663397,26.16863809,5.296166435,13.46441045,Mustard,2023,1,4,0.49999999999999994,0.8660254037844387,0.06880242680231986,0.9976303053065857,1,,,,,,,,,,,,,46.62370399
Field_39,2023-01-05,dataset1_field_satellite,724,ok,25.45841882,82.84785602,0.438179011,0.439198506,-0.439198506,0.657196539,24.16190824,11.59118358,14.49550281,Mustard,2023,1,5,0.49999999999999994,0.8660254037844387,0.08596479873744647,0.9962981749346078,2,0.371136074,0.41330905,0.55663397,26.16863809,13.46441045,5.296166435,,,,,,,49.37793488
Field_39,2023-01-16,dataset1_field_satellite,717,ok,25.45841882,82.84785602,0.479432857,0.412415945,-0.412415945,0.719057582,25.10822255,11.1906691,15.02892376,Mustard,2023,1,16,0.49999999999999994,0.8660254037844387,0.2719581575341055,0.9623090774541486,3,0.40465754249999997,0.42625377799999997,0.6069152545000001,25.165273165000002,13.97995663,8.4436750075,0.047406515383362526,0.018306609898830754,0.07110847447344,1.4189722849444666,0.72909239978564,4.45124931091508,51.68355998
Field_39,2023-01-31,dataset1_field_satellite,718,ok,25.45841882,82.84785602,0.634898024,0.597731828,-0.597731828,0.952227716,14.05743741,12.44463002,8.501808078,Mustard,2023,1,31,0.49999999999999994,0.8660254037844387,0.5086709438521044,0.8609610158889943,4,0.42958264733333335,0.421641167,0.6442960303333334,25.146256293333334,14.329612339999999,9.359339704999998,0.05465776617512342,0.015211657493710104,0.08197667214931138,1.0039054223103985,0.7953396823492485,3.524505033150653,41.24043452
Field_39,2023-02-03,dataset1_field_satellite,720,ok,25.45841882,82.84785602,0.553436436,0.545138911,-0.545138911,0.830048091,17.57501858,8.105801391,14.89533333,Mustard,2023,2,34,0.8660254037844386,0.5000000000000001,0.5524353131676196,0.8335557718385699,5,0.4809114915,0.46566383225,0.72127895175,22.3740515725,12.8726612745,10.130662283749999,0.11193859288071048,0.08891705819840308,0.1678856672773542,5.604673061068947,2.9853870384356,3.2651459233998086,52.39298309
Field_39,2023-02-15,dataset1_field_satellite,719,ok,25.45841882,82.84785602,0.574152312,0.564845907,-0.564845907,0.861118993,16.3571246,6.439836074,8.036123116,Mustard,2023,2,46,0.8660254037844386,0.5000000000000001,0.7116566222817746,0.7025274741691571,6,0.49541648039999997,0.48155884800000004,0.7430327796,21.414244974000002,13.2771956856,9.725690105199998,0.10222357823433253,0.08481120242902697,0.15331452341024002,5.307109724108281,2.7390951563909893,2.9691574146243,39.40428059
Field_39,2023-03-17,dataset1_field_satellite,721,ok,25.45841882,82.84785602,0.564393794,0.5710758,-0.5710758,0.84647293,16.13866154,21.15937678,14.95742466,Mustard,2023,3,76,1.0,6.123233995736766e-17,0.9657399376548549,0.2595117970697999,7,0.508539119,0.49544002449999996,0.7627138151666667,20.571391578333333,12.403683590666667,9.178047766666667,0.0969172318041628,0.08312926327179153,0.14535588545588934,5.176363779575459,3.2527302532765585,2.975262910732481,52.44514655
Field_39,2023-04-16,dataset1_field_satellite,723,ok,25.45841882,82.84785602,0.278310749,0.336344472,-0.336344472,0.417419286,31.04679918,22.94400833,5.929721845,Mustard,2023,4,106,0.8660254037844387,-0.4999999999999998,0.9679377830240642,-0.25119006388481935,8,0.5165183582857142,0.5062451352857142,0.774679403,19.938144429999998,12.768503743428571,10.889666197142857,0.09095678095045467,0.08109242634426433,0.13641543745461943,5.013578094021942,3.1222643424570933,5.280557551130754,31.55889563
Field_39,2023-05-16,dataset1_field_satellite,725,ok,25.45841882,82.84785602,0.327625158,0.367056731,-0.367056731,0.491387876,28.97485518,10.79188055,6.298506704,Mustard,2023,5,136,0.49999999999999994,-0.8660254037844387,0.717676913675962,-0.6963762255968722,9,0.486742407125,0.48500755237500004,0.730021888375,21.32672627375,11.913656006125,12.39645896375,0.11909709303554901,0.09615006546629493,0.17861989640998968,6.080328067858328,3.768554637060363,6.485693013183514,32.98817454
Field_39,2023-05-31,dataset1_field_satellite,726,ok,25.45841882,82.84785602,0.330046312,0.36283649,-0.36283649,0.495020699,29.16563216,29.35406397,6.329552368,Mustard,2023,5,151,0.49999999999999994,-0.8660254037844387,0.5160623910158528,-0.8565509959010036,10,0.46906271277777783,0.47190190555555556,0.7035069981111112,22.176518374444445,11.28975052811111,12.218172473333333,0.12338657626836579,0.09815830331678685,0.18505212406422317,6.232849289515322,3.99124992394703,6.090341680282487,33.14466493
Field_39,2023-06-15,dataset1_field_satellite,727,ok,25.45841882,82.84785602,0.25358362,0.306879775,-0.306879775,0.380337652,32.80393045,27.49858441,13.15395381,Mustard,2023,6,166,1.2246467991473532e-16,-1.0,0.2802306751992159,-0.9599326896597447,11,0.4551610727,0.4609953640000001,0.6826583682,22.875429753,10.7937307121,13.931761623,0.12435923829442262,0.0987624301394896,0.18651011059599962,6.278271369335775,4.076815435444,7.895237621557191,43.5773577
Field_39,2023-08-29,dataset1_field_satellite,728,ok,25.45841882,82.84785602,0.669101412,0.598081029,-0.598081029,1.003536418,13.6902908,25.16573879,15.4870825,Mustard,2023,8,241,-0.8660254037844384,-0.5000000000000004,-0.8452490573530633,-0.5343725582809785,12,0.4368358497272728,0.44698485590909093,0.6551746667272728,23.77802072545455,11.008296448272727,15.165109149090908,0.13271265915975752,0.10458419360960587,0.19903846746832812,6.666063107070022,3.9325315881426555,8.534278335748551,56.35740634
Field_39,2023-09-28,dataset1_field_satellite,729,ok,25.45841882,82.84785602,0.630063486,0.566089155,-0.566089155,0.944967498,15.72262513,14.93565351,8.532853742,Mustard,2023,9,271,-1.0,-1.8369701987210297e-16,-0.9988797155850335,-0.04732138832243232,13,0.45619131325,0.4595762036666667,0.6842048126666667,22.937376564999997,11.38152861925,15.998494952499998,0.14320302904752538,0.10883936645442499,0.21477388375855333,6.99120276600422,3.9661745293867217,8.634061919708762,41.54298261
Field_39,2023-10-13,dataset1_field_satellite,730,ok,25.45841882,82.84785602,0.549312254,0.516092547,-0.516092547,0.823864311,19.10037264,22.45041969,7.928874458,Mustard,2023,10,286,-0.8660254037844386,0.5000000000000001,-0.9778483415056568,0.20931464596304888,14,0.4695660957692308,0.46776950761538466,0.7042634807692308,22.382395685384616,11.162399782538461,15.916737918461537,0.14533989265751587,0.10831220322490395,0.21797795349065213,6.986264300041831,3.8786452329536614,8.271739109436206,39.20605943
Field_39,2023-10-28,dataset1_field_satellite,731,ok,25.45841882,82.84785602,0.499625862,0.526763815,-0.526763815,0.749337697,19.06289188,28.12589651,14.88028089,Mustard,2023,10,301,-0.8660254037844386,0.5000000000000001,-0.8919813464595487,0.45207220393230374,15,0.4752622499285714,0.4712211532857143,0.7128063972142857,22.147965467857144,10.931433687928571,16.38342947357143,0.14125520170518654,0.10486134527772037,0.2118517764105808,6.7692570682827276,3.8253759737369477,8.136809987855756,50.58812724
Field_39,2023-11-27,dataset1_field_satellite,733,ok,25.45841882,82.84785602,0.359475487,0.418795401,-0.418795401,0.539137684,26.00756915,10.00176792,13.3439909,Mustard,2023,11,331,-0.5000000000000004,0.8660254037844384,-0.5524353131676203,0.8335557718385695,16,0.47688649073333333,0.4749239974,0.7152418172,21.942293895333332,11.194690168066668,17.16626060933333,0.1362622024245738,0.1020595218442859,0.20436326969299667,6.571475717288487,3.8246321208344205,8.406600134141783,46.01860781
Field_39,2023-12-11,dataset1_field_satellite,732,ok,25.45841882,82.84785602,0.291369151,0.319963394,-0.319963394,0.437003285,31.74992484,14.98473501,12.89053605,Mustard,2023,12,345,-2.4492935982947064e-16,1.0,-0.33752289959411347,0.941317317512847,17,0.469548303,0.47141596012500003,0.704235308875,22.19637359875,11.3290214638125,16.71847981625,0.13487455632170506,0.09959235650478714,0.20228284127537288,6.429482417768756,3.733810630085379,8.316709263853415,44.68322313
Field_39,2023-12-12,dataset1_field_satellite,734,ok,25.45841882,82.84785602,0.401663217,0.415388448,-0.415388448,0.602408054,25.75068508,7.665204213,6.846039325,Mustard,2023,12,346,-2.4492935982947064e-16,1.0,-0.32126966169236515,0.9469877530760751,18,0.45906717641176475,0.46250698564705883,0.6885157780588236,22.75834720117647,11.420875263000001,16.61649482764706,0.13755623420636798,0.10318919361186472,0.20630490339945295,6.64254826910455,3.635029436570347,8.063590429365473,35.08514578
Field_39,2023-12-27,dataset1_field_satellite,735,ok,25.45841882,82.84785602,0.229598725,0.209623104,-0.209623104,0.344356796,38.01523586,8.750902041,12.45025209,Mustard,2023,12,361,-2.4492935982947064e-16,1.0,-0.06880242680232064,0.9976303053065857,19,0.45587806755555554,0.4598892891111111,0.6837320156111111,22.924588194444443,11.16671771088889,16.11920090461111,0.13413330248091013,0.1007223818252837,0.2011715732333826,6.482700040596804,3.687669587980936,8.102352712212841,43.78601155
Field_4,2023-01-04,dataset1_field_satellite,59,ok,26.84068688,81.06703001,0.363464027,0.367479258,-0.367479258,0.545118851,28.58726122,11.62770983,6.617430344,Wheat,2023,1,4,0.49999999999999994,0.8660254037844387,0.06880242680231986,0.9976303053065857,1,,,,,,,,,,,,,34.36528998
Field_4,2023-01-05,dataset1_field_satellite,61,ok,26.84068688,81.06703001,0.310696603,0.347589415,-0.347589415,0.465985799,30.14183059,9.598223578,13.94985174,Wheat,2023,1,5,0.49999999999999994,0.8660254037844387,0.08596479873744647,0.9962981749346078,2,0.363464027,0.367479258,0.545118851,28.58726122,6.617430344,11.62770983,,,,,,,45.5908674
Field_4,2023-01-16,dataset1_field_satellite,54,ok,26.84068688,81.06703001,0.285574164,0.27781772,-0.27781772,0.428297001,33.96125062,9.828339601,13.93009541,Wheat,2023,1,16,0.49999999999999994,0.8660254037844387,0.2719581575341055,0.9623090774541486,3,0.337080315,0.3575343365,0.505552325,29.364545905,10.283641042,10.612966704000002,0.03731220333614578,0.014064242862035758,0.055955517685187736,1.0992465433519012,5.184804891628931,1.435063491114071,45.69519433
Field_4,2023-01-31,dataset1_field_satellite,55,ok,26.84068688,81.06703001,0.361356433,0.354951102,-0.354951102,0.541946139,29.24852825,5.982979369,6.628719676,Wheat,2023,1,31,0.49999999999999994,0.8660254037844387,0.5086709438521044,0.8609610158889943,4,0.319911598,0.330962131,0.47980055033333335,30.89678081,11.499125831333332,10.351424336333332,0.039754179518350155,0.047086598720271274,0.059623583212995546,2.765393804476432,4.227683845964803,1.1112681233700132,34.4800496
Field_4,2023-02-03,dataset1_field_satellite,57,ok,26.84068688,81.06703001,0.348017549,0.382637822,-0.382637822,0.521948306,27.97095166,14.82789047,6.444327247,Wheat,2023,2,34,0.8660254037844386,0.5000000000000001,0.5524353131676196,0.8335557718385699,5,0.33027280675000004,0.33695937375,0.4953369475,30.484717670000002,10.2815242925,9.2593130945,0.03850993525263897,0.040273641526093445,0.057753784849592045,2.403633233519151,4.224423569801964,2.365186198343348,33.53067456
Field_4,2023-02-15,dataset1_field_satellite,56,ok,26.84068688,81.06703001,0.368845325,0.387953407,-0.387953407,0.553180797,27.48680321,5.691287543,6.617430344,Wheat,2023,2,46,0.8660254037844386,0.5000000000000001,0.7116566222817746,0.7025274741691571,6,0.3338217552,0.3460950634,0.5006592192,29.981964468,9.514084883399999,10.3730285696,0.03428172268681405,0.04042002941902436,0.05141262129655353,2.36577544402772,4.040932083817118,3.224498427974727,34.25053036
Field_4,2023-03-17,dataset1_field_satellite,58,ok,26.84068688,81.06703001,0.36132531,0.377010291,-0.377010291,0.541908821,28.12240746,28.98050161,12.58290174,Wheat,2023,3,76,1.0,6.123233995736766e-17,0.9657399376548549,0.2595117970697999,7,0.3396590168333333,0.353071454,0.5094128155000001,29.566104258333336,9.031309126833333,9.5927383985,0.03383239495744291,0.039988037928991284,0.05073813942160775,2.348436297870493,3.802859486174732,3.4599174262257755,46.3211559
Field_4,2023-04-16,dataset1_field_satellite,60,ok,26.84068688,81.06703001,0.33876942,0.369898786,-0.369898786,0.508085762,28.71591248,28.18958034,6.391643696,Wheat,2023,4,106,0.8660254037844387,-0.4999999999999998,0.9679377830240642,-0.25119006388481935,8,0.3427542015714286,0.35649128785714285,0.514055102,29.35986185857143,9.538679500142857,12.362418857285714,0.03195184351078308,0.03760854725256741,0.04791820907486004,2.212173673828504,3.7220186856476163,7.979584329402134,33.37418417
Field_4,2023-05-16,dataset1_field_satellite,62,ok,26.84068688,81.06703001,0.361525528,0.407964077,-0.407964077,0.542220902,26.53972708,20.727333,6.505477798,Wheat,2023,5,136,0.49999999999999994,-0.8660254037844387,0.717676913675962,-0.6963762255968722,9,0.342256103875,0.358167225125,0.5133089345,29.27936818625,9.145300024625,14.340814042625,0.02961518793764907,0.03513994031895076,0.0444138129385493,2.0606902841721895,3.621096787998029,9.267680068350947,33.65586687
Field_4,2023-05-31,dataset1_field_satellite,63,ok,26.84068688,81.06703001,0.339417781,0.363415841,-0.363415841,0.509066246,29.04033834,15.40347099,6.412340805,Wheat,2023,5,151,0.49999999999999994,-0.8660254037844387,0.5160623910158528,-0.8565509959010036,10,0.344397151,0.36370020866666664,0.5165213753333333,28.97496361888889,8.851986443888888,15.050427260111112,0.028437364191020366,0.036823751055102764,0.042648463245958806,2.132978705248648,3.499656399468609,8.92667997544578,33.49937648
Field_4,2023-06-15,dataset1_field_satellite,64,ok,26.84068688,81.06703001,0.308113534,0.343466242,-0.343466242,0.462112145,30.3787584,27.66737007,6.179027936,Wheat,2023,6,166,1.2246467991473532e-16,-1.0,0.2802306751992159,-0.9599326896597447,11,0.343899214,0.3636717719,0.5157758624,28.981501091000002,8.608021879999999,15.0857316331,0.02685720298603757,0.0347178819000275,0.040278409430107354,2.011097868359964,3.388500866062344,8.41689503954127,32.6021649
Field_4,2023-08-29,dataset1_field_satellite,65,ok,26.84068688,81.06703001,-0.054491711,-0.087387553,0.087387553,-0.081735954,56.083278,31.11896722,11.62989393,Wheat,2023,8,241,-0.8660254037844384,-0.5000000000000004,-0.8452490573530633,-0.5343725582809785,12,0.34064597036363636,0.36183490554545455,0.5108973426363637,29.108524482727272,8.387204248727272,16.229516945545456,0.027669440773944967,0.033494970507688224,0.04149596059285193,1.9538545327159573,3.296984834127177,8.84027166701422,44.50586735
Field_4,2023-09-28,dataset1_field_satellite,66,ok,26.84068688,81.06703001,0.540294332,0.494842235,-0.494842235,0.81034134,20.27760532,13.10162185,7.898769572,Wheat,2023,9,271,-1.0,-1.8369701987210297e-16,-0.9988797155850335,-0.04732138832243232,13,0.30771783025,0.3243997006666666,0.4615112345833334,31.356420609166666,8.657428388833333,17.470304468416668,0.11707752591755753,0.13355394313056015,0.17559393231228698,8.006681066599258,3.2799649846097445,9.461525519985202,39.19562673
Field_4,2023-10-13,dataset1_field_satellite,67,ok,26.84068688,81.06703001,0.473218987,0.419774083,-0.419774083,0.709739145,24.7959453,12.2937533,7.475419607,Wheat,2023,10,286,-0.8660254037844386,0.5000000000000001,-0.9778483415056568,0.20931464596304888,14,0.32560833038461534,0.33751066484615383,0.4883443196153846,30.50420404846154,8.599070018307692,17.134251959307694,0.12932824422605865,0.13632657008405527,0.1939690212118141,8.258707309428443,3.147368774216404,9.1393945727807,37.77678052
Field_4,2023-10-28,dataset1_field_satellite,68,ok,26.84068688,81.06703001,0.471033862,0.432737849,-0.432737849,0.70645046,24.15627516,27.66481088,14.70341468,Wheat,2023,10,301,-0.8660254037844386,0.5000000000000001,-0.8919813464595487,0.45207220393230374,15,0.3361519487142857,0.3433866232857143,0.5041582357142856,30.096471280714287,8.518809274642857,16.78850205507143,0.1303669650748701,0.13281076707706527,0.1955273586586073,8.080040607640447,3.038769584503554,8.875633122407612,50.85937725
Field_4,2023-11-27,dataset1_field_satellite,70,ok,26.84068688,81.06703001,0.451315361,0.461276553,-0.461276553,0.676893317,22.90034679,20.46887335,14.43058914,Wheat,2023,11,331,-0.5000000000000004,0.8660254037844384,-0.5524353131676203,0.8335557718385695,16,0.3451440762666667,0.3493433716666667,0.517644384,29.700458206,8.931116301666666,17.513589310066667,0.13036277616703262,0.13004243725973125,0.1955206099594562,7.935747626571627,3.335340584366646,9.0020118543079,49.50312719
Field_4,2023-12-11,dataset1_field_satellite,69,ok,26.84068688,81.06703001,0.395130616,0.405719765,-0.405719765,0.59261478,26.31112693,6.843965232,13.92821385,Wheat,2023,12,345,-2.4492935982947064e-16,1.0,-0.33752289959411347,0.941317317512847,17,0.3517797815625,0.3563391955,0.5275974423125,29.2754512425,9.2748333540625,17.6982945625625,0.12870901757717368,0.12871168532913765,0.19304084776891742,7.852883487664721,3.5033021974319087,8.728095978785184,47.92779058
Field_4,2023-12-12,dataset1_field_satellite,71,ok,26.84068688,81.06703001,0.442887424,0.428384689,-0.428384689,0.66422967,24.66602259,8.7308595,7.18377852,Wheat,2023,12,346,-2.4492935982947064e-16,1.0,-0.32126966169236515,0.9469877530760751,18,0.35432983064705886,0.35924393488235296,0.5314219915882353,29.101079224117647,9.548561618529412,17.059804601941178,0.12506471229326974,0.12519871007302721,0.18757500596400475,7.637436617898731,3.5748870836265847,8.851486372824478,36.47269392
Field_4,2023-12-27,dataset1_field_satellite,72,ok,26.84068688,81.06703001,0.390137609,0.38570617,-0.38570617,0.585112429,27.38410152,5.438815589,14.790907,Wheat,2023,12,361,-2.4492935982947064e-16,1.0,-0.06880242680232064,0.9976303053065857,19,0.3592496969444444,0.3630850878888889,0.5388001959444444,28.85468718888889,9.417184779722222,16.597085429611113,0.12311297346400354,0.12254899037854272,0.18464721897080164,7.482780130548061,3.51265446757714,8.80874678961354,48.52245407
Field_40,2023-01-01,dataset1_field_satellite,736,ok,16.57005709,77.21934643,0.474657698,0.518955885,-0.518955885,0.711873246,19.71659566,20.05550259,7.255277625,Sunflower,2023,1,1,0.49999999999999994,0.8660254037844387,0.017213356155834685,0.9998518392091162,1,,,,,,,,,,,,,36.28490545
Field_40,2023-01-04,dataset1_field_satellite,742,ok,16.57005709,77.21934643,0.240921916,0.37759399,-0.37759399,0.361330274,29.32226594,23.85314765,5.498845658,Sunflower,2023,1,4,0.49999999999999994,0.8660254037844387,0.06880242680231986,0.9976303053065857,2,0.474657698,0.518955885,0.711873246,19.71659566,7.255277625,20.05550259,,,,,,,29.47235707
Field_40,2023-01-05,dataset1_field_satellite,744,ok,16.57005709,77.21934643,0.204466628,0.324140114,-0.324140114,0.306657211,32.42416776,20.69805527,16.44855731,Sunflower,2023,1,5,0.49999999999999994,0.8660254037844387,0.08596479873744647,0.9962981749346078,3,0.357789807,0.4482749375,0.53660176,24.519430800000002,6.377061641499999,21.95432512,0.1652761564581406,0.09995795455588073,0.24787131259848608,6.7922345928300825,1.241984954558526,2.685340574465594,43.24351153
Field_40,2023-01-16,dataset1_field_satellite,737,ok,16.57005709,77.21934643,0.458384295,0.542684968,-0.542684968,0.68746639,18.6710832,16.87684813,13.69113787,Sunflower,2023,1,16,0.49999999999999994,0.8660254037844387,0.2719581575341055,0.9623090774541486,4,0.3066820806666667,0.406896663,0.459953577,27.154343120000004,9.734226864333333,21.535568503333334,0.14660867307112688,0.10065923276724204,0.2198747954547148,6.62536898476471,5.88072600227894,2.032633344320107,48.09471367
Field_40,2023-01-31,dataset1_field_satellite,738,ok,16.57005709,77.21934643,0.431699673,0.53510256,-0.53510256,0.647446353,19.33080077,22.97497784,13.63657277,Sunflower,2023,1,31,0.49999999999999994,0.8660254037844387,0.5086709438521044,0.8609610158889943,5,0.34460763425,0.44084373925,0.51683178025,25.03352814,10.72345461575,20.37088841,0.14171376951985595,0.10660426838493131,0.21253345729702974,6.874234563965968,5.193224276491878,2.860125478748977,47.14533863
Field_40,2023-02-03,dataset1_field_satellite,740,ok,16.57005709,77.21934643,0.302397313,0.431299975,-0.431299975,0.4535329,25.95196316,22.67785167,5.922195623,Sunflower,2023,2,34,0.8660254037844386,0.5000000000000001,0.5524353131676196,0.8335557718385699,6,0.362026042,0.4596955034,0.5429546947999999,23.892982666,11.3060782466,20.891706296000002,0.12875985009455176,0.10149038174256207,0.19310589368505632,6.4765380815392195,4.682353603219499,2.737059492873574,31.00596291
Field_40,2023-02-15,dataset1_field_satellite,739,ok,16.57005709,77.21934643,0.3398155,0.468358436,-0.468358436,0.509648259,23.67744895,19.57260282,6.168679381,Sunflower,2023,2,46,0.8660254037844386,0.5000000000000001,0.7116566222817746,0.7025274741691571,7,0.35208792050000004,0.4549629153333333,0.5280510623333333,24.236146081666664,10.408764476,21.189397191666668,0.11771098823300112,0.09151296305908423,0.17653503478044325,5.853460787979556,4.729754774818293,2.5543913071807167,31.87187641
Field_40,2023-03-17,dataset1_field_satellite,741,ok,16.57005709,77.21934643,0.28953082,0.419180739,-0.419180739,0.434235911,26.70222816,25.92325114,12.68450573,Sunflower,2023,3,76,1.0,6.123233995736766e-17,0.9657399376548549,0.2595117970697999,8,0.3503347175714286,0.4568765611428572,0.5254220904285714,24.156332205714286,9.803038033857144,20.95842656714286,0.10755500919321564,0.08369280906108115,0.16130373794090797,5.347625122167815,4.605483888862748,2.4105727806721453,42.95139613
Field_40,2023-04-16,dataset1_field_satellite,743,ok,16.57005709,77.21934643,0.203717129,0.316158475,-0.316158475,0.305531207,32.83939967,32.57600884,5.310690118,Sunflower,2023,4,106,0.8660254037844387,-0.4999999999999998,0.9679377830240642,-0.25119006388481935,9,0.342734230375,0.452164583375,0.514023818,24.4745692,10.163221495875,21.57902963875,0.10187068464494468,0.07862230768713636,0.15277851833206454,5.032096334207818,4.383864736196518,2.8393526537083615,29.0028859
Field_40,2023-05-16,dataset1_field_satellite,745,ok,16.57005709,77.21934643,0.236996978,0.34336346,-0.34336346,0.355440357,31.11031135,20.56934965,5.544002988,Sunflower,2023,5,136,0.49999999999999994,-0.8660254037844387,0.717676913675962,-0.6963762255968722,10,0.3272878857777778,0.43705279355555554,0.49085797233333334,25.403994807777778,9.624051342777777,22.800916216666664,0.10596102063504896,0.0863949048365584,0.15891357353869973,5.470944339937312,4.408211242445952,4.52672556482517,29.85836671
Field_40,2023-05-31,dataset1_field_satellite,746,ok,16.57005709,77.21934643,0.209519129,0.327109334,-0.327109334,0.314227646,32.22094587,38.75035272,5.337031894,Sunflower,2023,5,151,0.49999999999999994,-0.8660254037844387,0.5160623910158528,-0.8565509959010036,11,0.31825879500000004,0.4276838602,0.47731621080000003,25.974626461999996,9.2160465073,22.57775956,0.10390118509471274,0.08667471677588541,0.15582480487430173,5.464590046609901,4.3517649801712945,4.325786442579636,29.05504936
Field_40,2023-06-15,dataset1_field_satellite,747,ok,16.57005709,77.21934643,0.192802154,0.304892429,-0.304892429,0.289158219,33.5261665,37.52408557,5.239191013,Sunflower,2023,6,166,1.2246467991473532e-16,-1.0,0.2802306751992159,-0.9599326896597447,12,0.30837337081818184,0.41854072145454546,0.4624899776363636,26.542473680909094,8.863408815181819,24.047995301818183,0.10387900828115569,0.08764030307265551,0.15579223960374405,5.515661795651351,4.290915911470131,6.373280945779927,28.75250127
Field_40,2023-06-30,dataset1_field_satellite,748,ok,16.57005709,77.21934643,0.18226864,0.297195554,-0.297195554,0.273359109,34.02678004,35.85745898,12.35711509,Sunflower,2023,6,181,1.2246467991473532e-16,-1.0,0.02581844022713308,-0.9996666485105112,13,0.29874243608333334,0.4090700304166666,0.44804566441666666,27.1244480825,8.561390665,25.171002824166667,0.10451277909040439,0.08977134273438749,0.15674311918979644,5.632155129112056,4.222881057828737,7.215251260739195,40.53101141
Field_40,2023-09-28,dataset1_field_satellite,749,ok,16.57005709,77.21934643,0.618193573,0.574819258,-0.574819258,0.927159676,15.39805383,37.52035254,15.38453773,Sunflower,2023,9,271,-1.0,-1.8369701987210297e-16,-0.9988797155850335,-0.04732138832243232,14,0.2897829133076923,0.40046430146153844,0.4346082370769231,27.655396694615384,8.853369466923077,25.993037913076925,0.10514859583405614,0.09137877707293787,0.15769710267220952,5.722108354593808,4.177910378354592,7.517058719705114,54.69860819
Field_40,2023-10-13,dataset1_field_satellite,750,ok,16.57005709,77.21934643,0.590547574,0.581733666,-0.581733666,0.885695369,15.32731908,24.11566238,8.143371774,Sunflower,2023,10,286,-0.8660254037844386,0.5000000000000001,-0.9778483415056568,0.20931464596304888,15,0.3132408175714286,0.4129182269285714,0.4697904827142857,26.779872204285713,9.319881485714287,26.81641752928571,0.13382665655350537,0.09939401701083,0.20070996459998963,6.399646255229487,4.377112781660692,7.851808650831677,39.76942484
Field_40,2023-10-28,dataset1_field_satellite,751,ok,16.57005709,77.21934643,0.561805466,0.554124376,-0.554124376,0.84259194,17.03070963,28.53101518,7.951453123,Sunflower,2023,10,301,-0.8660254037844386,0.5000000000000001,-0.8919813464595487,0.45207220393230374,16,0.33172793466666667,0.42417258953333337,0.4975174751333333,26.016368662666665,9.241447504933335,26.636367185999998,0.14750227522199394,0.10523034608909379,0.22122119689411743,6.8391626820966085,4.228816186134189,7.598258703926892,39.09129981
Field_40,2023-11-27,dataset1_field_satellite,753,ok,16.57005709,77.21934643,0.522256262,0.545243991,-0.545243991,0.783271941,17.88809193,27.09685643,7.618417817,Sunflower,2023,11,331,-0.5000000000000004,0.8660254037844384,-0.5524353131676203,0.8335557718385695,17,0.346107780375,0.4322945761875,0.5190846291875,25.454764973125002,9.1608228560625,26.754782685625,0.15367153016791396,0.10672705388448835,0.23047451970992366,6.978699667207329,4.098133631031553,7.355881229680805,37.70375167
Field_40,2023-12-11,dataset1_field_satellite,752,ok,16.57005709,77.21934643,0.524354798,0.530517951,-0.530517951,0.786426579,18.61863582,20.36709863,14.94613532,Sunflower,2023,12,345,-2.4492935982947064e-16,1.0,-0.33752289959411347,0.941317317512847,18,0.3564694557647059,0.4389386594117647,0.5346250592941176,25.00966655882353,9.070093147882353,26.774904670588235,0.15480374308177,0.10690740311634092,0.23217274210181812,7.001876366574521,3.9855956284186176,7.122784573208563,51.52706959
Field_40,2023-12-12,dataset1_field_satellite,754,ok,16.57005709,77.21934643,0.53846101,0.571089147,-0.571089147,0.807576969,16.40282824,16.77509801,7.70308781,Sunflower,2023,12,346,-2.4492935982947064e-16,1.0,-0.32126966169236515,0.9469877530760751,19,0.3657964192222222,0.4440263978333333,0.5486140326111112,24.654609295555556,9.396539935222222,26.41891544611111,0.15530743886570259,0.10593780656721817,0.23292872873441042,6.9578413423304015,4.107161727372274,7.073246320060401,37.93327091
Field_40,2023-12-27,dataset1_field_satellite,755,ok,16.57005709,77.21934643,0.478442764,0.543390184,-0.543390184,0.717566667,18.43021717,22.25595884,7.231758182,Sunflower,2023,12,361,-2.4492935982947064e-16,1.0,-0.06880242680232064,0.9976303053065857,20,0.3748840292631579,0.4507139109473684,0.5622436608421053,24.220305029473685,9.307410876,25.91134610736842,0.1560432208785969,0.10700029310683647,0.23403237065529275,7.021809522003334,4.010306590088413,7.221234652337872,36.04495352
Field_41,2023-01-01,dataset1_field_satellite,756,ok,17.44770372,78.36495009,0.124404007,0.133580041,-0.133580041,0.186579427,42.97266744,24.85976508,5.031279141,Sunflower,2023,1,1,0.49999999999999994,0.8660254037844387,0.017213356155834685,0.9998518392091162,1,,,,,,,,,,,,,28.81509743
Field_41,2023-01-04,dataset1_field_satellite,762,ok,17.44770372,78.36495009,0.173465188,0.234273745,-0.234273745,0.260162493,37.32975112,18.22629814,5.232605569,Sunflower,2023,1,4,0.49999999999999994,0.8660254037844387,0.06880242680231986,0.9976303053065857,2,0.124404007,0.133580041,0.186579427,42.97266744,5.031279141,24.85976508,,,,,,,29.10721283
Field_41,2023-01-05,dataset1_field_satellite,764,ok,17.44770372,78.36495009,0.180045202,0.235530252,-0.235530252,0.270032469,37.19838755,24.58034196,12.44648897,Sunflower,2023,1,5,0.49999999999999994,0.8660254037844387,0.08596479873744647,0.9962981749346078,3,0.1489345975,0.183926893,0.22337096,40.15120928,5.131942355,21.54303161,0.034691493778120606,0.07120120092119099,0.05203108494909728,3.9901443955402436,0.14235928247086602,4.690569456050776,41.45952107
Field_41,2023-01-16,dataset1_field_satellite,757,ok,17.44770372,78.36495009,0.181514075,0.221048064,-0.221048064,0.272223699,37.92290997,17.10213208,12.38816076,Sunflower,2023,1,16,0.49999999999999994,0.8660254037844387,0.2719581575341055,0.9623090774541486,4,0.15930479899999997,0.20112801266666666,0.23892479633333333,39.16693537,7.57012456,22.55546839333333,0.030403504859316744,0.05850163296584861,0.045600245334235304,3.2965150596274673,4.2242550203543345,3.7517736647827347,41.70990569
Field_41,2023-01-31,dataset1_field_satellite,758,ok,17.44770372,78.36495009,0.169283588,0.221670999,-0.221670999,0.253881768,38.01600861,17.16438644,12.03725068,Sunflower,2023,1,31,0.49999999999999994,0.8660254037844387,0.5086709438521044,0.8609610158889943,5,0.164857118,0.2061080255,0.247249522,38.85592902,8.77463361,21.192134315,0.027194884143861356,0.04879374431619865,0.040785526183471844,2.7625303903960496,4.207087891180804,4.101047385455513,41.04221335
Field_41,2023-02-03,dataset1_field_satellite,760,ok,17.44770372,78.36495009,0.169984191,0.237084467,-0.237084467,0.254939562,37.22177437,22.29853642,5.194974461,Sunflower,2023,2,34,0.8660254037844386,0.5000000000000001,0.5524353131676196,0.8335557718385699,6,0.165742412,0.20922062019999998,0.24857597120000002,38.687944938,9.427157024,20.38658474,0.023634509092230187,0.04282596574659195,0.03544561604695148,2.4217295219374164,3.924745268444971,3.982272320199489,28.92985705
Field_41,2023-02-15,dataset1_field_satellite,759,ok,17.44770372,78.36495009,0.168826045,0.224062974,-0.224062974,0.253198446,37.89853672,23.72752942,5.21567157,Sunflower,2023,2,46,0.8660254037844386,0.5000000000000001,0.7116566222817746,0.7025274741691571,7,0.16644937516666666,0.21386459466666666,0.24963656966666667,38.443583176666664,8.7217932635,20.705243353333334,0.02121015788575628,0.039958098888522274,0.031809787364949445,2.247241670214878,3.9125603567875036,3.646375479416616,29.09678013
Field_41,2023-03-17,dataset1_field_satellite,761,ok,17.44770372,78.36495009,0.177776572,0.249895749,-0.249895749,0.266627207,36.48799172,23.4360473,14.39578037,Sunflower,2023,3,76,1.0,6.123233995736766e-17,0.9657399376548549,0.2595117970697999,8,0.16678889942857142,0.215321506,0.25014540914285716,38.36571939714286,8.220918735857143,21.136998505714285,0.0193829633532443,0.036679688158704454,0.029069420934327586,2.0617594381394873,3.8095801389406616,3.5192233085338773,42.23154033
Field_41,2023-04-16,dataset1_field_satellite,763,ok,17.44770372,78.36495009,0.212072262,0.274419612,-0.274419612,0.318067239,34.8854385,21.64525419,5.483793215,Sunflower,2023,4,106,0.8660254037844387,-0.4999999999999998,0.9679377830240642,-0.25119006388481935,9,0.1681623585,0.219643286375,0.252205633875,38.1310034375,8.992776440125,21.424379605,0.01836080234820549,0.03609185332426931,0.027536679055322845,2.0209700803738255,4.147980690921016,3.3580291490409766,29.97312633
Field_41,2023-05-16,dataset1_field_satellite,765,ok,17.44770372,78.36495009,0.175555933,0.18583854,-0.18583854,0.263304757,39.78171188,39.10482673,5.365255225,Sunflower,2023,5,136,0.49999999999999994,-0.8660254037844387,0.717676913675962,-0.6963762255968722,10,0.17304123666666665,0.22572954477777774,0.25952358999999997,37.77038511111111,8.602889415111111,21.448921225555555,0.022565687436852555,0.03838198814472026,0.03384460730084187,2.1781162167095496,4.052546466876046,3.142011364609968,29.95226094
Field_41,2023-05-31,dataset1_field_satellite,766,ok,17.44770372,78.36495009,0.192740788,0.234378309,-0.234378309,0.289076544,37.12755238,39.25476876,5.404767888,Sunflower,2023,5,151,0.49999999999999994,-0.8660254037844387,0.5160623910158528,-0.8565509959010036,11,0.1732927063,0.2217404443,0.2599017067,37.971517788,8.279125996100001,23.214511776000002,0.02128999066819323,0.03832257696550602,0.03193139703294356,2.14979104571349,3.9555742744131903,6.320476270612578,29.85836671
Field_41,2023-06-15,dataset1_field_satellite,767,ok,17.44770372,78.36495009,0.173111053,0.202763331,-0.202763331,0.259636695,38.94242736,36.6528987,5.304104674,Sunflower,2023,6,166,1.2246467991473532e-16,-1.0,0.2802306751992159,-0.9599326896597447,12,0.17506071372727272,0.22288934109090908,0.26255396463636366,37.89479366,8.017820713545454,24.672716956363637,0.02103144515430136,0.0365551298308075,0.03154412621390822,2.0552843832905157,3.851362877470716,7.703477402256192,29.58711669
Field_41,2023-09-28,dataset1_field_satellite,768,ok,17.44770372,78.36495009,0.247796921,0.273403419,-0.273403419,0.371646383,34.57247831,36.64552076,23.47804829,Sunflower,2023,9,271,-1.0,-1.8369701987210297e-16,-0.9988797155850335,-0.04732138832243232,13,0.174898242,0.22121217358333334,0.2623108588333333,37.98209646833333,7.79167771025,25.671065435,0.020060592905652284,0.035334861438257835,0.03008793210656719,1.9828357555242535,3.754760941277905,8.118441404737565,49.60745412
Field_41,2023-10-13,dataset1_field_satellite,769,ok,17.44770372,78.36495009,0.224710159,0.244241074,-0.244241074,0.337019942,36.29741732,24.84733746,5.667244867,Sunflower,2023,10,286,-0.8660254037844386,0.5000000000000001,-0.9778483415056568,0.20931464596304888,14,0.1805058326923077,0.22522688476923075,0.27072128376923077,37.71981814846154,8.998321600999999,26.515254306153846,0.027886873720881198,0.03679727127885097,0.04182584813735837,2.1209125597036476,5.643690324341261,8.347525361306241,30.93293406
Field_41,2023-10-28,dataset1_field_satellite,770,ok,17.44770372,78.36495009,0.230703639,0.26761673,-0.26761673,0.346004644,35.04254352,24.58392608,5.666304089,Sunflower,2023,10,301,-0.8660254037844386,0.5000000000000001,-0.8919813464595487,0.45207220393230374,15,0.18366328457142858,0.22658504114285713,0.2754569022142857,37.61821808928572,8.760387548571428,26.39611738857143,0.029281895354591133,0.03571703454035795,0.04391807565781533,2.0728640376090715,5.494881403817717,8.032421763490088,30.79730906
Field_41,2023-12-12,dataset1_field_satellite,771,ok,17.44770372,78.36495009,0.192119141,0.203428999,-0.203428999,0.28813556,38.71430821,22.74075349,5.472503883,Sunflower,2023,12,346,-2.4492935982947064e-16,1.0,-0.32126966169236515,0.9469877530760751,16,0.18679930819999999,0.22932048706666666,0.280160085,37.446506451333335,8.554115317933334,26.275304634666668,0.030719767279653736,0.036011451310739524,0.0460741256405983,2.105261696103184,5.354927705955183,7.754365100389452,30.31740519
Field_42,2023-01-01,dataset1_field_satellite,772,ok,19.03643687,74.62782859,0.322205687,0.468494129,-0.468494129,0.483235504,23.85036666,20.72644987,6.011569505,Sunflower,2023,1,1,0.49999999999999994,0.8660254037844387,0.017213356155834685,0.9998518392091162,1,,,,,,,,,,,,,31.18331869
Field_42,2023-01-04,dataset1_field_satellite,778,ok,19.03643687,74.62782859,0.213446064,0.345955911,-0.345955911,0.320125294,31.21845195,23.71392641,5.327624117,Sunflower,2023,1,4,0.49999999999999994,0.8660254037844387,0.06880242680231986,0.9976303053065857,2,0.322205687,0.468494129,0.483235504,23.85036666,6.011569505,20.72644987,,,,,,,28.90899166
Field_42,2023-01-05,dataset1_field_satellite,780,ok,19.03643687,74.62782859,0.244118715,0.353935515,-0.353935515,0.366132451,30.49772259,23.94315381,5.582574874,Sunflower,2023,1,5,0.49999999999999994,0.8660254037844387,0.08596479873744647,0.9962981749346078,3,0.26782587550000003,0.40722502,0.40168039899999997,27.534409304999997,5.669596811,22.220188139999998,0.07690466694259245,0.08664760490231545,0.11533633557176177,5.21002307291985,0.48362242181606413,2.112464920069725,29.96269363
Field_42,2023-01-16,dataset1_field_satellite,773,ok,19.03643687,74.62782859,0.310931045,0.472163724,-0.472163724,0.46632649,23.77812758,17.7677489,5.901498514,Sunflower,2023,1,16,0.49999999999999994,0.8660254037844387,0.2719581575341055,0.9623090774541486,4,0.25992348866666665,0.38946185166666664,0.389831083,28.522180399999996,5.6405894986666665,22.794510029999998,0.0560759043776064,0.06856014998064756,0.08409788356768907,4.061926318697953,0.34564374136967707,1.7946562119977496,30.69298213
Field_42,2023-01-31,dataset1_field_satellite,774,ok,19.03643687,74.62782859,0.309062103,0.465851283,-0.465851283,0.463525032,24.11955569,21.18339955,5.899616959,Sunflower,2023,1,31,0.49999999999999994,0.8660254037844387,0.5086709438521044,0.8609610158889943,5,0.27267537775,0.41013731975,0.40895493475,27.336167194999998,5.7058167525,21.5378197475,0.05240973893548329,0.06959570891062418,0.07859933950146764,4.077499998212739,0.31090959436665494,2.909342848599053,30.72428021
Field_42,2023-02-03,dataset1_field_satellite,776,ok,19.03643687,74.62782859,0.231040935,0.35701853,-0.35701853,0.34651382,30.47385207,17.82459625,5.458392217,Sunflower,2023,2,34,0.8660254037844386,0.5000000000000001,0.5524353131676196,0.8335557718385699,6,0.2799527228,0.4212801124,0.41986895420000003,26.692844894,5.7445767938,21.466935708,0.04821705410275426,0.06521871789819024,0.07231162583101779,3.8129808013401187,0.2828608949816447,2.5245454231009643,29.40976092
Field_42,2023-02-15,dataset1_field_satellite,775,ok,19.03643687,74.62782859,0.276209163,0.433396793,-0.433396793,0.414254977,26.11234676,19.92829836,5.68229731,Sunflower,2023,2,46,0.8660254037844386,0.5000000000000001,0.7116566222817746,0.7025274741691571,7,0.27180075816666666,0.4105698486666667,0.40764309849999997,27.323012756666667,5.696879364333333,20.859879131666666,0.047525094522547245,0.06396126505043742,0.07127416270882059,3.7434913228078837,0.27867274246725204,2.703658594545049,29.96269363
Field_42,2023-03-17,dataset1_field_satellite,777,ok,19.03643687,74.62782859,0.246703032,0.398857547,-0.398857547,0.370000434,28.17741399,35.40808126,12.40885787,Sunflower,2023,3,76,1.0,6.123233995736766e-17,0.9657399376548549,0.2595117970697999,8,0.2724305302857143,0.4138308407142857,0.4085876525714286,27.15006047142857,5.694796213714286,20.726796164285712,0.04341626191034549,0.059022379989735245,0.06511208670408147,3.447824461995103,0.254451942634939,2.4930808978710517,41.45952107
Field_42,2023-04-16,dataset1_field_satellite,779,ok,19.03643687,74.62782859,0.228488541,0.334682877,-0.334682877,0.342684936,31.64047545,39.42964692,5.488497104,Sunflower,2023,4,106,0.8660254037844387,-0.4999999999999998,0.9679377830240642,-0.25119006388481935,9,0.269214593,0.411959179,0.40376425025,27.27847966125,6.53405392075,22.56195680125,0.04121199017041132,0.05489993835800427,0.06180655855998646,3.2126643253135567,2.385440081605773,5.680673120752938,29.66014554
Field_42,2023-05-16,dataset1_field_satellite,781,ok,19.03643687,74.62782859,0.228364281,0.333721105,-0.333721105,0.342501511,31.69085676,26.44508403,5.489437881,Sunflower,2023,5,136,0.49999999999999994,-0.8660254037844387,0.717676913675962,-0.6963762255968722,10,0.2646894761111111,0.4033729232222222,0.39697765977777777,27.763145859999998,6.417880941111111,24.43614459222222,0.04087070788233655,0.05745230127924717,0.06129489895610663,3.3384386285577548,2.2584284991667403,7.736246512308367,29.67057824
Field_42,2023-05-31,dataset1_field_satellite,782,ok,19.03643687,74.62782859,0.197661033,0.312601158,-0.312601158,0.29645184,33.08290198,20.56186082,5.264592011,Sunflower,2023,5,151,0.49999999999999994,-0.8660254037844387,0.5160623910158528,-0.8565509959010036,11,0.2610569566,0.3964077414,0.3915300449,28.155916949999998,6.3250366351,24.637038536,0.040209017676111417,0.05847352067555064,0.060302388759951836,3.383712645990981,2.149413360562208,7.32141709637493,28.81509743
Field_42,2023-06-15,dataset1_field_satellite,783,ok,19.03643687,74.62782859,0.279113087,0.347560198,-0.347560198,0.41861375,30.46588105,37.01969929,5.910906291,Sunflower,2023,6,166,1.2246467991473532e-16,-1.0,0.2802306751992159,-0.9599326896597447,12,0.2552936908181818,0.38878896109090905,0.3828865717272727,28.603824680000002,6.228632578363636,24.266567834545455,0.04266680383413663,0.06095688070722409,0.06398864113657161,3.537145010330598,2.064027901656007,7.053549986792498,31.41283793
Field_42,2023-09-28,dataset1_field_satellite,784,ok,19.03643687,74.62782859,0.512330467,0.525164855,-0.525164855,0.768374349,19.01479126,37.80765333,25.22695403,Sunflower,2023,9,271,-1.0,-1.8369701987210297e-16,-0.9988797155850335,-0.04732138832243232,13,0.2572786405,0.38535323083333334,0.38586383658333334,28.758996044166665,6.20215538775,25.329328789166667,0.04125821662056175,0.05932619615521685,0.061876360547100905,3.41510367657126,1.970109578917177,7.667016166801196,56.8477429
Field_42,2023-10-13,dataset1_field_satellite,785,ok,19.03643687,74.62782859,0.483099199,0.520521699,-0.520521699,0.724540057,19.55042636,24.22891039,7.32677673,Sunflower,2023,10,286,-0.8660254037844386,0.5000000000000001,-0.9778483415056568,0.20931464596304888,14,0.2768980117692308,0.3961079711538461,0.4152877221538462,28.00944183,7.665601437153845,26.289199907692307,0.08102063654289376,0.06877452628768127,0.12150955740959153,4.242031563759057,5.603539404153463,8.11554837916046,36.58745354
Field_42,2023-10-28,dataset1_field_satellite,786,ok,19.03643687,74.62782859,0.440736957,0.502897794,-0.502897794,0.661004892,20.88302023,26.58357426,2.527869681,Sunflower,2023,10,301,-0.8660254037844386,0.5000000000000001,-0.8919813464595487,0.45207220393230374,15,0.29162666800000003,0.404994666,0.43737717464285714,27.405226439285713,7.641399672357143,26.142036370714287,0.09537536601969027,0.07397108293405304,0.14303863446705464,4.660652453825722,5.384468035099551,7.816585420846242,35.22077079
Field_42,2023-11-27,dataset1_field_satellite,788,ok,19.03643687,74.62782859,0.389996944,0.506428473,-0.506428473,0.584907454,21.22092966,34.45083647,13.6224611,Sunflower,2023,11,331,-0.5000000000000004,0.8660254037844384,-0.5524353131676203,0.8335557718385695,16,0.30156735393333334,0.4115215412,0.45228568913333334,26.970412692,7.300497672933333,26.17147223,0.09964422623132567,0.07562992388207289,0.14944087728651156,4.79646511024814,5.353953310054812,7.533112892890745,45.97687703
Field_42,2023-12-11,dataset1_field_satellite,787,ok,19.03643687,74.62782859,0.42008472,0.538907975,-0.538907975,0.63002676,19.25510169,21.28912378,6.720915891,Sunflower,2023,12,345,-2.4492935982947064e-16,1.0,-0.33752289959411347,0.941317317512847,17,0.3070942033125,0.4174532244375,0.4605745494375,26.6110700025,7.695620387125,26.688932495,0.0987713389169663,0.07682133525565372,0.148131768029312,4.851636192687234,5.408491440147932,7.56629670844526,33.86452073
Field_42,2023-12-12,dataset1_field_satellite,789,ok,19.03643687,74.62782859,0.422168195,0.493661218,-0.493661218,0.633146681,21.54432061,22.62821326,6.845098547,Sunflower,2023,12,346,-2.4492935982947064e-16,1.0,-0.32126966169236515,0.9469877530760751,18,0.31374070429411766,0.4245976215294118,0.4705423265294118,26.178365984117647,7.638284828529413,26.371296688235294,0.09948383227721747,0.08000246040138574,0.14920001262865387,5.024955963485416,5.242082473241891,7.4421747903606335,34.65740538
Field_42,2023-12-27,dataset1_field_satellite,790,ok,19.03643687,74.62782859,0.395910375,0.494988586,-0.494988586,0.593764243,21.74470716,18.31558436,6.608022567,Sunflower,2023,12,361,-2.4492935982947064e-16,1.0,-0.06880242680232064,0.9976303053065857,19,0.3197644537777778,0.428434488,0.4795759017777778,25.92091901888889,7.594218924,26.163347608888888,0.09983984435455341,0.07930250766905936,0.1497334057810006,4.995788076385032,5.089002274262133,7.273674338738462,33.6141361
Field_43,2023-01-01,dataset1_field_satellite,791,ok,12.80744668,77.70019499,0.406750169,0.425734773,-0.425734773,0.610026994,25.1704041,24.78658951,6.867677212,Ragi,2023,1,1,0.49999999999999994,0.8660254037844387,0.017213356155834685,0.9998518392091162,1,,,,,,,,,,,,,35.11644386
Field_43,2023-01-04,dataset1_field_satellite,797,ok,12.80744668,77.70019499,0.281125515,0.322347698,-0.322347698,0.421629795,31.73278878,15.16690214,12.8378525,Ragi,2023,1,4,0.49999999999999994,0.8660254037844387,0.06880242680231986,0.9976303053065857,2,0.406750169,0.425734773,0.610026994,25.1704041,6.867677212,24.78658951,,,,,,,44.22418465
Field_43,2023-01-05,dataset1_field_satellite,799,ok,12.80744668,77.70019499,0.305070322,0.352851793,-0.352851793,0.457544783,29.93057108,21.31048546,14.72505257,Ragi,2023,1,5,0.49999999999999994,0.8660254037844387,0.08596479873744647,0.9962981749346078,3,0.343937842,0.3740412355,0.5158283945,28.45159644,9.852764856,19.976745825,0.08883004472761374,0.07310570181954218,0.13321693696945144,4.640306707982712,4.22155143101715,6.802146172221583,45.71605972
Field_43,2023-01-16,dataset1_field_satellite,792,ok,12.80744668,77.70019499,0.376114452,0.405521005,-0.405521005,0.564079797,26.51548617,17.08950715,6.640949786,Ragi,2023,1,16,0.49999999999999994,0.8660254037844387,0.2719581575341055,0.9623090774541486,4,0.330982002,0.36697808800000004,0.496400524,28.944587986666665,11.476860760666668,20.421325703333334,0.06670044822541846,0.05312142672297286,0.10002850895747527,3.3904786044641333,4.101683893844891,4.871093314523036,34.25053036
Field_43,2023-01-31,dataset1_field_satellite,793,ok,12.80744668,77.70019499,0.348701359,0.386641251,-0.386641251,0.522967495,27.7595354,16.21132824,13.33270157,Ragi,2023,1,31,0.49999999999999994,0.8660254037844387,0.5086709438521044,0.8609610158889943,5,0.34226511449999997,0.37661381725,0.51332034225,28.3373125325,10.267883017,19.588371065,0.05895083578484513,0.047462052534349354,0.08840582221375057,3.023027845359576,4.130663697528091,4.312032054296218,46.10206935
Field_43,2023-02-03,dataset1_field_satellite,795,ok,12.80744668,77.70019499,0.308120882,0.380561141,-0.380561141,0.462113336,28.48445566,20.17317743,6.092476387,Ragi,2023,2,34,0.8660254037844386,0.5000000000000001,0.5524353131676196,0.8335557718385699,6,0.3435523634,0.378619304,0.5152497728000001,28.221757106000002,10.8808467276,18.9129625,0.05113399875280232,0.04134724547780821,0.07668315044521398,2.6307391163573226,3.830849708500704,4.028163226128671,32.01793411
Field_43,2023-02-15,dataset1_field_satellite,794,ok,12.80744668,77.70019499,0.316118897,0.371126884,-0.371126884,0.474105037,28.88452734,21.1930898,6.185613379,Ragi,2023,2,46,0.8660254037844386,0.5000000000000001,0.7116566222817746,0.7025274741691571,7,0.33764711649999996,0.3789429435,0.5063937,28.26554019833333,10.082785004166666,19.122998321666667,0.04796853456653673,0.03699059640013211,0.07193625374174037,2.3554473871669517,3.9448374716523165,3.639446312197423,32.47697259
Field_43,2023-03-17,dataset1_field_satellite,796,ok,12.80744668,77.70019499,0.290705755,0.324789346,-0.324789346,0.435998183,31.51026579,20.3526356,12.9008846,Ragi,2023,3,76,1.0,6.123233995736766e-17,0.9657399376548549,0.2595117970697999,8,0.33457165657142857,0.3778263635714286,0.5017810338571429,28.35396693285714,9.526046200571429,19.418725675714285,0.044538665974520726,0.033896618909896835,0.06679289376833639,2.162909769980283,3.890735864348474,3.41323266493758,44.5893289
Field_43,2023-04-16,dataset1_field_satellite,798,ok,12.80744668,77.70019499,0.326318106,0.375587341,-0.375587341,0.489411927,28.55259368,37.81902217,6.266520262,Ragi,2023,4,106,0.8660254037844387,-0.4999999999999998,0.9679377830240642,-0.25119006388481935,9,0.329088418875,0.371196736375,0.4935581775,28.74850429,9.9479010005,19.53546441625,0.0440549117682038,0.036557575372671056,0.06606728656801453,2.292410356702186,3.794597585312952,3.1772429114457483,32.80038607
Field_43,2023-05-16,dataset1_field_satellite,800,ok,12.80744668,77.70019499,0.386680123,0.389273188,-0.389273188,0.579948674,27.23726487,22.66235294,6.773599442,Ragi,2023,5,136,0.49999999999999994,-0.8660254037844387,0.717676913675962,-0.6963762255968722,10,0.32878060633333334,0.3716845813333334,0.49309748299999995,28.72673644444444,9.538858696222222,21.566970833333333,0.041219941552462926,0.03422778420841467,0.06181574002593196,2.145347673449967,3.755654395755138,6.780573600912947,34.9182227
Field_43,2023-05-31,dataset1_field_satellite,801,ok,12.80744668,77.70019499,0.425887392,0.417008358,-0.417008358,0.638749283,25.42056697,35.04282898,20.05267668,Ragi,2023,5,151,0.49999999999999994,-0.8660254037844387,0.5160623910158528,-0.8565509959010036,11,0.33457055799999996,0.373443442,0.5017826021,28.577789287,9.2623327708,21.676509044,0.04295965456088865,0.03274608181916943,0.06442765293113707,2.0767711619987756,3.6472442015489905,6.402163719511167,41.89769416
Field_43,2023-08-14,dataset1_field_satellite,802,ok,12.80744668,77.70019499,0.241003077,0.236822523,-0.236822523,0.361468641,36.50984344,35.98318945,3.45265416,Ragi,2023,8,226,-0.8660254037844384,-0.5000000000000004,-0.680773409477016,-0.732494071613579,12,0.34287208836363636,0.3774038889090909,0.5142341185454545,28.290769076363635,10.243273126181817,22.89162903818182,0.049183820491640697,0.03372850165622496,0.07376498556699668,2.188119564335994,4.749403649737738,7.289074897759468,42.10634802
Field_43,2023-10-13,dataset1_field_satellite,803,ok,12.80744668,77.70019499,0.417128728,0.414796368,-0.414796368,0.625607272,25.62297195,38.53296296,6.986215202,Ragi,2023,10,286,-0.8660254037844386,0.5000000000000001,-0.9778483415056568,0.20931464596304888,13,0.3343830040833333,0.3656887750833333,0.5015036620833334,28.97569194,9.677388212333334,23.982592405833334,0.055352591164384894,0.05177952559317765,0.08301437324938783,3.15943642448088,4.934462735759902,7.910939892631231,35.69024196
Field_43,2023-10-28,dataset1_field_satellite,804,ok,12.80744668,77.70019499,0.392555427,0.396676866,-0.396676866,0.588753816,26.79919695,36.87515252,14.12954028,Ragi,2023,10,301,-0.8660254037844386,0.5000000000000001,-0.8919813464595487,0.45207220393230374,14,0.3407480597692307,0.3694662822307692,0.5110500936153847,28.717790402307692,9.470374903846153,25.10185167923077,0.057751750709914056,0.051412031160057686,0.0866132241660561,3.1646285118237634,4.782985913105606,8.582153556084213,48.07384828
Field_43,2023-11-27,dataset1_field_satellite,806,ok,12.80744668,77.70019499,0.402437293,0.405826245,-0.405826245,0.60356995,26.23106744,22.09335787,14.03075862,Ragi,2023,11,331,-0.5000000000000004,0.8660254037844384,-0.5524353131676203,0.8335557718385695,15,0.344448586,0.37140989535714286,0.5166003595,28.58074801285714,9.803172430714286,25.942801739285716,0.05718758962916553,0.04992755705658801,0.08576748503422148,3.083411642200195,4.761065768110016,8.82544472865325,48.26163675
Field_43,2023-12-11,dataset1_field_satellite,805,ok,12.80744668,77.70019499,0.402437293,0.405826245,-0.405826245,0.60356995,26.23106744,17.4184869,13.9893644,Ragi,2023,12,345,-2.4492935982947064e-16,1.0,-0.33752289959411347,0.941317317512847,16,0.3483144998,0.37370431866666665,0.5223983322,28.42410264133333,10.08501151,25.686172148,0.057105151190974215,0.04892517015460239,0.08564388966550837,3.0325553560662923,4.715943324936224,8.562294867017686,48.24077137
Field_44,2023-01-01,dataset1_field_satellite,807,ok,14.59792549,79.69517334,0.425981636,0.388343826,-0.388343826,0.638880889,26.88334074,22.66965515,7.127331857,Ragi,2023,1,1,0.49999999999999994,0.8660254037844387,0.017213356155834685,0.9998518392091162,1,,,,,,,,,,,,,36.45182854
Field_44,2023-01-04,dataset1_field_satellite,813,ok,14.59792549,79.69517334,0.288215325,0.341924956,-0.341924956,0.432276831,30.66068109,20.89451035,1.065901134,Ragi,2023,1,4,0.49999999999999994,0.8660254037844387,0.06880242680231986,0.9976303053065857,2,0.425981636,0.388343826,0.638880889,26.88334074,7.127331857,22.66965515,,,,,,,31.86144372
Field_44,2023-01-05,dataset1_field_satellite,815,ok,14.59792549,79.69517334,0.262193399,0.355529005,-0.355529005,0.393240718,30.23175757,16.32207396,8.498044967,Ragi,2023,1,5,0.49999999999999994,0.8660254037844387,0.08596479873744647,0.9962981749346078,3,0.35709848050000004,0.365134391,0.53557886,28.772010915000003,4.0966164955,21.78208275,0.09741549272715486,0.0328230977520168,0.14609113043245878,2.670982976334565,4.286078767925777,1.2552169256680374,41.07351143
Field_44,2023-01-16,dataset1_field_satellite,808,ok,14.59792549,79.69517334,0.420855723,0.395899829,-0.395899829,0.63118152,26.54984852,19.13726789,7.063358974,Ragi,2023,1,16,0.49999999999999994,0.8660254037844387,0.2719581575341055,0.9623090774541486,4,0.3254634533333333,0.36193259566666663,0.48813281266666664,29.258593133333335,5.563759319333333,19.96207982,0.08801825914629531,0.02386278175504462,0.1320026189823049,2.0681783761390324,3.9550928938533185,3.274907137747193,36.12841506
Field_44,2023-01-31,dataset1_field_satellite,809,ok,14.59792549,79.69517334,0.426884637,0.40771115,-0.40771115,0.640234182,25.88513828,16.21594323,14.13330339,Ragi,2023,1,31,0.49999999999999994,0.8660254037844387,0.5086709438521044,0.8609610158889943,5,0.34931152075,0.370424404,0.5238949895,28.58140698,5.938659233,19.7558768375,0.08625387280272759,0.02584694960350649,0.1293529826207838,2.1646937139970426,3.315223418374963,2.705566457117484,49.23187718
Field_44,2023-02-03,dataset1_field_satellite,811,ok,14.59792549,79.69517334,0.368574757,0.399863218,-0.399863218,0.552850541,26.88139945,22.86579818,13.93762163,Ragi,2023,2,34,0.8660254037844386,0.5000000000000001,0.5524353131676196,0.8335557718385699,6,0.364826144,0.3778817532,0.547162828,28.042153239999998,7.5775880643999995,19.047890116,0.08236088636633919,0.027912522070002145,0.12351561491155685,2.228990160831508,4.655477237327788,2.827771804709679,46.99928093
Field_44,2023-02-15,dataset1_field_satellite,810,ok,14.59792549,79.69517334,0.428413093,0.424174867,-0.424174867,0.64252607,25.02881898,18.55722719,7.064299752,Ragi,2023,2,46,0.8660254037844386,0.5000000000000001,0.7116566222817746,0.7025274741691571,7,0.36545091283333336,0.3815453306666667,0.5481107801666667,27.848694275,8.637593658666667,19.684208126666665,0.07368171074975022,0.026529566709094444,0.11050012389787503,2.049213492172098,4.907183082490556,2.970932238843816,35.98235736
Field_44,2023-03-17,dataset1_field_satellite,812,ok,14.59792549,79.69517334,0.323128123,0.366394729,-0.366394729,0.484631856,29.05458751,20.49936288,12.98931771,Ragi,2023,3,76,1.0,6.123233995736766e-17,0.9657399376548549,0.2595117970697999,8,0.37444551000000004,0.38763526442857144,0.5615986787142857,27.44585494714286,8.412837386285714,19.523210849999998,0.07134761054052526,0.02908824465967233,0.10699857476537163,2.152987060395138,4.518920871704142,2.7453244194739277,45.23615585
Field_44,2023-04-16,dataset1_field_satellite,814,ok,14.59792549,79.69517334,0.253935778,0.3415011,-0.3415011,0.380860783,31.03241774,33.36834124,13.18594025,Ragi,2023,4,106,0.8660254037844387,-0.4999999999999998,0.9679377830240642,-0.25119006388481935,9,0.368030836625,0.3849801975,0.551977825875,27.6469465175,8.98489742675,19.64522985375,0.06850149019390446,0.027957930554972324,0.10273097692156628,2.072839239677263,4.48569194698171,2.5650007155783774,43.06615575
Field_44,2023-05-16,dataset1_field_satellite,816,ok,14.59792549,79.69517334,0.204379692,0.267620831,-0.267620831,0.30656796,35.31117723,21.25344788,5.431109664,Ragi,2023,5,136,0.49999999999999994,-0.8660254037844387,0.717676913675962,-0.6963762255968722,10,0.35535360788888887,0.38014918666666664,0.5329648211111111,28.023109986666668,9.451679962666667,21.17002000777778,0.07451380103569086,0.029899634393218417,0.11174925533629705,2.2434505341487037,4.423485801417887,5.165432238586948,29.78533786
Field_44,2023-05-31,dataset1_field_satellite,817,ok,14.59792549,79.69517334,0.215183992,0.255591378,-0.255591378,0.322737587,35.81511072,28.54504483,12.93757493,Ragi,2023,5,151,0.49999999999999994,-0.8660254037844387,0.5160623910158528,-0.8565509959010036,11,0.34025621629999997,0.36889635109999996,0.510325135,28.751916711,9.0496229328,21.178362795,0.08493936615756165,0.0453973479902424,0.12738094807597264,3.1281676234283853,4.359998726511456,4.870087677517203,42.77404035
Field_44,2023-07-15,dataset1_field_satellite,818,ok,14.59792549,79.69517334,0.424618572,0.39045318,-0.39045318,0.636844513,26.78954871,38.281492,3.160072295,Ragi,2023,7,196,-0.4999999999999997,-0.8660254037844388,-0.23030567023061196,-0.973118337233262,12,0.32888601409090906,0.358595899,0.4932717215454545,29.39402525727273,9.403073114363638,21.848061161818183,0.08896809996822047,0.054971990433317845,0.13342534749600116,3.6527012811616912,4.299165889446976,5.1263469952533205,46.79062707
Field_44,2023-08-14,dataset1_field_satellite,819,ok,14.59792549,79.69517334,0.499336447,0.491068822,-0.491068822,0.748907285,20.88859001,44.69102207,14.65919813,Ragi,2023,8,226,-0.8660254037844384,-0.5000000000000004,-0.680773409477016,-0.732494071613579,13,0.33686372724999997,0.36125067241666664,0.5052361208333332,29.176985544999997,8.882823046083333,23.217513731666667,0.08921588926784968,0.053214411762907345,0.13379720671989162,3.562944259238611,4.47777756439175,6.811402072847859,51.01586764
Field_44,2023-08-29,dataset1_field_satellite,820,ok,14.59792549,79.69517334,0.423633921,0.401416973,-0.401416973,0.635387779,26.23974561,41.92446173,13.87364875,Ragi,2023,8,241,-0.8660254037844384,-0.5000000000000004,-0.8452490573530633,-0.5343725582809785,14,0.34936162876923077,0.3712366839230769,0.5239800565384616,28.539416657692307,9.327159591,24.869322065384615,0.09657511777900762,0.062387162299730806,0.14483522171721686,4.113528160884188,4.5767097501101,8.831707179753941,49.06495409
Field_44,2023-09-13,dataset1_field_satellite,821,ok,14.59792549,79.69517334,0.306726298,0.352398469,-0.352398469,0.460053345,29.9368075,34.44083943,13.59141544,Ragi,2023,9,256,-1.0,-1.8369701987210297e-16,-0.9536809966304455,-0.300819807635668,15,0.35466679250000005,0.37339241885714286,0.531937751,28.37515444,9.651908816642857,26.087546327142856,0.09488591822678405,0.060479930163166044,0.1423030432148148,3.9996548411272514,4.561961120801515,9.632035588674649,45.163127
Field_44,2023-09-28,dataset1_field_satellite,822,ok,14.59792549,79.69517334,0.242714316,0.329072274,-0.329072274,0.364019779,31.78169128,30.16737445,12.71178829,Ragi,2023,9,271,-1.0,-1.8369701987210297e-16,-0.9988797155850335,-0.04732138832243232,16,0.35147075953333334,0.3719928222,0.5271454572666666,28.479264644,9.914542591533332,26.644432533999996,0.09226842008225766,0.05853146177887257,0.13837704858314304,3.8751984399616615,4.512161545834739,9.528959981141922,42.5653865
Field_44,2023-10-13,dataset1_field_satellite,823,ok,14.59792549,79.69517334,0.226366991,0.25709274,-0.25709274,0.339510263,35.62423405,24.60191374,5.652192423,Ragi,2023,10,286,-0.8660254037844386,0.5000000000000001,-0.9778483415056568,0.20931464596304888,17,0.3446734818125,0.3693102879375,0.5169501023749999,28.68566630875,10.0893704476875,26.86461640375,0.09319412538068285,0.0575558197858273,0.13976689373673318,3.833750788439569,4.414898809326795,9.247884519428935,30.79730906
Field_44,2023-10-28,dataset1_field_satellite,824,ok,14.59792549,79.69517334,0.332339497,0.35427346,-0.35427346,0.49844231,29.57947789,39.0918298,13.64127665,Ragi,2023,10,301,-0.8660254037844386,0.5000000000000001,-0.8919813464595487,0.45207220393230374,18,0.33771427647058827,0.36270925570588236,0.5065124647647059,29.093817352352943,9.828359975647059,26.731516247058824,0.09468707728868665,0.06201920684478318,0.1420067367743142,4.0756626397827125,4.408091787702374,8.971026901001393,46.14380012
Field_44,2023-12-11,dataset1_field_satellite,825,ok,14.59792549,79.69517334,0.144700198,0.101247021,-0.101247021,0.217034027,44.41645031,18.99258877,12.07111867,Ragi,2023,12,345,-2.4492935982947064e-16,1.0,-0.33752289959411347,0.941317317512847,19,0.3374156776111111,0.3622406003888889,0.5060641228333334,29.120798493333332,10.040188679777778,27.41820033333333,0.09186869307329414,0.06020031339139492,0.13777990159880152,3.9556302222314357,4.369890426062111,9.17784704679667,41.9915884
Field_44,2023-12-12,dataset1_field_satellite,826,ok,14.59792549,79.69517334,0.17920583,0.189147928,-0.189147928,0.268773325,39.57544415,21.89989979,5.390656223,Ragi,2023,12,346,-2.4492935982947064e-16,1.0,-0.32126966169236515,0.9469877530760751,20,0.327272757631579,0.34850409621052636,0.49085201252631583,29.925832799473685,10.147079731894737,26.974747093157895,0.09962767448860811,0.08371307827587161,0.1494169707071351,5.204926180419137,4.272252906125573,9.126315626657345,30.03572248
Field_45,2023-01-01,dataset1_field_satellite,827,ok,30.48401993,79.4899811,0.458261857,0.522988997,-0.522988997,0.687255428,19.67809597,4.26956818,7.29384951,Ragi,2023,1,1,0.49999999999999994,0.8660254037844387,0.017213356155834685,0.9998518392091162,1,,,,,,,,,,,,,46.01860781
Field_45,2023-01-04,dataset1_field_satellite,833,ok,30.48401993,79.4899811,0.412485513,0.457498593,-0.457498593,0.618620594,23.48983026,-4.790524835,13.96490418,Ragi,2023,1,4,0.49999999999999994,0.8660254037844387,0.06880242680231986,0.9976303053065857,2,0.458261857,0.522988997,0.687255428,19.67809597,7.29384951,4.26956818,,,,,,,47.80259827
Field_45,2023-01-05,dataset1_field_satellite,835,ok,30.48401993,79.4899811,0.447213475,0.455958238,-0.455958238,0.670724489,23.21381522,-1.151540475,14.11448784,Ragi,2023,1,5,0.49999999999999994,0.8660254037844387,0.08596479873744647,0.9962981749346078,3,0.435373685,0.49024379500000004,0.652938011,21.583963115000003,10.629376845,-0.2604783275,0.0323687632603281,0.04630870877104662,0.048532156547013,2.695303164540289,4.717147994823185,6.406453209087373,49.25274256
Field_45,2023-01-16,dataset1_field_satellite,828,ok,30.48401993,79.4899811,0.438839458,0.501936775,-0.501936775,0.658111868,20.95147294,-4.00346956,6.97492587,Ragi,2023,1,16,0.49999999999999994,0.8660254037844387,0.2719581575341055,0.9623090774541486,4,0.43932028166666665,0.478815276,0.658866837,22.127247150000002,11.79108051,-0.5574990433333333,0.023887136564469516,0.0382633165528145,0.03582091627480677,2.1255122211947146,3.895434355544385,4.559164975849787,35.16860733
Field_45,2023-01-31,dataset1_field_satellite,829,ok,30.48401993,79.4899811,0.473703083,0.533152811,-0.533152811,0.71037041,19.00138793,-1.301647576,7.212942628,Ragi,2023,1,31,0.49999999999999994,0.8660254037844387,0.5086709438521044,0.8609610158889943,5,0.43920007575000003,0.48459565075,0.6586780947499999,21.8333035975,10.58704185,-1.4189916725,0.019505246986798647,0.033312237862618534,0.029250091562116824,1.8323425943831237,3.989374502935105,4.101950964900024,36.02408813
Field_45,2023-02-03,dataset1_field_satellite,831,ok,30.48401993,79.4899811,0.408713711,0.478007964,-0.478007964,0.612948045,22.48105311,-0.909798948,6.76231011,Ragi,2023,2,34,0.8660254037844386,0.5000000000000001,0.5524353131676196,0.8335557718385699,6,0.4461006772,0.49430708279999996,0.6690165578,21.266920464000002,9.9122220056,-1.3955228532,0.022878647181831444,0.036108703325799345,0.034294241258194344,2.030285400370944,3.77004519939506,3.5527813352681674,34.37572268
Field_45,2023-02-15,dataset1_field_satellite,830,ok,30.48401993,79.4899811,0.404725148,0.47522475,-0.47522475,0.606962212,22.66391088,-4.321159155,6.733146001,Ragi,2023,2,46,0.8660254037844386,0.5000000000000001,0.7116566222817746,0.7025274741691571,7,0.43986951616666664,0.491590563,0.6596718056666667,21.469275905,9.387236689666667,-1.3145688690000001,0.025528615403828114,0.03297495479358883,0.038272997548935456,1.8823744028703084,3.6089125974535765,3.1838852771937325,34.27139575
Field_45,2023-03-17,dataset1_field_satellite,832,ok,30.48401993,79.4899811,0.347174579,0.40204338,-0.40204338,0.520672422,26.98862818,16.9968956,5.396300889,Ragi,2023,3,76,1.0,6.123233995736766e-17,0.9657399376548549,0.2595117970697999,8,0.43484889214285716,0.48925258971428576,0.6521418637142856,21.639938044285714,9.008080877,-1.7440817670000002,0.026824214735004803,0.030730861848620814,0.04021921760959061,1.776698282672148,3.44381411983889,3.120732903573724,33.1863957
Field_45,2023-04-16,dataset1_field_satellite,834,ok,30.48401993,79.4899811,0.407054324,0.44886455,-0.44886455,0.610489293,23.98619031,7.704959381,6.815934439,Ragi,2023,4,106,0.8660254037844387,-0.4999999999999998,0.9679377830240642,-0.25119006388481935,9,0.423889603,0.4783514385,0.6357081835,22.30852431125,8.5566083785,0.5985404038749997,0.039718955557113494,0.04195419389281362,0.05955693570303529,2.5063452653159657,3.434561096902919,7.228466017067438,34.772165
Field_45,2023-05-16,dataset1_field_satellite,836,ok,30.48401993,79.4899811,0.452130672,0.458173889,-0.458173889,0.67810538,23.05045571,6.145163746,7.196949407,Ragi,2023,5,136,0.49999999999999994,-0.8660254037844387,0.717676913675962,-0.6963762255968722,10,0.42201901644444445,0.4750751175555556,0.6329060845555555,22.494931644444446,8.363200163,1.3881425124444442,0.0375750961181191,0.0404566879196181,0.056341067109113706,2.410243765715051,3.2647119823531385,7.164539360533046,36.36836699
Field_45,2023-05-31,dataset1_field_satellite,837,ok,30.48401993,79.4899811,0.453519186,0.45501892,-0.45501892,0.680188507,23.19738149,8.114992592,7.216705739,Ragi,2023,5,151,0.49999999999999994,-0.8660254037844387,0.5160623910158528,-0.8565509959010036,11,0.425030182,0.47338499469999995,0.6374260141,22.550484051,8.2465750874,1.8638446357999996,0.03668354673049227,0.03851555984767917,0.05500828768038907,2.279179832259753,3.100015795032248,6.920270706842701,36.46226123
Field_45,2023-06-15,dataset1_field_satellite,838,ok,30.48401993,79.4899811,0.50995481,0.49651671,-0.49651671,0.764832286,20.50195303,27.40410197,14.77115067,Ragi,2023,6,166,1.2246467991473532e-16,-1.0,0.2802306751992159,-0.9599326896597447,12,0.42762009145454544,0.4717153515454546,0.6413135134545455,22.60929290909091,8.152950601181818,2.432130813636363,0.03584547783843274,0.036956302659233456,0.05375462497053722,2.1709992944934737,2.957280697722197,6.830342082905157,51.40187727
Field_45,2023-08-29,dataset1_field_satellite,839,ok,30.48401993,79.4899811,0.684365033,0.579431581,-0.579431581,1.026423942,14.48672771,28.97156272,8.987249371,Ragi,2023,8,241,-0.8660254037844384,-0.5000000000000004,-0.8452490573530633,-0.5343725582809785,13,0.434481318,0.47378213141666664,0.6516067445,22.433681252499998,8.704467273583333,4.513128409999999,0.04162939470234326,0.03595645282227699,0.06243620523389924,2.1575067109502974,3.4059522193155503,9.714882964608544,43.4313
Field_45,2023-09-28,dataset1_field_satellite,840,ok,30.48401993,79.4899811,0.673421586,0.600918311,-0.600918311,1.009892407,13.50128537,20.03953428,8.838606494,Ragi,2023,9,271,-1.0,-1.8369701987210297e-16,-0.9988797155850335,-0.04732138832243232,14,0.45370314223076924,0.48190901215384613,0.6804388366153845,21.822377133846153,8.726219742615385,6.394546433846154,0.0799487970049466,0.04520761109934534,0.11991741760516875,3.0207511822547772,3.26189400794319,11.512192561682694,42.66971343
Field_45,2023-10-13,dataset1_field_satellite,841,ok,30.48401993,79.4899811,0.624391288,0.576173077,-0.576173077,0.936453799,15.26562544,10.46123309,8.458532303,Ragi,2023,10,286,-0.8660254037844386,0.5000000000000001,-0.9778483415056568,0.20931464596304888,15,0.4693973167857143,0.49040967635714283,0.7039712345,21.228013436428572,8.734247367714286,7.3691884228571425,0.09668729000608706,0.0538347130940966,0.14500638369965804,3.6563334486062713,3.134070329727889,11.64623955867442,41.16740567
Field_45,2023-10-28,dataset1_field_satellite,842,ok,30.48401993,79.4899811,0.596917938,0.575172443,-0.575172443,0.895235714,15.59730403,3.803891318,8.215811657,Ragi,2023,10,301,-0.8660254037844386,0.5000000000000001,-0.8919813464595487,0.45207220393230374,16,0.4797302482,0.49612723639999995,0.7194700721333334,20.830520903333333,8.715866363400002,7.5753247340000005,0.10140132630576852,0.05640497434888682,0.15207939664018832,3.844979394781496,3.0209046621472893,11.250958701044297,40.12413639
Field_45,2023-11-27,dataset1_field_satellite,844,ok,30.48401993,79.4899811,0.551333009,0.574150201,-0.574150201,0.826844033,16.11505732,14.13338302,18.15795039,Ragi,2023,11,331,-0.5000000000000004,0.8660254037844384,-0.5524353131676203,0.8335557718385695,17,0.4870544788125,0.5010675618125,0.73045542475,20.50344484875,8.68461294425,7.3396101455,0.10224997168625033,0.057964892525110695,0.15335290751753256,3.9382655282391497,2.921147445542829,10.910275681918934,53.66577161
Field_45,2023-12-11,dataset1_field_satellite,843,ok,30.48401993,79.4899811,0.568802536,0.565810398,-0.565810398,0.853052506,16.36251005,-0.304771105,7.986261898,Ragi,2023,12,345,-2.4492935982947064e-16,1.0,-0.33752289959411347,0.941317317512847,18,0.4908355688235294,0.5053665405882353,0.736125342882353,20.245304405882354,9.241868088117647,7.739243844,0.10022304412603754,0.05885672376499511,0.15031237514421353,3.958962580068278,3.644015576246484,10.691562272189696,39.18519404
Field_45,2023-12-12,dataset1_field_satellite,845,ok,30.48401993,79.4899811,0.527321618,0.556079903,-0.556079903,0.790825724,17.28303104,-3.526391997,14.29041327,Ragi,2023,12,346,-2.4492935982947064e-16,1.0,-0.32126966169236515,0.9469877530760751,19,0.49516706699999996,0.5087245326666667,0.7426212963888889,20.029593608333336,9.172112188666667,7.292354124611112,0.09895205950856786,0.0588499151991084,0.1484059159284177,3.9482884356533656,3.547580395676051,10.544202337940138,50.86980994
Field_45,2023-12-27,dataset1_field_satellite,846,ok,30.48401993,79.4899811,0.44789647,0.495814123,-0.495814123,0.671731393,21.1716242,3.014986768,7.069944418,Ragi,2023,12,361,-2.4492935982947064e-16,1.0,-0.06880242680232064,0.9976303053065857,20,0.4968594117894737,0.5112169205789474,0.7451583715263158,19.88503768368421,9.441496456105263,6.722946434,0.09644663750257346,0.058214553339266284,0.14464799007512125,3.888439138144975,3.6421053851385845,10.543424597659698,35.60678042
Field_46,2023-01-01,dataset1_field_satellite,847,ok,19.01429118,74.58043055,0.296095778,0.441503956,-0.441503956,0.444074929,25.49526009,22.14125464,5.841288741,Sorghum,2023,1,1,0.49999999999999994,0.8660254037844387,0.017213356155834685,0.9998518392091162,1,,,,,,,,,,,,,30.59908789
Field_46,2023-01-04,dataset1_field_satellite,853,ok,19.01429118,74.58043055,0.17583241,0.331171198,-0.331171198,0.263711825,32.35756757,19.28097884,5.025634475,Sorghum,2023,1,4,0.49999999999999994,0.8660254037844387,0.06880242680231986,0.9976303053065857,2,0.296095778,0.441503956,0.444074929,25.49526009,5.841288741,22.14125464,,,,,,,27.68836661
Field_46,2023-01-05,dataset1_field_satellite,855,ok,19.01429118,74.58043055,-0.035893375,-0.075635975,0.075635975,-0.053838511,55.2932486,19.20324707,4.090501441,Sorghum,2023,1,5,0.49999999999999994,0.8660254037844387,0.08596479873744647,0.9962981749346078,3,0.23596409399999999,0.386337577,0.353893377,28.92641383,5.433461608,20.71111674,0.08503904304113323,0.07801704136881428,0.1275359739142545,4.852384153695168,0.5767546625923355,2.0225204142437785,32.59173221
Field_46,2023-01-16,dataset1_field_satellite,848,ok,19.01429118,74.58043055,0.277791048,0.443280949,-0.443280949,0.416623145,25.59146294,21.12285564,5.673830311,Sorghum,2023,1,16,0.49999999999999994,0.8660254037844387,0.2719581575341055,0.9623090774541486,4,0.14534493766666665,0.232346393,0.21798274766666667,37.715358753333334,4.985808219,20.208493516666667,0.1680812717240418,0.27236590025393637,0.2520869092564643,15.604790116617277,0.8760728511148804,1.674271401809869,29.8687994
Field_46,2023-01-31,dataset1_field_satellite,849,ok,19.01429118,74.58043055,0.267775234,0.442309844,-0.442309844,0.401604107,25.74334204,20.92486812,5.586337984,Sorghum,2023,1,31,0.49999999999999994,0.8660254037844387,0.5086709438521044,0.8609610158889943,5,0.17845646524999997,0.285080032,0.267642847,34.684384800000004,5.157813742,20.4370840475,0.15238012437712525,0.2461276142088776,0.22853819901460104,14.109814390897961,0.7937333893760451,1.4414591014289133,29.49322246
Field_46,2023-02-03,dataset1_field_satellite,851,ok,19.01429118,74.58043055,0.196576208,0.335184211,-0.335184211,0.29482353,31.94079175,23.91992836,5.202500683,Sorghum,2023,2,34,0.8660254037844386,0.5000000000000001,0.5524353131676196,0.8335557718385699,6,0.196320219,0.31652599439999995,0.29443509900000003,32.896176248,5.2435185904,20.534640862,0.13787800846797255,0.22445120764528453,0.2067883099761337,12.85704459572351,0.7136078231452646,1.2672568469320353,28.4290878
Field_46,2023-02-15,dataset1_field_satellite,850,ok,19.01429118,74.58043055,0.234091819,0.405259611,-0.405259611,0.35108676,27.97929337,24.77023725,5.372781446,Sorghum,2023,2,46,0.8660254037844386,0.5000000000000001,0.7116566222817746,0.7025274741691571,7,0.19636288383333333,0.3196356971666667,0.29449983750000003,32.736945498333334,5.2366822725,21.098855445,0.12332188409606572,0.20089971925944394,0.1849571552026813,11.506302758878498,0.6384898680933612,1.7873948939437205,28.77336666
Field_46,2023-03-17,dataset1_field_satellite,852,ok,19.01429118,74.58043055,0.206295828,0.380064654,-0.380064654,0.309398642,29.54973495,34.76275644,12.37969376,Sorghum,2023,3,76,1.0,6.123233995736766e-17,0.9657399376548549,0.2595117970697999,8,0.2017527317142857,0.33186768485714285,0.30258368357142856,32.05728090857143,5.256125011571428,21.62333856,0.11347654295974509,0.18622906591647437,0.17019125816279893,10.65658373954083,0.5851244030971212,2.1419371733365096,40.17629986
Field_46,2023-04-16,dataset1_field_satellite,854,ok,19.01429118,74.58043055,0.163971822,0.304390548,-0.304390548,0.245921352,33.84623526,35.8161121,4.983299478,Sorghum,2023,4,106,0.8660254037844387,-0.4999999999999998,0.9679377830240642,-0.25119006388481935,9,0.20232061875,0.337892306,0.303435553375,31.74383766375,6.146571105125,23.265765795,0.10507114227373202,0.17325463065671914,0.15758490878221995,9.90583143823901,2.576162737538923,5.051041385895876,27.64663584
Field_46,2023-05-16,dataset1_field_satellite,856,ok,19.01429118,74.58043055,0.147492811,0.293463576,-0.293463576,0.221208924,34.57251228,33.21354086,11.91306802,Sorghum,2023,5,136,0.49999999999999994,-0.8660254037844387,0.717676913675962,-0.6963762255968722,10,0.19805964133333331,0.33416988844444445,0.29704508655555556,31.97743739666667,6.017318702111111,24.660248717777776,0.09911284063266762,0.16244915726348913,0.14864864828496355,9.29252005321605,2.44077719121642,6.310715909787771,39.00783826
Field_46,2023-05-31,dataset1_field_satellite,857,ok,19.01429118,74.58043055,0.13768049,0.280064771,-0.280064771,0.206489113,35.35692584,25.17391631,4.805492493,Sorghum,2023,5,151,0.49999999999999994,-0.8660254037844387,0.5160623910158528,-0.8565509959010036,11,0.19300295829999997,0.3300992572,0.2894614703,32.236944885,6.6068936339,25.515577932,0.09480280429699948,0.15369852636121606,0.1421842999191979,8.799421722164324,2.9616628286365505,6.535747922647912,27.01024158
Field_46,2023-06-15,dataset1_field_satellite,858,ok,19.01429118,74.58043055,0.138192478,0.270415065,-0.270415065,0.207257898,35.84445311,37.18740332,4.832775046,Sorghum,2023,6,166,1.2246467991473532e-16,-1.0,0.2802306751992159,-0.9599326896597447,12,0.18797364299999997,0.32555066754545453,0.28191852872727274,32.52057951727273,6.443129893818182,25.484517784545456,0.0914715730080806,0.14658956187719607,0.1371881673921863,8.400700865458607,2.86169638985273,6.2012105977716745,27.18759736
Field_46,2023-09-28,dataset1_field_satellite,859,ok,19.01429118,74.58043055,0.496730659,0.504670938,-0.504670938,0.744956761,20.22061908,27.05534205,31.058835,Sorghum,2023,9,271,-1.0,-1.8369701987210297e-16,-0.9988797155850335,-0.04732138832243232,13,0.18382521258333331,0.320956034,0.27569680950000003,32.797568983333335,6.3089336565,26.45975824583333,0.08839073243040622,0.14067099051349607,0.132567521397123,8.067021574950566,2.7678380380153076,6.809715860759755,59.80019495
Field_46,2023-10-13,dataset1_field_satellite,860,ok,19.01429118,74.58043055,0.466422943,0.495503661,-0.495503661,0.699522029,20.99826924,29.84458025,7.236462071,Sorghum,2023,10,286,-0.8660254037844386,0.5000000000000001,-0.9778483415056568,0.20931464596304888,14,0.20789486230769233,0.33508794969230765,0.31179372884615386,31.83011129846154,8.212772221384615,26.505572384615387,0.1212162087898247,0.14399841599519708,0.1817923926908682,8.474752749749427,7.358147419185908,6.5218987844532785,36.33706892
Field_46,2023-10-28,dataset1_field_satellite,861,ok,19.01429118,74.58043055,0.37067504,0.454348552,-0.454348552,0.555926109,24.07769025,37.20187357,2.367937472,Sorghum,2023,10,301,-0.8660254037844386,0.5000000000000001,-0.8919813464595487,0.45207220393230374,15,0.22636115378571425,0.34654621478571423,0.3394886074285714,31.056408294285713,8.143035782071427,26.74407294642857,0.13541478867472656,0.1448398692451962,0.20308710428091858,8.641605013273743,7.074293106440757,6.3292640435528655,33.28028993
Field_46,2023-11-27,dataset1_field_satellite,863,ok,19.01429118,74.58043055,0.343949766,0.493297817,-0.493297817,0.515844038,22.36171241,29.57132723,12.77952428,Sorghum,2023,11,331,-0.5000000000000004,0.8660254037844384,-0.5524353131676203,0.8335557718385695,16,0.2359820795333333,0.3537330372666666,0.3539177742,30.59116042466667,7.7580292280666665,27.441259654666666,0.1357048292288195,0.14231961717175878,0.20352237755315222,8.519980950303802,6.978136305722775,6.670024296482618,43.94250194
Field_46,2023-12-11,dataset1_field_satellite,862,ok,19.01429118,74.58043055,0.352606356,0.495850932,-0.495850932,0.5288257,22.14293054,19.47664058,12.84537872,Sorghum,2023,12,345,-2.4492935982947064e-16,1.0,-0.33752289959411347,0.941317317512847,17,0.2427300599375,0.362455836,0.3640381656875,30.07681992375,8.0718726688125,27.574388878125,0.1338530704299126,0.14185183826912776,0.20074533984377532,8.484307599804575,6.857408925093366,6.465821686646519,44.27634811
Field_46,2023-12-12,dataset1_field_satellite,864,ok,19.01429118,74.58043055,0.397501262,0.485948418,-0.485948418,0.596145021,22.19009014,17.69154148,6.642831342,Sorghum,2023,12,346,-2.4492935982947064e-16,1.0,-0.32126966169236515,0.9469877530760751,18,0.24919337147058826,0.3703026063529412,0.3737315500588235,29.610120548235294,8.352667142411764,27.09805074294118,0.13231409190293836,0.1411064959652129,0.19843732552590634,8.437253667716423,6.73983884910792,6.561340432930302,33.82278996
Field_46,2023-12-27,dataset1_field_satellite,865,ok,19.01429118,74.58043055,0.393237424,0.50532438,-0.50532438,0.589750117,21.24421489,15.6983697,6.559102127,Sorghum,2023,12,361,-2.4492935982947064e-16,1.0,-0.06880242680232064,0.9976303053065857,19,0.2574326987222222,0.37672737366666664,0.386087854,29.19789663666667,8.257676264611112,26.575466894999998,0.1330381581278359,0.1395808109974834,0.1995225917030793,8.370094273678808,6.551012328828645,6.740508530023235,33.35331878
Field_47,2023-01-01,dataset1_field_satellite,866,ok,13.64312739,77.7996242,0.336426272,0.364335821,-0.364335821,0.504603069,29.02391204,19.32245073,6.383176697,Sorghum,2023,1,1,0.49999999999999994,0.8660254037844387,0.017213356155834685,0.9998518392091162,1,,,,,,,,,,,,,33.36375148
Field_47,2023-01-04,dataset1_field_satellite,872,ok,13.64312739,77.7996242,0.212232447,0.293971076,-0.293971076,0.318342328,33.88541936,24.85232392,5.438635885,Sorghum,2023,1,4,0.49999999999999994,0.8660254037844387,0.06880242680231986,0.9976303053065857,2,0.336426272,0.364335821,0.504603069,29.02391204,6.383176697,19.32245073,,,,,,,29.67057824
Field_47,2023-01-05,dataset1_field_satellite,874,ok,13.64312739,77.7996242,0.135418455,0.254658719,-0.254658719,0.203743562,36.67737179,17.3017555,7.229876627,Sorghum,2023,1,5,0.49999999999999994,0.8660254037844387,0.08596479873744647,0.9962981749346078,3,0.27432935950000004,0.3291534485,0.4114726985,31.4546657,5.910906291,22.087387325,0.08781829583899542,0.04975538834596222,0.13170623302993117,3.4376047927600397,0.6678912132726477,3.910210831750684,37.75591513
Field_47,2023-01-16,dataset1_field_satellite,867,ok,13.64312739,77.7996242,0.295175441,0.349050917,-0.349050917,0.442773053,30.22571563,26.48467346,6.051082168,Sorghum,2023,1,16,0.49999999999999994,0.8660254037844387,0.2719581575341055,0.9623090774541486,4,0.22802572466666668,0.304321872,0.34222965299999997,33.19556773,6.350563069666666,20.492176716666666,0.10143030286048002,0.05556636490859209,0.15184552663747616,3.8730844284339803,0.8960656144870509,3.9088316706130755,32.01793411
Field_47,2023-01-31,dataset1_field_satellite,868,ok,13.64312739,77.7996242,0.262394988,0.327312194,-0.327312194,0.393616331,31.67057246,23.63405409,12.83879328,Sorghum,2023,1,31,0.49999999999999994,0.8660254037844387,0.5086709438521044,0.8609610158889943,5,0.24481315375,0.31550413325,0.367365503,32.453104705,6.27569284425,21.9903009025,0.089364470903286,0.05058246540145656,0.13378572343153183,3.4936409900208387,0.7468006826410516,4.377611333917203,43.42086731
Field_47,2023-02-03,dataset1_field_satellite,870,ok,13.64312739,77.7996242,0.205423431,0.306911507,-0.306911507,0.308127169,33.29416403,17.70074838,5.347380449,Sorghum,2023,2,34,0.8660254037844386,0.5000000000000001,0.5524353131676196,0.8335557718385699,6,0.24832952060000002,0.3178657454,0.3726156686,32.296598255999996,7.5883129314,22.319051539999997,0.07779029935658484,0.044122844585342644,0.11645508163970715,3.0457539080264326,3.005518409633058,3.861734798172131,29.21153975
Field_47,2023-02-15,dataset1_field_satellite,869,ok,13.64312739,77.7996242,0.217037061,0.309713158,-0.309713158,0.325595971,33.03249093,17.58651676,5.445221329,Sorghum,2023,2,46,0.8660254037844386,0.5000000000000001,0.7116566222817746,0.7025274741691571,7,0.24117850566666665,0.316040039,0.3618675853333333,32.462859218333335,7.214824184333334,21.549334346666665,0.07174877439127587,0.03971724505294704,0.10743629086678247,2.7544781248328447,2.8396259953781153,3.935121836412248,29.60798208
Field_47,2023-03-17,dataset1_field_satellite,871,ok,13.64312739,77.7996242,0.16374571,0.272539421,-0.272539421,0.24573921,35.47500232,27.57242676,12.24892566,Sorghum,2023,3,76,1.0,6.123233995736766e-17,0.9657399376548549,0.2595117970697999,8,0.23772972785714286,0.3151361988571429,0.35668592614285716,32.54423517714286,6.9620237764285715,20.983217548571428,0.06612990247130833,0.036335493912382034,0.09902900739904595,2.5236836390860757,2.677110286300073,3.8920094415489697,40.14500178
Field_47,2023-04-16,dataset1_field_satellite,873,ok,13.64312739,77.7996242,0.189192036,0.287355512,-0.287355512,0.283800709,34.45854779,28.51462686,5.24859879,Sorghum,2023,4,106,0.8660254037844387,-0.4999999999999998,0.9679377830240642,-0.25119006388481935,9,0.228481725625,0.309811601625,0.342817586625,32.91058107,7.622886511875,21.8068687,0.06657800424120007,0.03685741543042194,0.09972175069638592,2.5559341652903425,3.1043502194680466,4.290802343162409,28.88812628
Field_47,2023-05-16,dataset1_field_satellite,875,ok,13.64312739,77.7996242,0.244816501,0.317936802,-0.317936802,0.367213515,32.32884782,37.24818219,5.673830311,Sorghum,2023,5,136,0.49999999999999994,-0.8660254037844387,0.717676913675962,-0.6963762255968722,10,0.22411620455555553,0.30731648055555555,0.3362601557777778,33.082577372222225,7.359076765000001,22.55217516222222,0.06364017430458899,0.035280179995927426,0.09533295972827574,2.445903529769561,3.0097718754730667,4.594447426867442,30.55735712
Field_47,2023-05-31,dataset1_field_satellite,876,ok,13.64312739,77.7996242,0.247130764,0.318406802,-0.318406802,0.370678768,32.28121227,32.06223086,5.693586642,Sorghum,2023,5,151,0.49999999999999994,-0.8660254037844387,0.5160623910158528,-0.8565509959010036,11,0.2261862342,0.3083785127,0.3393554917,33.007204417000004,7.1905521195999995,24.021775865000002,0.06035655752806433,0.03343159003295684,0.09041219502727511,2.3183051766710325,2.88724905573833,6.353012737367955,30.64081866
Field_47,2023-06-15,dataset1_field_satellite,877,ok,13.64312739,77.7996242,0.166353606,0.229394905,-0.229394905,0.249515929,37.65151572,38.83113611,5.180862796,Sorghum,2023,6,166,1.2246467991473532e-16,-1.0,0.2802306751992159,-0.9599326896597447,12,0.22809028236363638,0.30929017536363634,0.34220306227272723,32.94120513090909,7.05446434890909,24.75272631909091,0.05760644084196316,0.031859794535644505,0.08629092506468054,2.210203602922442,2.7760232516179557,6.49629648236103,28.90899166
Field_47,2023-08-14,dataset1_field_satellite,878,ok,13.64312739,77.7996242,0.310287694,0.341381553,-0.341381553,0.465377776,30.4630073,44.39079928,1.30485867,Sorghum,2023,8,226,-0.8660254037844384,-0.5000000000000004,-0.680773409477016,-0.732494071613579,13,0.22294555933333335,0.3026322361666667,0.3344791345,33.333731013333335,6.898330886166666,25.925927135,0.057744593900847734,0.03814062669648496,0.08651654252571363,2.5079529263550273,2.7015299001599975,7.4082478621327,43.14961729
Field_47,2023-09-28,dataset1_field_satellite,879,ok,13.64312739,77.7996242,0.408682616,0.369017553,-0.369017553,0.612960976,28.04689739,29.64808653,13.81437975,Sorghum,2023,9,271,-1.0,-1.8369701987210297e-16,-0.9988797155850335,-0.04732138832243232,14,0.22966418507692307,0.30561295284615386,0.3445482607692308,33.11290611230769,6.468063792615384,27.346301915384615,0.06036047875484602,0.0380655030537855,0.09043996758137918,2.529743630742151,3.0160839153854497,8.748466364970032,48.96062717
Field_47,2023-10-13,dataset1_field_satellite,880,ok,13.64312739,77.7996242,0.441675156,0.428532478,-0.428532478,0.662459161,24.67085655,28.91960615,7.173429965,Sorghum,2023,10,286,-0.8660254037844386,0.5000000000000001,-0.9778483415056568,0.20931464596304888,15,0.24245121585714285,0.31014185285714285,0.36372059757142855,32.75104834642857,6.992800646714286,27.510715102142857,0.07518138741117072,0.04030726265841568,0.11267787290550141,2.782175460701501,3.5002705569799684,8.427736869028196,36.42053046
Field_47,2023-10-28,dataset1_field_satellite,881,ok,13.64312739,77.7996242,0.383317733,0.414131269,-0.414131269,0.574921346,26.00224227,34.70964428,13.8209652,Sorghum,2023,10,301,-0.8660254037844386,0.5000000000000001,-0.8919813464595487,0.45207220393230374,16,0.2557328118666667,0.3180345612,0.3836365018,32.212368893333334,7.004842601266668,27.604641172,0.08885111929817234,0.04942721773774624,0.133188110852216,3.3970929798553153,3.3732675284335,8.129313694113655,47.28096363
Field_47,2023-12-12,dataset1_field_satellite,882,ok,13.64312739,77.7996242,0.377446125,0.388204183,-0.388204183,0.566095715,27.38615859,19.07744142,6.693633338,Sorghum,2023,12,346,-2.4492935982947064e-16,1.0,-0.32126966169236515,0.9469877530760751,17,0.2637068694375,0.3240406054375,0.3955918045625,31.824235979375,7.4308502636875,28.04870386625,0.09157286432193189,0.05345410125705838,0.1372710320516022,3.630598556054916,3.6775071292319472,8.05202408617092,34.57394384
Field_47,2023-12-27,dataset1_field_satellite,883,ok,13.64312739,77.7996242,0.244697747,0.252575926,-0.252575926,0.366920046,35.66767261,19.02723926,5.826236298,Sorghum,2023,12,361,-2.4492935982947064e-16,1.0,-0.06880242680232064,0.9976303053065857,18,0.27039741388235294,0.32781493352941177,0.4056214463529412,31.56317260352941,7.38748456217647,27.52098254588235,0.09285724356279729,0.05404564298485645,0.1391966984918737,3.676416390122384,3.565217377223029,8.094271128706346,31.57976101
Field_48,2023-01-01,dataset1_field_satellite,884,ok,23.33313708,77.20419754,0.746463714,0.684081724,-0.684081724,1.119560994,8.508627967,6.183541032,9.295824457,Sorghum,2023,1,1,0.49999999999999994,0.8660254037844387,0.017213356155834685,0.9998518392091162,1,,,,,,,,,,,,,44.19288657
Field_48,2023-01-04,dataset1_field_satellite,890,ok,23.33313708,77.20419754,0.185491938,0.292220146,-0.292220146,0.278200339,34.24792694,5.680192536,5.204382238,Sorghum,2023,1,4,0.49999999999999994,0.8660254037844387,0.06880242680231986,0.9976303053065857,2,0.746463714,0.684081724,1.119560994,8.508627967,9.295824457,6.183541032,,,,,,,28.66903973
Field_48,2023-01-05,dataset1_field_satellite,892,ok,23.33313708,77.20419754,0.203226858,0.302929891,-0.302929891,0.304795262,33.51991605,11.33388393,11.96669235,Sorghum,2023,1,5,0.49999999999999994,0.8660254037844387,0.08596479873744647,0.9962981749346078,3,0.465977826,0.488150935,0.6988806665,21.3782774535,7.2501033475,5.931866784,0.3966669468638609,0.2770879790902612,0.5949318245740552,18.20043284679624,2.893086537887835,0.35592113482165016,41.04221335
Field_48,2023-01-16,dataset1_field_satellite,885,ok,23.33313708,77.20419754,0.736955373,0.700341574,-0.700341574,1.105298178,7.775436446,10.21437632,9.172582578,Sorghum,2023,1,16,0.49999999999999994,0.8660254037844387,0.2719581575341055,0.9623090774541486,4,0.37839417,0.42641058700000006,0.5675188649999999,25.425490319,8.822299681666667,7.732539166,0.31888089275170994,0.223213991030235,0.47826740075556423,14.654953901032098,3.4059328820978294,3.128993929204566,43.56692501
Field_48,2023-01-31,dataset1_field_satellite,886,ok,23.33313708,77.20419754,0.40674734,0.340939387,-0.340939387,0.610061123,29.50045605,8.341426589,14.11072473,Sorghum,2023,1,31,0.49999999999999994,0.8660254037844387,0.5086709438521044,0.8609610158889943,5,0.46803447075000004,0.49489333375,0.70196369325,21.01297685075,8.90987040575,8.3529984545,0.3161195184034358,0.22798217094938752,0.47412528420556765,14.86807148414126,2.7864422462648317,2.8402372413954655,49.4926945
Field_48,2023-02-03,dataset1_field_satellite,888,ok,23.33313708,77.20419754,0.371658014,0.489963392,-0.489963392,0.557415843,22.24900188,11.62617834,6.402933028,Sorghum,2023,2,34,0.8660254037844386,0.5000000000000001,0.5524353131676196,0.8335557718385699,6,0.4557770446,0.46410254440000004,0.6835831792,22.7104726906,9.9500412706,8.3506840814,0.27513612070360494,0.2090986997737604,0.4126564010480983,13.4239384263595,3.3515626854112446,2.45972304785956,32.7586553
Field_48,2023-02-15,dataset1_field_satellite,887,ok,23.33313708,77.20419754,0.576447759,0.600097099,-0.600097099,0.864546006,14.53360155,11.98447995,7.974031788,Sorghum,2023,2,46,0.8660254037844386,0.5000000000000001,0.7116566222817746,0.7025274741691571,7,0.44175720616666664,0.46841268566666666,0.6625552898333333,22.633560888833333,9.3588565635,8.896599791166667,0.24847382789912412,0.1873213199400791,0.3726677837539432,12.008213474587254,3.3291701811181573,2.5745550587931656,38.94524211
Field_48,2023-03-17,dataset1_field_satellite,889,ok,23.33313708,77.20419754,0.207271255,0.323481304,-0.323481304,0.310864868,32.42916619,19.58090868,12.62805907,Sorghum,2023,3,76,1.0,6.123233995736766e-17,0.9657399376548549,0.2595117970697999,8,0.46099871371428575,0.48722474471428573,0.6914111064285714,21.47642384042857,9.161024452714287,9.337725528142856,0.23246724195315174,0.17809637572399475,0.348658865654825,11.381436146239128,3.0838462814226175,2.624072192170802,41.24043452
Field_48,2023-04-16,dataset1_field_satellite,891,ok,23.33313708,77.20419754,0.159941233,0.255952852,-0.255952852,0.239875906,36.36083963,17.88288632,5.061384028,Sorghum,2023,4,106,0.8660254037844387,-0.4999999999999998,0.9679377830240642,-0.25119006388481935,9,0.429282781375,0.466756814625,0.643842826625,22.845516634124998,9.594403779875,10.618123422124999,0.23316962920348644,0.17475302546163646,0.34971244048965716,11.226179714397153,3.107098674980061,4.360897354665883,28.25173202
Field_48,2023-05-16,dataset1_field_satellite,893,ok,23.33313708,77.20419754,0.06329663,0.114462835,-0.114462835,0.09493327,44.57295747,18.88613923,11.46902094,Sorghum,2023,5,136,0.49999999999999994,-0.8660254037844387,0.717676913675962,-0.6963762255968722,10,0.39935594266666663,0.4433341521111111,0.5989576132222223,24.347219189222223,9.090734918555556,11.425319299666667,0.23586565574644672,0.17792943121544497,0.35375639018114446,11.426710689578131,3.2757358411233994,4.743873331274009,40.88572296
Field_48,2023-05-31,dataset1_field_satellite,894,ok,23.33313708,77.20419754,0.189270373,0.297257853,-0.297257853,0.283866475,33.95209095,28.73764905,5.226020125,Sorghum,2023,5,151,0.49999999999999994,-0.8660254037844387,0.5160623910158528,-0.8565509959010036,11,0.36575001139999996,0.41044702040000003,0.5485551788999999,26.369793017299997,9.3285635207,12.1714012927,0.2464645874839277,0.19737493053626853,0.3696522620362257,12.528767686004437,3.1786472029322588,5.05670208837248,28.73163589
Field_48,2023-06-15,dataset1_field_satellite,895,ok,23.33313708,77.20419754,0.158981561,0.276024086,-0.276024086,0.238440125,35.34571575,27.13416146,5.004937366,Sorghum,2023,6,166,1.2246467991473532e-16,-1.0,0.2802306751992159,-0.9599326896597447,12,0.3497064079090909,0.40015709609090905,0.5244925694545454,27.059092829363635,8.955605030181818,13.67742381609091,0.23979508530820434,0.19033098762138595,0.35964929619313574,12.103697546489778,3.25937058782578,6.925485878988093,27.89702047
Field_48,2023-08-29,dataset1_field_satellite,896,ok,23.33313708,77.20419754,0.749112065,0.671866549,-0.671866549,1.123553931,9.105340933,33.14457384,16.17290945,Sorghum,2023,8,241,-0.8660254037844384,-0.5000000000000004,-0.8452490573530633,-0.5343725582809785,13,0.33381267066666664,0.38981267858333335,0.50065486575,27.749644739416667,8.626382724833332,14.79881861975,0.23517140093708278,0.18497758316290872,0.35271458073396855,11.78574145896067,3.3103432033631948,7.661100199588898,58.66303144
Field_48,2023-09-13,dataset1_field_satellite,897,ok,23.33313708,77.20419754,0.749112065,0.671866549,-0.671866549,1.123553931,9.105340933,19.88977293,16.82580917,Sorghum,2023,9,256,-1.0,-1.8369701987210297e-16,-0.9536809966304455,-0.300819807635668,14,0.3657587779230769,0.41150913015384616,0.5485701784615384,26.31546752353846,9.206884780615384,16.21003055976923,0.25291102749526856,0.19361012944358694,0.3793239789498194,12.412398196336452,3.798150698040025,8.926990929830884,59.02817569
Field_48,2023-09-28,dataset1_field_satellite,898,ok,23.33313708,77.20419754,0.451161281,0.481405104,-0.481405104,0.676646256,21.87406858,29.99409164,7.133917301,Sorghum,2023,9,271,-1.0,-1.8369701987210297e-16,-0.9988797155850335,-0.04732138832243232,15,0.3931411555714286,0.4301060886428571,0.5896404464999999,25.086172767071428,9.751093665571428,16.4728693005,0.26370590731368715,0.19860333797558802,0.3955163860190655,12.781728806565052,4.178821210349889,8.632974929776129,35.96149198
Field_48,2023-10-13,dataset1_field_satellite,899,ok,23.33313708,77.20419754,0.321132266,0.384183671,-0.384183671,0.48162563,28.16658983,21.05220321,6.199725045,Sorghum,2023,10,286,-0.8660254037844386,0.5000000000000001,-0.9778483415056568,0.20931464596304888,16,0.39700916393333335,0.433526023,0.5954408338,24.872032487933332,9.576615241266667,17.374284123133336,0.2545545668140141,0.19183677321900108,0.38179062085490867,12.344673400530853,4.083119242861522,9.021809103948009,32.4665399
Field_48,2023-10-28,dataset1_field_satellite,900,ok,23.33313708,77.20419754,0.318693335,0.398275893,-0.398275893,0.477957659,27.47188787,21.37473557,6.145159938,Sorghum,2023,10,301,-0.8660254037844386,0.5000000000000001,-0.8919813464595487,0.45207220393230374,17,0.3922668578125,0.430442126,0.5883273835625,25.0779423218125,9.365559604,17.6041540660625,0.24665358392756317,0.1857420014961047,0.3699406597682396,11.954494790512872,4.033995159518282,8.764261516226188,32.15355912
Field_48,2023-11-27,dataset1_field_satellite,902,ok,23.33313708,77.20419754,0.511406046,0.517219059,-0.517219059,0.766979695,19.42997933,21.37389753,14.26407149,Sorghum,2023,11,331,-0.5000000000000004,0.8660254037844384,-0.5524353131676203,0.8335557718385695,18,0.3879390035294118,0.4285499946470588,0.5818350468235294,25.21876264817647,9.176124329529411,17.825952978058826,0.23948701748971268,0.18001304997904483,0.35919234879524864,11.589443053217344,3.983227891103154,8.535093631863097,50.84894456
Field_48,2023-12-11,dataset1_field_satellite,901,ok,23.33313708,77.20419754,0.365197604,0.431022053,-0.431022053,0.547692193,25.32478361,6.381384831,13.72030198,Sorghum,2023,12,345,-2.4492935982947064e-16,1.0,-0.33752289959411347,0.941317317512847,19,0.39479828366666664,0.43347605377777776,0.5921208606111111,24.897163574944443,9.458788060666667,18.023061008722223,0.23415200194874633,0.17588441801754312,0.35118961463793813,11.325897937379196,4.046107054927839,8.322378601785715,46.25855974
Field_48,2023-12-12,dataset1_field_satellite,903,ok,23.33313708,77.20419754,0.714947103,0.634283473,-0.634283473,1.072268735,11.37341953,12.61164317,9.131188359,Sorghum,2023,12,346,-2.4492935982947064e-16,1.0,-0.32126966169236515,0.9469877530760751,20,0.39324035315789474,0.4333468958421053,0.5897825096842105,24.919669892578945,9.68307826694737,17.410341209894735,0.2276561496737633,0.17092985723347817,0.3414471236916851,11.00723152254629,4.051826639839003,8.517463412816925,43.75471348
Field_48,2023-12-27,dataset1_field_satellite,904,ok,23.33313708,77.20419754,0.708185021,0.644149901,-0.644149901,1.062141313,10.93865687,9.897370554,9.047459144,Sorghum,2023,12,361,-2.4492935982947064e-16,1.0,-0.06880242680232064,0.9976303053065857,21,0.40932569064999996,0.44339372470000005,0.6139068209499999,24.242357374450002,9.65548377155,17.170406307900002,0.23296851786028772,0.17233123282418478,0.3494133277615309,11.133615476938694,3.945688769800941,8.359442884768207,43.33740576
Field_49,2023-01-01,dataset1_field_satellite,905,ok,17.52394033,78.37062498,0.159649598,0.169854259,-0.169854259,0.239440839,40.76038855,19.49473008,5.2608289,Turmeric,2023,1,1,0.49999999999999994,0.8660254037844387,0.017213356155834685,0.9998518392091162,1,,,,,,,,,,,,,29.58711669
Field_49,2023-01-04,dataset1_field_satellite,911,ok,17.52394033,78.37062498,0.277569106,0.336429419,-0.336429419,0.416296316,31.0500357,21.55758305,5.923136401,Turmeric,2023,1,4,0.49999999999999994,0.8660254037844387,0.06880242680231986,0.9976303053065857,2,0.159649598,0.169854259,0.239440839,40.76038855,5.2608289,19.49473008,,,,,,,31.52759755
Field_49,2023-01-05,dataset1_field_satellite,913,ok,17.52394033,78.37062498,0.271483687,0.339248419,-0.339248419,0.407168203,30.96823489,19.00989867,12.67039407,Turmeric,2023,1,5,0.49999999999999994,0.8660254037844387,0.08596479873744647,0.9962981749346078,3,0.218609352,0.253141839,0.3278685775,35.905212125,5.5919826505,20.526156565,0.08338168374098134,0.11778642521323415,0.1250557070766815,6.866256347949119,0.46832212518781574,1.4586573236778109,43.49389616
Field_49,2023-01-16,dataset1_field_satellite,906,ok,17.52394033,78.37062498,0.23657997,0.30138109,-0.30138109,0.354810125,33.25837349,19.44384061,12.62147363,Turmeric,2023,1,16,0.49999999999999994,0.8660254037844387,0.2719581575341055,0.9623090774541486,4,0.23623413033333332,0.2818440323333333,0.354301786,34.25955304666667,7.951453123666667,20.020737266666668,0.06639390804612968,0.09699623028081317,0.09957714833754681,5.630037257796659,4.100117748029466,1.3528438917120988,42.7114442
Field_49,2023-01-31,dataset1_field_satellite,907,ok,17.52394033,78.37062498,0.221598345,0.312487019,-0.312487019,0.332343553,32.84426166,22.16703155,5.479089327,Turmeric,2023,1,31,0.49999999999999994,0.8660254037844387,0.5086709438521044,0.8609610158889943,5,0.23632059025,0.28672829675,0.35442887075,34.0092581575,9.11895825025,19.8765131025,0.054210674702442535,0.07979726362075347,0.08130479844076403,4.624082230629573,4.081615274316155,1.141633406577371,29.74360709
Field_49,2023-02-03,dataset1_field_satellite,909,ok,17.52394033,78.37062498,0.188767616,0.289429111,-0.289429111,0.283110724,34.35699531,18.93907693,5.240131791,Turmeric,2023,2,34,0.8660254037844386,0.5000000000000001,0.5524353131676196,0.8335557718385699,6,0.2333761412,0.2918800412,0.3500118072,33.776258858,8.3909844656,20.334616792,0.04740724459205324,0.07006000867406845,0.07110137086683802,4.038322142246155,3.8915827874190763,1.4236537774078548,28.83596281
Field_49,2023-02-15,dataset1_field_satellite,908,ok,17.52394033,78.37062498,0.19285792,0.27767358,-0.27767358,0.289243557,34.91551036,22.30905706,5.304104674,Turmeric,2023,2,46,0.8660254037844386,0.5000000000000001,0.7116566222817746,0.7025274741691571,7,0.225941387,0.2914715528333333,0.33886162666666664,33.873048266666665,7.865842353166666,20.102026815,0.04614770733129778,0.06267156475470075,0.06921187114123176,3.619757687667052,3.7108191417225935,1.3949984396934951,29.18024168
Field_49,2023-03-17,dataset1_field_satellite,910,ok,17.52394033,78.37062498,0.194793049,0.295513597,-0.295513597,0.292148085,33.98475788,28.99720228,18.74875879,Turmeric,2023,3,76,1.0,6.123233995736766e-17,0.9657399376548549,0.2595117970697999,8,0.2212151774285714,0.2895004138571428,0.331773331,34.02197142285714,7.499879827571428,20.41731685,0.04394354493746156,0.057448254218149,0.0659060705645946,3.327779766801794,3.5231589390478333,1.5223463848551402,44.5893289
Field_49,2023-04-16,dataset1_field_satellite,912,ok,17.52394033,78.37062498,0.300788319,0.368950634,-0.368950634,0.451120934,29.15222545,26.76157286,6.053904501,Turmeric,2023,4,106,0.8660254037844387,-0.4999999999999998,0.9679377830240642,-0.25119006388481935,9,0.217912411375,0.29025206175,0.32682017525,34.01731973,8.905989697875,21.48980252875,0.04174253331329903,0.05322922136698614,0.06260482743719002,3.080953488771499,5.143595346658975,3.3448865203006855,31.91360718
Field_49,2023-05-16,dataset1_field_satellite,914,ok,17.52394033,78.37062498,0.333449071,0.350680867,-0.350680867,0.500114786,29.75159945,22.07353051,6.388821363,Turmeric,2023,5,136,0.49999999999999994,-0.8660254037844387,0.717676913675962,-0.6963762255968722,10,0.22712084555555556,0.29899634755555554,0.34063137066666666,33.476753698888885,8.589091342666668,22.07555478777778,0.04783086390610157,0.0562791619044014,0.07173692170473644,3.3069086479516754,4.90441867724444,3.588549008315671,33.4680784
Field_49,2023-05-31,dataset1_field_satellite,915,ok,17.52394033,78.37062498,0.325710397,0.353389754,-0.353389754,0.488507588,29.69230594,39.46933337,6.313559147,Turmeric,2023,5,151,0.49999999999999994,-0.8660254037844387,0.5160623910158528,-0.8565509959010036,11,0.2377536681,0.30416479949999997,0.3565797122,33.104238274,8.3690643447,22.07535236,0.05625088118774499,0.05552067994348037,0.08436754989338678,3.3329042258365806,4.675986523109475,3.3833165117578137,33.12379954
Field_49,2023-06-15,dataset1_field_satellite,916,ok,17.52394033,78.37062498,0.269304209,0.285111468,-0.285111468,0.403909892,33.75496297,36.98345553,5.970175286,Turmeric,2023,6,166,1.2246467991473532e-16,-1.0,0.2802306751992159,-0.9599326896597447,12,0.24574973436363637,0.3086397953636364,0.3685731554545455,32.79406260727273,8.182200235818183,23.65662336090909,0.05959071491075705,0.054722689800693586,0.08937765167877156,3.325014873239846,4.479114322602343,6.1487189981602,32.01793411
Field_49,2023-09-28,dataset1_field_satellite,917,ok,17.52394033,78.37062498,0.451952871,0.434679745,-0.434679745,0.677841459,24.25198525,24.52391248,16.17290945,Turmeric,2023,9,271,-1.0,-1.8369701987210297e-16,-0.9988797155850335,-0.04732138832243232,13,0.24771260725,0.30667910141666666,0.3715178835,32.8741376375,7.997864823333334,24.767192708333337,0.05722293871860866,0.052616259265221926,0.08582660853915176,3.1823893889820436,4.3181430246690855,7.01214231005578,50.91154071
Field_49,2023-10-13,dataset1_field_satellite,918,ok,17.52394033,78.37062498,0.394940724,0.389412709,-0.389412709,0.59233313,27.1457758,20.98404257,6.846980103,Turmeric,2023,10,286,-0.8660254037844386,0.5000000000000001,-0.9778483415056568,0.20931464596304888,14,0.26342339676923077,0.31652530476923074,0.39508123546153845,32.210895146153845,8.62671441,24.748478844615384,0.07880589096691482,0.061628607075963876,0.11819630449318258,3.873269058745044,4.715227391211829,6.713954188216746,35.23120348
Field_49,2023-10-28,dataset1_field_satellite,919,ok,17.52394033,78.37062498,0.384601392,0.40728178,-0.40728178,0.576817494,26.33889726,30.05768777,6.713389669,Turmeric,2023,10,301,-0.8660254037844386,0.5000000000000001,-0.8919813464595487,0.45207220393230374,15,0.2728174915714286,0.32173154792857145,0.4091706565,31.84910090714286,8.499590530928572,24.479590539285713,0.08347534990129118,0.06233293157732396,0.1251993922498051,3.9598898722897777,4.555146199500434,6.528546414212888,34.55307845
Field_49,2023-12-12,dataset1_field_satellite,920,ok,17.52394033,78.37062498,0.279849554,0.303014388,-0.303014388,0.419706787,32.73306334,23.76775203,6.02191806,Turmeric,2023,12,346,-2.4492935982947064e-16,1.0,-0.32126966169236515,0.9469877530760751,16,0.28026975159999995,0.3274348967333333,0.42034711233333333,31.481753997333332,8.380510473466666,24.851463688000003,0.08546024148142224,0.06399835157528175,0.1281754674279426,4.072447924418505,4.413610866258566,6.453823682832182,32.14312642
Field_5,2023-01-04,dataset1_field_satellite,78,ok,30.69708764,76.51908279,0.40118289,0.427307098,-0.427307098,0.601705108,25.14697222,4.379422078,8.771811278,Wheat,2023,1,4,0.49999999999999994,0.8660254037844387,0.06880242680231986,0.9976303053065857,1,,,,,,,,,,,,,45.3091847
Field_5,2023-01-05,dataset1_field_satellite,80,ok,30.69708764,76.51908279,0.224677901,0.324703067,-0.324703067,0.336977743,32.18900573,3.425364608,13.13796058,Wheat,2023,1,5,0.49999999999999994,0.8660254037844387,0.08596479873744647,0.9962981749346078,2,0.40118289,0.427307098,0.601705108,25.14697222,8.771811278,4.379422078,,,,,,,42.17937687
Field_5,2023-01-16,dataset1_field_satellite,73,ok,30.69708764,76.51908279,0.681930027,0.597563212,-0.597563212,1.022754595,13.58571574,0.284146544,8.92233571,Wheat,2023,1,16,0.49999999999999994,0.8660254037844387,0.2719581575341055,0.9623090774541486,3,0.3129303955,0.3760050825,0.4693414255,28.667988975,10.954885929,3.902393343,0.12480787463515698,0.07255200609717471,0.1871905149571463,4.979469648263904,3.0873337791171114,0.6746205066786809,43.05572306
Field_5,2023-01-31,dataset1_field_satellite,74,ok,30.69708764,76.51908279,0.221669646,0.162288834,-0.162288834,0.332488855,40.51330923,-4.07563896,13.56131055,Wheat,2023,1,31,0.49999999999999994,0.8660254037844387,0.5086709438521044,0.8609610158889943,4,0.4359302726666667,0.44985779233333334,0.6538124820000001,23.64056456333333,10.277369189333333,2.696311076666667,0.23059794477513845,0.13782077145170038,0.3458451336995208,9.392685858371744,2.4784877908564367,2.1427691694410176,44.82928083
Field_5,2023-02-03,dataset1_field_satellite,76,ok,30.69708764,76.51908279,0.738419022,0.677332916,-0.677332916,1.107502851,8.935411027,-0.102234748,9.240318572,Wheat,2023,2,34,0.8660254037844386,0.5000000000000001,0.5524353131676196,0.8335557718385699,5,0.382365116,0.37796555275,0.57348157525,27.858750729999997,11.0983545295,1.0033235675,0.21662681918738358,0.18258428139243207,0.32488683566159116,11.401202125331773,2.6060190971461794,3.811272748979713,43.98423272
Field_5,2023-02-15,dataset1_field_satellite,75,ok,30.69708764,76.51908279,0.756505157,0.713038811,-0.713038811,1.134633243,6.92740058,0.336860282,9.317462344,Wheat,2023,2,46,0.8660254037844386,0.5000000000000001,0.7116566222817746,0.7025274741691571,6,0.4535758972,0.4378390254,0.6802858304000001,24.0740827894,10.726747338,0.7822119044000001,0.2460696261000205,0.20718814757254964,0.36905194292996585,13.004196035512136,2.404986730709866,3.3374843539904084,43.84860771
Field_5,2023-03-17,dataset1_field_satellite,77,ok,30.69708764,76.51908279,0.684957023,0.617732385,-0.617732385,1.027327384,12.52487532,1.158586148,12.11721678,Wheat,2023,3,76,1.0,6.123233995736766e-17,0.9657399376548549,0.2595117970697999,7,0.5040641071666666,0.48370565633333334,0.7560103991666667,21.216302421166663,10.491866505666666,0.7079866340000001,0.25245705532829227,0.2167118589156656,0.3786353538085052,13.575299017788991,2.226697773003337,2.9906684528881393,54.79250243
Field_5,2023-04-16,dataset1_field_satellite,79,ok,30.69708764,76.51908279,0.251579002,0.384244965,-0.384244965,0.377323216,28.87379864,20.22662851,5.577870985,Wheat,2023,4,106,0.8660254037844387,-0.4999999999999998,0.9679377830240642,-0.25119006388481935,8,0.5299059522857144,0.5028523318571428,0.7947699684285714,19.974669978142856,10.724059402,0.7723579931428571,0.24038873524971643,0.2042127757533005,0.3605367370467565,12.820511328218174,2.123490977455595,2.7354013475897045,29.77490516
Field_5,2023-05-16,dataset1_field_satellite,81,ok,30.69708764,76.51908279,0.204320853,0.302233119,-0.302233119,0.306447025,33.54432348,13.55247049,13.15865769,Wheat,2023,5,136,0.49999999999999994,-0.8660254037844387,0.717676913675962,-0.6963762255968722,9,0.4951150835,0.488026411,0.742589124375,21.087061060874998,10.080785849875,3.20414180775,0.24334077195165096,0.193658901430875,0.36496565391944724,12.279415085386802,2.678702561965634,7.329535011265316,41.75163646
Field_5,2023-05-31,dataset1_field_satellite,82,ok,30.69708764,76.51908279,0.237385391,0.307183824,-0.307183824,0.356039097,32.95383483,3.181951511,12.79833983,Wheat,2023,5,151,0.49999999999999994,-0.8660254037844387,0.5160623910158528,-0.8565509959010036,10,0.4628046134444445,0.4673827118888889,0.6941288911111111,22.471201329666666,10.42277160988889,4.353956105777778,0.24740369471608706,0.1914451870833986,0.37105994845194246,12.213870354541097,2.7076013054023647,7.674990509814038,42.75317497
Field_5,2023-06-15,dataset1_field_satellite,83,ok,30.69708764,76.51908279,0.215685429,0.30606361,-0.30606361,0.323486346,33.23265688,22.69539717,12.75412328,Wheat,2023,6,166,1.2246467991473532e-16,-1.0,0.2802306751992159,-0.9599326896597447,11,0.44026269119999994,0.45136282310000003,0.6603199117,23.5194646797,10.6603284319,4.2367556463,0.2439037033421361,0.1874707066219304,0.36581083769182454,11.982979025324871,2.660990428887844,7.245535559524811,41.90812685
Field_5,2023-06-30,dataset1_field_satellite,84,ok,30.69708764,76.51908279,0.170041412,0.117409921,-0.117409921,0.255033597,43.33229535,25.48800523,13.38350356,Wheat,2023,6,181,1.2246467991473532e-16,-1.0,0.02581844022713308,-0.9996666485105112,12,0.4198465764545455,0.43815380372727275,0.6296986784545454,24.402482152454546,10.850673418090908,5.914813966636364,0.241091497170479,0.1831665891418881,0.36159379316535956,11.73923021830334,2.602177243736028,8.844358879017502,43.44173269
Field_5,2023-07-15,dataset1_field_satellite,85,ok,30.69708764,76.51908279,0.09601938,0.137009889,-0.137009889,0.144010435,43.087413,23.09288341,31.47936263,Wheat,2023,7,196,-0.4999999999999997,-0.8660254037844388,-0.23030567023061196,-0.973118337233262,13,0.39902947941666667,0.41142514683333337,0.5984765883333333,25.97996658558333,11.061742596583334,7.545913238583334,0.24091747019904403,0.19766904822626485,0.36133298781041595,12.455636194970552,2.5865717962484265,10.150731447094747,51.52706959
Field_5,2023-08-14,dataset1_field_satellite,86,ok,30.69708764,76.51908279,0.679668449,0.63531826,-0.63531826,1.019386142,11.68087522,25.6153555,15.95935291,Wheat,2023,8,226,-0.8660254037844384,-0.5000000000000004,-0.680773409477016,-0.732494071613579,14,0.37572101023076926,0.39031628084615383,0.5635176534615385,27.295924002076923,12.632328753,8.741834020999999,0.24549370675936022,0.20398421461041727,0.36819703067218934,12.834600549140218,6.180651709745393,10.63220804443089,56.44086788
Field_5,2023-08-29,dataset1_field_satellite,87,ok,30.69708764,76.51908279,0.694155109,0.636246564,-0.636246564,1.041113503,11.48552153,24.43021635,8.941151264,Wheat,2023,8,241,-0.8660254037844384,-0.5000000000000004,-0.8452490573530633,-0.5343725582809785,15,0.39743154157142857,0.4078164222142857,0.5960796883571428,26.180563374785713,12.869973335642857,9.947085555214285,0.24945958603479576,0.20663105698533213,0.37414525294951667,13.01814412193691,6.00438241979058,11.166243994402341,42.92009805
Field_5,2023-09-13,dataset1_field_satellite,88,ok,30.69708764,76.51908279,0.381001226,0.247942546,-0.247942546,0.571406896,34.51222301,10.61869702,15.00540432,Wheat,2023,9,256,-1.0,-1.8369701987210297e-16,-0.9536809966304455,-0.300819807635668,16,0.41721311273333334,0.42304509833333337,0.6257486093333334,25.200893918466665,12.6080518642,10.912627608200001,0.25229890477984174,0.20766641507003164,0.37840380331237167,13.105846470997761,5.874220356613649,11.391356591827655,50.44206954
Field_5,2023-09-28,dataset1_field_satellite,89,ok,30.69708764,76.51908279,0.577300013,0.508206585,-0.508206585,0.86584424,19.21722882,11.03417784,8.19793688,Wheat,2023,9,271,-1.0,-1.8369701987210297e-16,-0.9988797155850335,-0.04732138832243232,17,0.4149498698125,0.4121011888125,0.62235225225,25.7828519866875,12.7578863926875,10.8942569464375,0.24391196053603653,0.20534513331082155,0.3658251490355062,12.873660475195754,5.706596182169401,11.005341325985661,40.41625179
Field_5,2023-10-13,dataset1_field_satellite,90,ok,30.69708764,76.51908279,0.476023792,0.511690534,-0.511690534,0.713940732,20.07364447,20.15209097,7.284441733,Wheat,2023,10,286,-0.8660254037844386,0.5000000000000001,-0.9778483415056568,0.20931464596304888,18,0.4244998782352941,0.4177544474117647,0.6366753103529411,25.396638859235296,12.489654068411765,10.902487587235294,0.23942676217714717,0.20018620943004378,0.35909794913897247,12.56617157333859,5.63498343773712,10.655929956307068,36.45182854
Field_5,2023-10-28,dataset1_field_satellite,91,ok,30.69708764,76.51908279,0.270910992,0.33213754,-0.33213754,0.406312916,31.33719631,11.74745445,5.873275183,Wheat,2023,10,301,-0.8660254037844386,0.5000000000000001,-0.8919813464595487,0.45207220393230374,19,0.4273623178888889,0.4229731188888889,0.6409678337777778,25.100916948722222,12.200475605333333,11.416354441833333,0.23259533412217165,0.19546717219843146,0.3488518710556105,12.255368166804486,5.602717899538307,10.565158025825847,31.33980908
Field_5,2023-11-27,dataset1_field_satellite,93,ok,30.69708764,76.51908279,0.459149752,0.51397462,-0.51397462,0.688606969,20.12934151,6.496816709,5.677593421,Wheat,2023,11,331,-0.5000000000000004,0.8660254037844384,-0.5524353131676203,0.8335557718385695,20,0.41912803757894734,0.4181922989473684,0.6286175749473685,25.42914217826316,11.867465056789474,11.433780758052631,0.22887390682329375,0.19109958075545608,0.34327058944721706,11.995700867426034,5.635029598422241,10.267769008037277,46.19596358
Field_5,2023-12-11,dataset1_field_satellite,92,ok,30.69708764,76.51908279,0.298126825,0.35905039,-0.35905039,0.447123424,29.68495667,0.999856278,6.053904501,Wheat,2023,12,345,-2.4492935982947064e-16,1.0,-0.33752289959411347,0.941317317512847,21,0.42112912329999996,0.422981415,0.63161704465,25.16415214485,11.557971474999999,11.186932555599999,0.22294918287948606,0.18723169380593063,0.33438422175842625,11.735745217028054,5.656681376343137,10.054698772121554,31.96577065
Field_5,2023-12-12,dataset1_field_satellite,94,ok,30.69708764,76.51908279,0.685012289,0.628431025,-0.628431025,1.027369921,11.97799156,4.650432001,8.878119158,Wheat,2023,12,346,-2.4492935982947064e-16,1.0,-0.32126966169236515,0.9469877530760751,22,0.415271871,0.4199370804761905,0.6228316341428572,25.379428550809525,11.295873047666666,10.701833685238094,0.21895542179613173,0.18302335707148393,0.32839460952685917,11.48105189254307,5.642760785432665,10.049072505597314,42.69057881
Field_5,2023-12-27,dataset1_field_satellite,95,ok,30.69708764,76.51908279,0.10241311,0.10665215,-0.10665215,0.153611222,44.57231351,-3.845887962,13.17371014,Wheat,2023,12,361,-2.4492935982947064e-16,1.0,-0.06880242680232064,0.9976303053065857,23,0.4275327990909091,0.42941407795454545,0.6412197380909092,24.770272323954543,11.185975143590909,10.426769972318182,0.22128221152797536,0.18406065420979742,0.3318830061209595,11.562925144435551,5.530843444755473,9.89139141298755,41.82466531
Field_50,2023-01-04,dataset1_field_satellite,924,ok,10.71853964,79.9935309,-0.044862471,-0.13215629,0.13215629,-0.067247958,58.27102314,17.13160511,6.701159559,Turmeric,2023,1,4,0.49999999999999994,0.8660254037844387,0.06880242680231986,0.9976303053065857,1,,,,,,,,,,,,,43.94250194
Field_50,2023-01-16,dataset1_field_satellite,921,ok,10.71853964,79.9935309,-0.094405244,-0.348642757,0.348642757,-0.141383187,69.83174242,22.31543856,6.701159559,Turmeric,2023,1,16,0.49999999999999994,0.8660254037844387,0.2719581575341055,0.9623090774541486,2,-0.044862471,-0.13215629,-0.067247958,58.27102314,6.701159559,17.13160511,,,,,,,46.94711746
Field_50,2023-02-03,dataset1_field_satellite,923,ok,10.71853964,79.9935309,-0.075168538,-0.215547839,0.215547839,-0.11263521,62.83887218,20.32691292,6.701159559,Turmeric,2023,2,34,0.8660254037844386,0.5000000000000001,0.5524353131676196,0.8335557718385699,3,-0.06963385750000001,-0.24039952350000002,-0.1043155725,64.05138278,6.701159559,19.723521835,0.03503203074708579,0.15307904885081774,0.05242152315071759,8.174662998282061,0.0,3.665523785036657,45.34048278
Field_50,2023-02-15,dataset1_field_satellite,922,ok,10.71853964,79.9935309,-0.057410897,-0.218958805,0.218958805,-0.085967449,62.83169446,19.00867283,6.701159559,Turmeric,2023,2,46,0.8660254037844386,0.5000000000000001,0.7116566222817746,0.7025274741691571,4,-0.071478751,-0.23211562866666668,-0.107088785,63.64721258,6.701159559,19.924652196666667,0.024976638789304874,0.10919004688782172,0.037377535598686534,5.8225954882204425,0.0,2.6152232364536725,45.34048278
Field_50,2023-04-16,dataset1_field_satellite,925,ok,10.71853964,79.9935309,0.002380575,-0.009942952,0.009942952,0.003568557,51.5477887,35.10036638,6.701159559,Turmeric,2023,4,106,0.8660254037844387,-0.4999999999999998,0.9679377830240642,-0.25119006388481935,5,-0.0679617875,-0.22882642275,-0.101808451,63.44333305,6.701159559,19.695657355,0.021572307538035924,0.08939567324629723,0.03229418658046073,4.7715839016664185,0.0,2.1838840630929224,41.87682878
Field_50,2023-05-16,dataset1_field_satellite,926,ok,10.71853964,79.9935309,-0.076875929,-0.211681473,0.211681473,-0.115255759,62.65887601,37.32978784,6.701159559,Turmeric,2023,5,136,0.49999999999999994,-0.8660254037844387,0.717676913675962,-0.6963762255968722,6,-0.053893315,-0.1850497286,-0.0807330494,61.06422418,6.701159559,22.77659916,0.03658733294192107,0.1248025823045432,0.05480007872418269,6.736230754253077,0.0,7.1440901610881635,45.28831931
Field_50,2023-05-31,dataset1_field_satellite,927,ok,10.71853964,79.9935309,-0.076875929,-0.211681473,0.211681473,-0.115255759,62.65887601,31.99662756,6.701159559,Turmeric,2023,5,151,0.49999999999999994,-0.8660254037844387,0.5160623910158528,-0.8565509959010036,7,-0.057723750666666664,-0.18948835266666667,-0.08648683433333333,61.329999485,6.701159559,25.202130606666667,0.034043204458764145,0.11215505312529159,0.051000736748557055,6.060137201097269,0.0,8.72522986381555,45.28831931
Field_50,2023-06-15,dataset1_field_satellite,928,ok,10.71853964,79.9935309,-0.047919997,-0.174111971,0.174111971,-0.071827497,60.44468972,43.13990665,6.701159559,Turmeric,2023,6,166,1.2246467991473532e-16,-1.0,0.2802306751992159,-0.9599326896597447,8,-0.06045977614285714,-0.19265879842857145,-0.09059668071428571,61.51983898857143,6.701159559,26.17277302857143,0.031908995430163976,0.1027261344656351,0.04781002494252511,5.5548770469365865,0.0,8.368774728641997,44.61019428
Field_50,2023-06-30,dataset1_field_satellite,929,ok,10.71853964,79.9935309,-0.048594008,-0.223823473,0.223823473,-0.072813226,62.9900599,36.1980803,6.701159559,Turmeric,2023,6,181,1.2246467991473532e-16,-1.0,0.02581844022713308,-0.9996666485105112,9,-0.05889230375,-0.190340445,-0.08825053275,61.385445329999996,6.701159559,28.29366473125,0.029872811909125746,0.09533170580378621,0.04475814033728912,5.1568457516682695,0.0,9.798808332532998,45.38221355
Field_50,2023-07-30,dataset1_field_satellite,930,ok,10.71853964,79.9935309,-0.003089362,-0.050416119,0.050416119,-0.004632522,53.67038924,37.98303444,6.701159559,Turmeric,2023,7,211,-0.4999999999999997,-0.8660254037844388,-0.47115950767386394,-0.8820480249558535,10,-0.05774804866666667,-0.19406078144444447,-0.08653527644444443,61.56373583777778,6.701159559,29.171933127777777,0.028153519446063254,0.08987038163024536,0.04218244508548126,4.853350738372368,0.0,9.537125485834745,42.53408842
Field_50,2023-08-14,dataset1_field_satellite,931,ok,10.71853964,79.9935309,-0.159399379,-0.304737097,0.304737097,-0.238786212,68.25350445,36.00908894,6.701159559,Turmeric,2023,8,226,-0.8660254037844384,-0.5000000000000004,-0.680773409477016,-0.732494071613579,11,-0.05228218,-0.1796963152,-0.078345001,60.77440117799999,6.701159559,30.053043259,0.03167505166690736,0.09613872736764195,0.04746007029791278,5.212320186918915,0.0,9.413501273060994,46.94711746
Field_50,2023-08-29,dataset1_field_satellite,932,ok,10.71853964,79.9935309,-0.159399379,-0.304737097,0.304737097,-0.238786212,68.25350445,36.55552508,6.701159559,Turmeric,2023,8,241,-0.8660254037844384,-0.5000000000000004,-0.8452490573530633,-0.5343725582809785,12,-0.06202010718181818,-0.19106365900000002,-0.09293056563636365,61.45431965727273,6.701159559,30.594501957272726,0.04411436831774261,0.09869027796913023,0.06608583886727547,5.434761639749079,0.0,9.109201849636225,46.94711746
Field_50,2023-09-28,dataset1_field_satellite,933,ok,10.71853964,79.9935309,-0.06941634,-0.11313763,0.11313763,-0.104034844,57.5506128,24.9644859,6.701159559,Turmeric,2023,9,271,-1.0,-1.8369701987210297e-16,-0.9988797155850335,-0.04732138832243232,13,-0.0701350465,-0.20053644550000002,-0.10508520283333334,62.02091839,6.701159559,31.091253884166665,0.05059039669822416,0.09965511251497097,0.07578344032318167,5.541109547303492,0.0,8.854111681336507,43.7234154
Field_51,2023-01-01,dataset1_field_satellite,934,ok,15.59567111,77.84316539,0.4460169,0.490914419,-0.490914419,0.668925176,21.44102033,21.79259296,7.065240529,Turmeric,2023,1,1,0.49999999999999994,0.8660254037844387,0.017213356155834685,0.9998518392091162,1,,,,,,,,,,,,,35.61721311
Field_51,2023-01-04,dataset1_field_satellite,940,ok,15.59567111,77.84316539,0.27414531,0.376616197,-0.376616197,0.411164224,29.03289,19.00627769,5.798012967,Turmeric,2023,1,4,0.49999999999999994,0.8660254037844387,0.06880242680231986,0.9976303053065857,2,0.4460169,0.490914419,0.668925176,21.44102033,7.065240529,21.79259296,,,,,,,30.76601098
Field_51,2023-01-05,dataset1_field_satellite,942,ok,15.59567111,77.84316539,0.174464183,0.267618956,-0.267618956,0.261665284,35.61679633,20.5102459,11.75407659,Turmeric,2023,1,5,0.49999999999999994,0.8660254037844387,0.08596479873744647,0.9962981749346078,3,0.360081105,0.433765308,0.5400447,25.236955164999998,6.431626748,20.399435325,0.12153156678231404,0.08082104785376545,0.1822645170843002,5.368262525541477,0.8960652023966964,1.9702224219406244,40.36408832
Field_51,2023-01-16,dataset1_field_satellite,935,ok,15.59567111,77.84316539,0.407269006,0.469453818,-0.469453818,0.610816635,22.93261976,18.59692038,14.23584816,Turmeric,2023,1,16,0.49999999999999994,0.8660254037844387,0.2719581575341055,0.9623090774541486,4,0.2982087976666667,0.37838319066666665,0.4472515613333334,28.69690222,8.205776695333334,20.436372183333333,0.13736632813951677,0.11165821800951163,0.2060142636926392,7.093858057628163,3.1375612392974457,1.3946258245383958,47.56264634
Field_51,2023-01-31,dataset1_field_satellite,936,ok,15.59567111,77.84316539,0.396589818,0.444081927,-0.444081927,0.594801005,24.3372846,17.38342556,13.43618712,Turmeric,2023,1,31,0.49999999999999994,0.8660254037844387,0.5086709438521044,0.8609610158889943,5,0.32547384975,0.4011508475,0.48814282975,27.255831604999997,9.7132945615,19.9765092325,0.12471248667013972,0.10190765373658058,0.18703734358172713,6.4695661496102845,3.9564252578316133,1.4637451489846731,47.10360785
Field_51,2023-02-03,dataset1_field_satellite,938,ok,15.59567111,77.84316539,0.341088717,0.407596954,-0.407596954,0.511566215,26.76719258,21.7556745,6.322966924,Turmeric,2023,2,34,0.8660254037844386,0.5000000000000001,0.5524353131676196,0.8335557718385699,6,0.3396970434,0.4097370634,0.5094744648,26.672122203999997,10.4578730732,19.457892498,0.11258951743663498,0.090318840420912,0.1688562086217552,5.752829560070098,3.8094568400275772,1.7180596562399513,32.87341492
Field_51,2023-02-15,dataset1_field_satellite,937,ok,15.59567111,77.84316539,0.373917211,0.436500217,-0.436500217,0.560800759,24.95599237,17.07236236,6.548753572,Turmeric,2023,2,46,0.8660254037844386,0.5000000000000001,0.7116566222817746,0.7025274741691571,7,0.33992898899999996,0.40938037850000003,0.5098230898333334,26.687967266666664,9.768722048333332,19.840856165,0.10070472849801852,0.08078835121903319,0.1510319985584981,5.145633561947307,3.8025181055814814,1.80037501853697,33.68716495
Field_51,2023-03-17,dataset1_field_satellite,939,ok,15.59567111,77.84316539,0.345491459,0.424861987,-0.424861987,0.518157513,25.84059986,38.75059379,5.448043662,Turmeric,2023,3,76,1.0,6.123233995736766e-17,0.9657399376548549,0.2595117970697999,8,0.3447844492857143,0.41325464114285715,0.517105614,26.44054228142857,9.308726551714285,19.445357050000002,0.0928236522318139,0.07445827100523546,0.13921254708111527,4.742694855400173,3.678377035835838,1.948348537241342,43.20178076
Field_51,2023-04-16,dataset1_field_satellite,941,ok,15.59567111,77.84316539,0.239547171,0.376692288,-0.376692288,0.359274082,29.38235091,38.26046071,5.488497104,Turmeric,2023,4,106,0.8660254037844387,-0.4999999999999998,0.9679377830240642,-0.25119006388481935,9,0.3448728255,0.414705559375,0.517237101375,26.36554947875,8.8261411905,21.8585116425,0.08593836650414931,0.06905700946593839,0.12888631079307195,4.396002510301448,3.6688750520844313,7.059765445561794,29.4306263
Field_51,2023-05-16,dataset1_field_satellite,943,ok,15.59567111,77.84316539,0.202712424,0.302073351,-0.302073351,0.304027898,33.56890857,31.53173107,5.335150338,Turmeric,2023,5,136,0.49999999999999994,-0.8660254037844387,0.717676913675962,-0.6963762255968722,10,0.33316997499999995,0.4104818625555555,0.49968565477777777,26.700749637777776,8.455291847555555,23.680950427777777,0.08772022498349202,0.06582794444789107,0.1315587339176445,4.233257094869716,3.607745382616757,8.57331909255788,29.18024168
Field_51,2023-05-31,dataset1_field_satellite,944,ok,15.59567111,77.84316539,0.196584327,0.307318508,-0.307318508,0.294828573,33.36365344,31.85560003,5.267414344,Turmeric,2023,5,151,0.49999999999999994,-0.8660254037844387,0.5160623910158528,-0.8565509959010036,11,0.3201242199,0.3996410114,0.4801198791,27.387565531,8.1432776966,24.466028492,0.0924217136108306,0.07090189701411301,0.1386103113723625,4.543837969731411,3.541631273580434,8.455673198283977,28.8568282
Field_51,2023-06-15,dataset1_field_satellite,945,ok,15.59567111,77.84316539,0.169818409,0.269665074,-0.269665074,0.254691619,35.55975929,36.24067427,5.116889912,Turmeric,2023,6,166,1.2246467991473532e-16,-1.0,0.2802306751992159,-0.9599326896597447,12,0.30889332054545454,0.3912480565454546,0.4632752149090909,27.930846250000002,7.881835573636363,25.13780772272727,0.09526310899565148,0.0727958082809355,0.14287304296338899,4.672099151523254,3.469972433674328,8.325426655479102,28.4186551
Field_51,2023-07-30,dataset1_field_satellite,946,ok,15.59567111,77.84316539,0.392943014,0.438150045,-0.438150045,0.589324297,24.6774368,44.17420321,13.99500907,Turmeric,2023,7,211,-0.4999999999999997,-0.8660254037844388,-0.47115950767386394,-0.8820480249558535,13,0.29730374458333336,0.3811161413333333,0.44589324858333335,28.566589003333334,7.651423435166667,26.063046601666667,0.09930696722091209,0.07777756758101219,0.1489382384194425,4.969318526605718,3.403406507039528,8.560629393423206,47.36442517
Field_51,2023-08-14,dataset1_field_satellite,947,ok,15.59567111,77.84316539,0.382223065,0.389006102,-0.389006102,0.573265534,27.29642281,39.77256675,13.63845432,Turmeric,2023,8,226,-0.8660254037844384,-0.5000000000000004,-0.680773409477016,-0.732494071613579,14,0.30466061146153844,0.38550336469230767,0.45692640615384617,28.26742344923077,8.139391560923077,27.456212494615386,0.09870996049280562,0.07612790547276714,0.1480423801344773,4.878502137732511,3.7031579483755923,9.612969883400362,47.53134826
Field_51,2023-08-29,dataset1_field_satellite,948,ok,15.59567111,77.84316539,0.431169217,0.430202247,-0.430202247,0.646686046,24.6928867,38.75655655,13.98371974,Turmeric,2023,8,241,-0.8660254037844384,-0.5000000000000004,-0.8452490573530633,-0.5343725582809785,15,0.3102007867142857,0.38575356021428575,0.46523634385714285,28.198066260714285,8.532181758,28.335952084285715,0.09707653610946715,0.07314731642351538,0.14559336881394627,4.6942918992630736,3.849478074220915,9.80489547057298,48.96062717
Field_51,2023-09-28,dataset1_field_satellite,949,ok,15.59567111,77.84316539,0.539349519,0.535908706,-0.535908706,0.808922836,18.19022109,32.52024718,15.16157342,Turmeric,2023,9,271,-1.0,-1.8369701987210297e-16,-0.9988797155850335,-0.04732138832243232,16,0.3182653487333333,0.38871680599999997,0.4773329906666667,27.964387623333334,8.895617623466668,29.030659048666667,0.0986218984435609,0.07141471540670068,0.1479130147371699,4.613180587269604,3.9675310847227183,9.82386819504519,52.14259846
Field_51,2023-10-13,dataset1_field_satellite,950,ok,15.59567111,77.84316539,0.560846343,0.584436669,-0.584436669,0.84116111,15.49262686,38.64884103,7.871487018,Turmeric,2023,10,286,-0.8660254037844386,0.5000000000000001,-0.9778483415056568,0.20931464596304888,17,0.332083109375,0.39791629975,0.498057356,27.353502215,9.28723986075,29.248758306875,0.11014875582068182,0.07819302037658267,0.1652019926097761,5.082673361779578,4.140745143342579,9.530769668584423,38.58009786
Field_51,2023-10-28,dataset1_field_satellite,951,ok,15.59567111,77.84316539,0.497412883,0.526350099,-0.526350099,0.746019979,19.10661892,22.67931759,14.45599014,Turmeric,2023,10,301,-0.8660254037844386,0.5000000000000001,-0.8919813464595487,0.45207220393230374,18,0.3455397701764706,0.4088880861764706,0.5182399297647059,26.655803664705882,9.203960281764706,29.801704349411764,0.12021996869085694,0.08819566777333404,0.18030719352996705,5.700375953526001,4.02393625650611,9.505581826598172,50.27514646
Field_51,2023-12-12,dataset1_field_satellite,952,ok,15.59567111,77.84316539,0.310379867,0.331900291,-0.331900291,0.465441392,30.94622066,22.78260675,6.227007598,Turmeric,2023,12,346,-2.4492935982947064e-16,1.0,-0.32126966169236515,0.9469877530760751,19,0.35397716533333334,0.41541375355555554,0.5308943769444444,26.236404512222222,9.495739718333333,29.40601619611111,0.12200035749335364,0.08993017535024532,0.1829773796444658,5.80938715412355,4.095366041685967,9.373327373554911,32.87341492
Field_51,2023-12-27,dataset1_field_satellite,953,ok,15.59567111,77.84316539,0.337371794,0.420672666,-0.420672666,0.505981277,26.13745003,18.24084547,6.25899404,Turmeric,2023,12,361,-2.4492935982947064e-16,1.0,-0.06880242680232064,0.9976303053065857,20,0.35168257068421055,0.4110183081578947,0.527449483,26.48428957263158,9.323701185684211,29.05741569894737,0.11898416542154239,0.08947185746812156,0.17845492420171094,5.748176135358969,4.050011337834621,9.235102573412716,32.51870336
Field_52,2023-01-01,dataset1_field_satellite,954,ok,9.837010412,76.34175445,0.346163429,0.205781595,-0.205781595,0.519174041,37.02093943,17.6622889,6.843216992,Ginger,2023,1,1,0.49999999999999994,0.8660254037844387,0.017213356155834685,0.9998518392091162,1,,,,,,,,,,,,,36.2223093
Field_52,2023-01-04,dataset1_field_satellite,960,ok,9.837010412,76.34175445,0.171886088,0.077889069,-0.077889069,0.257895985,45.33156333,15.26974483,2.797872881,Ginger,2023,1,4,0.49999999999999994,0.8660254037844387,0.06880242680231986,0.9976303053065857,2,0.346163429,0.205781595,0.519174041,37.02093943,6.843216992,17.6622889,,,,,,,31.49629947
Field_52,2023-01-16,dataset1_field_satellite,955,ok,9.837010412,76.34175445,0.237235611,0.132251117,-0.132251117,0.355865161,41.88819315,20.95540734,12.8924176,Ginger,2023,1,16,0.49999999999999994,0.8660254037844387,0.2719581575341055,0.9623090774541486,3,0.2590247585,0.141835332,0.388535013,41.17625138,4.8205449365,16.466016865,0.12323268962826035,0.09043367239767684,0.1847514851728385,5.876498515580997,2.860490253121166,1.6917841361846615,45.53870394
Field_52,2023-01-31,dataset1_field_satellite,956,ok,9.837010412,76.34175445,0.240310829,0.133077889,-0.133077889,0.360479077,41.81456772,15.80471196,12.81715539,Ginger,2023,1,31,0.49999999999999994,0.8660254037844387,0.5086709438521044,0.8609610158889943,4,0.25176170933333336,0.13864059366666667,0.37764506233333334,41.413565303333336,7.511169157666667,17.962480356666667,0.0880420555535809,0.0641852289138286,0.1319936692169442,4.175592304863636,5.0803128193731135,2.854693631091893,45.6013001
Field_52,2023-02-03,dataset1_field_satellite,958,ok,9.837010412,76.34175445,0.225930641,0.121910776,-0.121910776,0.33893333,42.53167234,17.82094426,5.966412175,Ginger,2023,2,34,0.8660254037844386,0.5000000000000001,0.5524353131676196,0.8335557718385699,5,0.24889898925,0.1372499175,0.37335356599999997,41.5138159075,8.83766571575,17.4230382575,0.07211368128981234,0.05248077420620359,0.10811361418441917,3.415247399359828,4.923896631349902,2.56843173908602,32.8942803
Field_52,2023-02-15,dataset1_field_satellite,957,ok,9.837010412,76.34175445,0.239133093,0.131778415,-0.131778415,0.358707423,41.8929526,27.63436907,6.060489945,Ginger,2023,2,46,0.8660254037844386,0.5000000000000001,0.7116566222817746,0.7025274741691571,6,0.24430531960000001,0.13418208920000002,0.36646951879999995,41.717387194000004,8.263415007599999,17.502619458,0.06329136020139817,0.04596446016601628,0.09488606698705675,2.9925144013959026,4.453356925535844,2.2314338520609196,33.24899186
Field_52,2023-03-17,dataset1_field_satellite,959,ok,9.837010412,76.34175445,0.219795702,0.129062649,-0.129062649,0.329709537,42.22912184,38.41878117,5.893972292,Ginger,2023,3,76,1.0,6.123233995736766e-17,0.9657399376548549,0.2595117970697999,7,0.24344328183333333,0.13378147683333333,0.36517583616666666,41.746648095000005,7.8962608305,19.191244393333335,0.05664888062072772,0.04112357256237103,0.08492781791116799,2.6775457336922357,4.08346953748235,4.592620457024047,32.55000144
Field_52,2023-04-16,dataset1_field_satellite,961,ok,9.837010412,76.34175445,0.188739052,0.082719666,-0.082719666,0.283123926,44.91277475,28.89021573,5.725573084,Ginger,2023,4,106,0.8660254037844387,-0.4999999999999998,0.9679377830240642,-0.25119006388481935,8,0.24006505614285714,0.13310735857142858,0.360109222,41.81557291571429,7.610219610714286,21.93803536142857,0.052479836680657053,0.03758285821480848,0.0786784972727036,2.451046792641473,3.8037271119527087,8.389924110230687,32.07009757
Field_52,2023-05-16,dataset1_field_satellite,962,ok,9.837010412,76.34175445,0.188989598,0.075985547,-0.075985547,0.283549993,45.25408952,27.6056993,13.22545291,Ginger,2023,5,136,0.49999999999999994,-0.8660254037844387,0.717676913675962,-0.6963762255968722,9,0.233649305625,0.126808897,0.35048606,42.202723145,7.374638794875,22.807057907500003,0.051865021810443064,0.0390903386070652,0.07776129171447581,2.51961899274823,3.5840508928455472,8.147183298058007,44.7353866
Field_52,2023-05-31,dataset1_field_satellite,963,ok,9.837010412,76.34175445,0.188989598,0.075985547,-0.075985547,0.283549993,45.25408952,23.83252286,35.64983018,Ginger,2023,5,151,0.49999999999999994,-0.8660254037844387,0.5160623910158528,-0.8565509959010036,10,0.22868711588888888,0.1211618581111111,0.3430487192222222,42.54176385333333,8.024729252111111,23.340240284444448,0.05074783610428641,0.04029949360447035,0.07608411475839746,2.5669938258992597,3.8785695334103134,7.787045155538336,57.17115638
Field_52,2023-10-13,dataset1_field_satellite,964,ok,9.837010412,76.34175445,0.23369363,0.117349265,-0.117349265,0.35052446,42.68532062,21.75084158,15.54352916,Ginger,2023,10,286,-0.8660254037844386,0.5000000000000001,-0.9778483415056568,0.20931464596304888,11,0.22471736409999998,0.11664422700000002,0.3370988466,42.812996420000005,10.7872393449,23.389468542000003,0.049464966938480716,0.04059173787752747,0.07415930954402017,2.567677244503986,9.470292698471084,7.343346844865165,47.10360785
Field_52,2023-12-12,dataset1_field_satellite,965,ok,9.837010412,76.34175445,0.253442097,0.120955606,-0.120955606,0.380229853,42.29947651,23.72006296,6.21383671,Ginger,2023,12,346,-2.4492935982947064e-16,1.0,-0.32126966169236515,0.9469877530760751,12,0.2255333882727273,0.11670832136363636,0.33831935690909093,42.801389529090905,11.21962932809091,23.240502454545457,0.047004569020018885,0.03850929049577593,0.07047005727542578,2.43621667916291,9.098042178867134,6.9840080500324975,33.96884766
Field_52,2023-12-27,dataset1_field_satellite,966,ok,9.837010412,76.34175445,0.298841342,0.152787677,-0.152787677,0.448263292,40.21033503,17.11632689,6.544990461,Ginger,2023,12,361,-2.4492935982947064e-16,1.0,-0.06880242680232064,0.9976303053065857,13,0.227859114,0.11706226175000001,0.34181189825,42.759563444166666,10.802479943249999,23.28046583,0.04553548377464342,0.03673763327619449,0.06827112078549791,2.3273559070812806,8.794179435122828,6.66042926442874,35.23120348
Field_53,2023-01-01,dataset1_field_satellite,967,ok,26.73461935,93.00656536,0.31599633,0.397500983,-0.397500983,0.473918154,27.53900236,10.19308573,13.16430236,Ginger,2023,1,1,0.49999999999999994,0.8660254037844387,0.017213356155834685,0.9998518392091162,1,,,,,,,,,,,,,44.5788962
Field_53,2023-01-04,dataset1_field_satellite,973,ok,26.73461935,93.00656536,0.184518427,0.173824156,-0.173824156,0.276742981,40.30368602,8.535588303,12.53680363,Ginger,2023,1,4,0.49999999999999994,0.8660254037844387,0.06880242680231986,0.9976303053065857,2,0.31599633,0.397500983,0.473918154,27.53900236,13.16430236,10.19308573,,,,,,,42.64884804
Field_53,2023-01-05,dataset1_field_satellite,975,ok,26.73461935,93.00656536,0.355286883,0.380448258,-0.380448258,0.532847615,28.00851954,11.31676515,7.214824184,Ginger,2023,1,5,0.49999999999999994,0.8660254037844387,0.08596479873744647,0.9962981749346078,3,0.2502573785,0.2856625695,0.3753305675,33.92134419,12.850552995000001,9.3643370165,0.09296891678748712,0.15816340116599023,0.13942390190993065,9.02599437568712,0.4437086071689478,1.172027670430954,44.27634811
Field_53,2023-01-16,dataset1_field_satellite,968,ok,26.73461935,93.00656536,0.054218611,0.044047298,-0.044047298,0.081320028,48.2613952,12.34218219,11.27333918,Ginger,2023,1,16,0.49999999999999994,0.8660254037844387,0.2719581575341055,0.9623090774541486,4,0.2852672133333333,0.317257799,0.42783625,31.950402640000004,10.971976724666668,10.015146394333334,0.0894353137719726,0.1245094627555271,0.1341270006235411,7.237963734056489,3.2688813184966503,1.3991007715512616,41.90812685
Field_53,2023-01-31,dataset1_field_satellite,969,ok,26.73461935,93.00656536,-0.019073819,-0.046381347,0.046381347,-0.02860875,53.62760343,6.590227187,4.172349101,Ginger,2023,1,31,0.49999999999999994,0.8660254037844387,0.5086709438521044,0.8609610158889943,5,0.22750506275000001,0.24895517374999998,0.3412071945,36.028150780000004,11.047317338500001,10.59690534325,0.13666862987913805,0.17028231071159763,0.2049676589728241,10.071620140280567,2.673280422124735,1.6305712325895865,32.08053027
Field_53,2023-02-03,dataset1_field_satellite,971,ok,26.73461935,93.00656536,0.293496588,0.348037607,-0.348037607,0.440176108,30.29460554,5.065383441,6.037911281,Ginger,2023,2,34,0.8660254037844386,0.5000000000000001,0.5524353131676196,0.8335557718385699,6,0.1781892864,0.18988786959999998,0.2672440056,39.54804131,9.672323690999999,9.795569711999999,0.16176824404003623,0.19796914179665437,0.2426140401540796,11.74845929913779,3.8487476943563506,2.281395598743393,31.96577065
Field_53,2023-02-15,dataset1_field_satellite,970,ok,26.73461935,93.00656536,0.293496184,0.383084629,-0.383084629,0.440172669,28.50495555,6.699493926,13.25461702,Ginger,2023,2,46,0.8660254037844386,0.5000000000000001,0.7116566222817746,0.7025274741691571,7,0.19740717,0.21624615916666667,0.29606602266666665,38.005802015,9.066588289333334,9.0072053335,0.1521549674648063,0.18847276051526538,0.2281962094134248,11.166559406596571,3.7485703025079213,2.8094346516868347,43.98423272
Field_53,2023-03-17,dataset1_field_satellite,972,ok,26.73461935,93.00656536,0.142472861,0.10859196,-0.10859196,0.213683839,44.06413312,29.96537627,12.75224173,Ginger,2023,3,76,1.0,6.123233995736766e-17,0.9657399376548549,0.2595117970697999,8,0.211134172,0.24008022628571427,0.3166526864285714,36.64853823428571,9.664878108,8.677532275285715,0.1435674958252607,0.18324325499614988,0.21531666617519357,10.8076452389322,3.770340971832427,2.708916049320981,42.16894417
Field_53,2023-04-16,dataset1_field_satellite,974,ok,26.73461935,93.00656536,0.202463513,0.188653995,-0.188653995,0.30365536,39.36313873,18.31728369,12.97426526,Ginger,2023,4,106,0.8660254037844387,-0.4999999999999998,0.9679377830240642,-0.25119006388481935,9,0.202551508125,0.223644193,0.3037815805,37.575487595,10.05079856075,11.338512774625,0.13511626412618893,0.1759044227735108,0.20264143596685777,10.343723702489392,3.6573441501979973,7.93324938987797,43.35827115
Field_53,2023-05-16,dataset1_field_satellite,976,ok,26.73461935,93.00656536,0.310943964,0.35710675,-0.35710675,0.466351068,29.65330761,20.73287685,8.484874079,Ginger,2023,5,136,0.49999999999999994,-0.8660254037844387,0.717676913675962,-0.6963762255968722,10,0.2025417308888889,0.21975639322222223,0.303767556,37.77411549888889,10.375628193999999,12.113931765222222,0.1263896953388207,0.16495637329724658,0.18955371110730265,9.693999170986677,3.5572143693626392,7.776944235723863,42.93053075
Field_53,2023-05-31,dataset1_field_satellite,977,ok,26.73461935,93.00656536,0.301840472,0.319447399,-0.319447399,0.452690418,31.66933147,22.37402762,12.99308082,Ginger,2023,5,151,0.49999999999999994,-0.8660254037844387,0.5160623910158528,-0.8565509959010036,11,0.2133819542,0.2334914289,0.3200259072,36.96203471,10.1865527825,12.9758262737,0.12399407711295793,0.16147357857052,0.18596144573337858,9.493516665529278,3.4066544123695253,7.822364562241057,45.15269431
Field_53,2023-06-15,dataset1_field_satellite,978,ok,26.73461935,93.00656536,0.277650596,0.286895805,-0.286895805,0.416431278,33.57860631,28.54663687,93.36748287,Ginger,2023,6,166,1.2246467991473532e-16,-1.0,0.2802306751992159,-0.9599326896597447,12,0.22142363763636366,0.24130560799999998,0.3320863172727273,36.480879869999995,10.441691695000001,13.830208214272727,0.12061688704564665,0.15536415372861448,0.18089632879544357,9.146626842253028,3.340781251170688,7.943557270788023,89.29341741
Field_53,2023-08-29,dataset1_field_satellite,979,ok,26.73461935,93.00656536,0.465182997,0.378998659,-0.378998659,0.697637005,26.96018726,33.0528829,14.28288705,Ginger,2023,8,241,-0.8660254037844384,-0.5000000000000004,-0.8452490573530633,-0.5343725582809785,13,0.22610921750000001,0.24510479108333336,0.339115064,36.23902374,17.35217429291667,15.056577268916667,0.11614346510350768,0.14871738395523482,0.17418799946925256,8.761118053805523,24.149605302342348,8.683979611506908,51.24538688
Field_53,2023-09-13,dataset1_field_satellite,980,ok,26.73461935,93.00656536,0.552032137,0.457001842,-0.457001842,0.827883655,22.09002444,12.0982556,8.092569778,Ginger,2023,9,256,-1.0,-1.8369701987210297e-16,-0.9536809966304455,-0.300819807635668,14,0.24449950823076924,0.2554043193846154,0.36669367484615384,35.52526708769231,17.11607527423077,16.440908471307694,0.12946749433804242,0.14714901386550472,0.19416627235393388,8.774029197197029,23.137152063513113,9.69742530167257,40.23889601
Field_53,2023-09-28,dataset1_field_satellite,981,ok,26.73461935,93.00656536,0.709868219,0.594675894,-0.594675894,1.06459328,13.44782561,21.06177683,9.179168022,Ginger,2023,9,271,-1.0,-1.8369701987210297e-16,-0.9988797155850335,-0.04732138832243232,15,0.26646612457142854,0.2698041424285714,0.39963581628571426,34.56560689857143,16.471539167357143,16.1307189805,0.14909028023092324,0.1512950708058683,0.22359133533429196,9.162698367005348,22.359890848190933,9.388996335547445,44.17202119
Field_53,2023-10-13,dataset1_field_satellite,982,ok,26.73461935,93.00656536,0.686435745,0.584640115,-0.584640115,1.029482615,14.19960925,26.35621439,16.14844923,Ginger,2023,10,286,-0.8660254037844386,0.5000000000000001,-0.9778483415056568,0.20931464596304888,16,0.2960262642,0.2914622592,0.4439663138666667,33.15775481266667,15.985381091,16.45945617046667,0.18370419566950016,0.16820016232576687,0.27549962942522993,10.377329383449748,21.628643005205408,9.136608419938641,57.59889678
Field_53,2023-10-28,dataset1_field_satellite,983,ok,26.73461935,93.00656536,0.673929672,0.580725551,-0.580725551,1.010718283,14.52722692,11.40108879,8.891290046,Ginger,2023,10,301,-0.8660254037844386,0.5000000000000001,-0.8919813464595487,0.45207220393230374,17,0.32042685675,0.3097858751875,0.4805610826875,31.972870715,15.9955728496875,17.0780035591875,0.20254293061339856,0.17826184882087892,0.30375463196470526,11.089314946780487,20.895294055072984,9.167008953024675,43.0035596
Field_53,2023-11-27,dataset1_field_satellite,985,ok,26.73461935,93.00656536,0.241194541,0.286419028,-0.286419028,0.361727848,33.97527373,19.55596314,5.715224529,Ginger,2023,11,331,-0.5000000000000004,0.8660254037844384,-0.5524353131676203,0.8335557718385695,18,0.34122114,0.32572350317647064,0.5117468003529412,30.946656374117644,15.577673861235295,16.74406739629412,0.21403387346423325,0.18468714650463613,0.32098836338683534,11.540800198120483,20.305020417185247,8.982073923007851,30.91206868
Field_53,2023-12-11,dataset1_field_satellite,984,ok,26.73461935,93.00656536,0.581381014,0.554033207,-0.554033207,0.871928208,16.83544249,6.882436559,8.126437775,Ginger,2023,12,345,-2.4492935982947064e-16,1.0,-0.33752289959411347,0.941317317512847,19,0.33566410672222224,0.3235399212222222,0.5034124141111112,31.11491289388889,15.029760009444447,16.9002838265,0.20897754638883428,0.17941219228203498,0.3134055670747631,11.218954669453616,19.835449253510667,8.739060134861457,39.85288638
Field_53,2023-12-12,dataset1_field_satellite,986,ok,26.73461935,93.00656536,0.34919019,0.444608934,-0.444608934,0.523686944,24.79445978,6.822672971,13.11255959,Ginger,2023,12,346,-2.4492935982947064e-16,1.0,-0.32126966169236515,0.9469877530760751,20,0.3485965755263158,0.3356711467894737,0.5228079822105263,30.363361819999998,14.66642726026316,16.373028707157896,0.2107679774188252,0.18219944494940907,0.31609142121809836,11.384383967079808,19.341540578840487,8.798311792960629,45.09009815
Field_53,2023-12-27,dataset1_field_satellite,987,ok,26.73461935,93.00656536,0.330555553,0.438847878,-0.438847878,0.49575362,25.27895765,14.12459632,2.826096212,Ginger,2023,12,361,-2.4492935982947064e-16,1.0,-0.06880242680232064,0.9976303053065857,21,0.34862625625,0.34111803615,0.5228519303000001,30.084916718,14.588733876750002,15.89551092035,0.20514652789668472,0.1790050791290452,0.30766086012150035,11.150495872883926,18.82887932326668,8.825901049165365,31.97620334
Field_54,2023-01-01,dataset1_field_satellite,988,ok,25.51378547,91.37575408,0.473432295,0.56199577,-0.56199577,0.709992631,17.5313059,7.162680396,7.143325078,Ginger,2023,1,1,0.49999999999999994,0.8660254037844387,0.017213356155834685,0.9998518392091162,1,,,,,,,,,,,,,35.56504965
Field_54,2023-01-04,dataset1_field_satellite,994,ok,25.51378547,91.37575408,0.456227379,0.497197122,-0.497197122,0.684214666,21.0159197,6.319869434,13.78897875,Ginger,2023,1,4,0.49999999999999994,0.8660254037844387,0.06880242680231986,0.9976303053065857,2,0.473432295,0.56199577,0.709992631,17.5313059,7.143325078,7.162680396,,,,,,,48.7728387
Field_54,2023-01-16,dataset1_field_satellite,989,ok,25.51378547,91.37575408,0.462627859,0.558338863,-0.558338863,0.693787648,17.8283879,10.60199175,13.77298553,Ginger,2023,1,16,0.49999999999999994,0.8660254037844387,0.2719581575341055,0.9623090774541486,3,0.464829837,0.529596446,0.6971036485,19.273612800000002,10.466151914000001,6.741274915,0.01216571277334496,0.04581956341252013,0.018227773856689413,2.463994047796224,4.699186776888479,0.5959573464885575,48.0529829
Field_54,2023-01-31,dataset1_field_satellite,990,ok,25.51378547,91.37575408,0.408577623,0.541334918,-0.541334918,0.612725213,19.24869188,10.12808215,6.611785678,Ginger,2023,1,31,0.49999999999999994,0.8660254037844387,0.5086709438521044,0.8609610158889943,4,0.46409584433333334,0.5391772516666666,0.6959983150000001,18.791871166666667,11.568429786000001,8.028180526666667,0.008695890946069056,0.03640180912158452,0.01303039355982664,1.9318018370546226,3.832261434628946,2.268471013575953,33.38461686
Field_54,2023-02-03,dataset1_field_satellite,992,ok,25.51378547,91.37575408,0.368681134,0.498562252,-0.498562252,0.552903423,21.84030898,12.79287178,6.355894143,Ginger,2023,2,34,0.8660254037844386,0.5000000000000001,0.5524353131676196,0.8335557718385699,5,0.450216289,0.53971666825,0.6751800395,18.906076345,10.329268759,8.5531559325,0.028652758527493723,0.029741525726684162,0.04297437007556458,1.5937618546898207,3.991603521423312,2.12909304631707,32.50827067
Field_54,2023-02-15,dataset1_field_satellite,991,ok,25.51378547,91.37575408,-0.028068293,-0.058709083,0.058709083,-0.042101556,54.34897092,11.70460965,11.30814796,Ginger,2023,2,46,0.8660254037844386,0.5000000000000001,0.7116566222817746,0.7025274741691571,6,0.433909258,0.531485785,0.6507247162,19.492922872,9.534593835799999,9.401099102,0.04410591489359395,0.03165684696537093,0.06614689373720663,1.9044689202919705,3.8868001198921807,2.6447714444570263,43.78601155
Field_54,2023-03-17,dataset1_field_satellite,993,ok,25.51378547,91.37575408,0.206838563,0.260062421,-0.260062421,0.310176188,35.67203054,24.44407246,20.38665277,Ginger,2023,3,76,1.0,6.123233995736766e-17,0.9657399376548549,0.2595117970697999,7,0.3569129995,0.43311997366666666,0.5352536708333333,25.30226421333333,9.830186189833332,9.785017526666666,0.1926831812091385,0.24260404325447815,0.28896661251654976,14.33151361215674,3.551059162584158,2.545626236414815,46.51937706
Field_54,2023-04-16,dataset1_field_satellite,995,ok,25.51378547,91.37575408,0.470900228,0.510198832,-0.510198832,0.706223285,20.2021436,27.65287311,14.55100869,Ginger,2023,4,106,0.8660254037844387,-0.4999999999999998,0.9679377830240642,-0.25119006388481935,8,0.3354737942857143,0.40839746614285716,0.5030997447142858,26.783659402857143,11.338252844142858,11.87916823142857,0.18481472770210497,0.23092354755929717,0.2771675979953147,13.657304173921181,5.1408371124775325,6.008198371063744,49.55529065
Field_54,2023-05-16,dataset1_field_satellite,996,ok,25.51378547,91.37575408,0.594629848,0.548981995,-0.548981995,0.891799258,16.95807079,26.93771501,55.47201632,Ginger,2023,5,136,0.49999999999999994,-0.8660254037844387,0.717676913675962,-0.6963762255968722,9,0.3524020985,0.421122636875,0.52849018725,25.9609699275,11.739847324875,13.85088134125,0.1776781522599693,0.21680214391181266,0.26646710874806756,12.856535582420888,4.893155750807318,7.876721860675042,65.98678177
Field_54,2023-05-31,dataset1_field_satellite,997,ok,25.51378547,91.37575408,0.655763998,0.584710182,-0.584710182,0.983503747,14.50927802,16.09352994,8.719127726,Ginger,2023,5,151,0.49999999999999994,-0.8660254037844387,0.5160623910158528,-0.8565509959010036,10,0.37931629288888885,0.43532923222222225,0.5688578617777779,24.960647801111108,16.598977213222224,15.30497397111111,0.1847774331543988,0.2072298713178218,0.2771192385237996,12.39495836996584,15.279083447573516,8.562527211494233,42.24197302
Field_54,2023-09-28,dataset1_field_satellite,998,ok,25.51378547,91.37575408,0.741193932,0.620640782,-0.620640782,1.11147452,11.80201934,21.50529248,10.4162907,Ginger,2023,9,271,-1.0,-1.8369701987210297e-16,-0.9988797155850335,-0.04732138832243232,11,0.4069610634,0.4502673272,0.6103224503,23.915510822999998,15.810992264500001,15.383829568,0.19491382674861626,0.20100772728984762,0.2923275689280838,12.144445283598499,14.619188125848199,8.076678473268966,45.53870394
Field_54,2023-10-13,dataset1_field_satellite,999,ok,25.51378547,91.37575408,0.725677081,0.652774364,-0.652774364,1.088327367,10.31960987,17.70798128,9.18387191,Ginger,2023,10,286,-0.8660254037844386,0.5000000000000001,-0.9778483415056568,0.20931464596304888,12,0.4373458696363636,0.46575582309090907,0.6558817293636363,22.814284324545454,15.320564849545455,15.940326196363635,0.2105893179205575,0.19749056772868054,0.3158195589203501,12.086293639142195,13.964036123405577,7.881372666971835,43.87990579
Field_54,2023-10-28,dataset1_field_satellite,1000,ok,25.51378547,91.37575408,0.696259012,0.651500786,-0.651500786,1.044199088,10.68508737,15.48709537,8.924217265,Ginger,2023,10,301,-0.8660254037844386,0.5000000000000001,-0.8919813464595487,0.45207220393230374,13,0.4613734705833333,0.4813407015,0.6919188658333333,21.77306145333333,14.80917377125,16.08763078666667,0.21735718161205123,0.1958864506060537,0.32597337663428605,12.075113732686063,13.431522619882282,7.531899265148084,42.76360766
Field_54,2023-12-11,dataset1_field_satellite,1001,ok,25.51378547,91.37575408,0.64538615,0.62156299,-0.62156299,0.967896494,12.73340023,10.10206206,8.539439186,Ginger,2023,12,345,-2.4492935982947064e-16,1.0,-0.33752289959411347,0.941317317512847,14,0.47944158915384616,0.4944299387692308,0.7190173444615385,20.92014037,14.35648480923077,16.041435754615385,0.21806208331104962,0.1933937489248923,0.32703212913975954,11.963061518119996,12.962871521518084,7.213167779470929,41.2717326
Field_54,2023-12-12,dataset1_field_satellite,1002,ok,25.51378547,91.37575408,0.225696439,0.229634626,-0.229634626,0.338478744,37.03321363,12.5226747,12.95639049,Ginger,2023,12,346,-2.4492935982947064e-16,1.0,-0.32126966169236515,0.9469877530760751,15,0.4912947720714285,0.503510871,0.7367944265714286,20.33537321714286,13.940981550428571,15.617194776428573,0.21415010770233775,0.1888878445352853,0.3211657429612911,11.70014289206931,12.550983643248872,7.109657068197612,43.59822308
Field_54,2023-12-27,dataset1_field_satellite,1003,ok,25.51378547,91.37575408,0.351028312,0.384664985,-0.384664985,0.526439976,27.83668731,9.183462681,6.465965134,Ginger,2023,12,361,-2.4492935982947064e-16,1.0,-0.06880242680232064,0.9976303053065857,16,0.4735882165333333,0.4852524546666667,0.7102400477333333,21.448562578,13.8753421464,15.410893437999999,0.21745658599082057,0.1952708160920731,0.3261238815153138,12.070754160926324,12.097101975727691,6.897471369099681,33.6141361
Field_55,2023-01-01,dataset1_field_satellite,1004,ok,9.856373389,76.29572042,0.38624132,0.274596409,-0.274596409,0.579266922,33.09764384,21.23498435,7.039839531,Black Pepper,2023,1,1,0.49999999999999994,0.8660254037844387,0.017213356155834685,0.9998518392091162,1,,,,,,,,,,,,,36.69178047
Field_55,2023-01-04,dataset1_field_satellite,1010,ok,9.856373389,76.29572042,0.051381715,-0.037119721,0.037119721,0.077288646,52.43511082,16.4849859,4.780091495,Black Pepper,2023,1,4,0.49999999999999994,0.8660254037844387,0.06880242680231986,0.9976303053065857,2,0.38624132,0.274596409,0.579266922,33.09764384,7.039839531,21.23498435,,,,,,,31.71538602
Field_55,2023-01-05,dataset1_field_satellite,1012,ok,9.856373389,76.29572042,0.385826237,0.343006688,-0.343006688,0.578641138,29.60855521,17.4295888,20.77801629,Black Pepper,2023,1,5,0.49999999999999994,0.8660254037844387,0.08596479873744647,0.9962981749346078,3,0.2188115175,0.118738344,0.32827778399999996,42.76637733,5.9099655129999995,18.859985125,0.23678149744094873,0.22041658932822739,0.3549522429679323,13.673654032528946,1.5978831600285825,3.3587561146205895,52.34081962
Field_55,2023-01-16,dataset1_field_satellite,1005,ok,9.856373389,76.29572042,0.208060341,0.077099643,-0.077099643,0.312093085,45.00243177,23.8368739,13.24426846,Black Pepper,2023,1,16,0.49999999999999994,0.8660254037844387,0.2719581575341055,0.9623090774541486,4,0.27448309066666665,0.19349445866666667,0.4117322353333333,38.38043662333333,10.865982438666668,18.383186350000003,0.1932115704137399,0.20262568066686826,0.2896368135027489,12.296090230143673,8.658113339465759,2.514484546437918,45.46567509
Field_55,2023-01-31,dataset1_field_satellite,1006,ok,9.856373389,76.29572042,0.366517533,0.260582306,-0.260582306,0.549689471,34.01470174,17.94442018,14.16152672,Black Pepper,2023,1,31,0.49999999999999994,0.8660254037844387,0.5086709438521044,0.8609610158889943,5,0.25787740325,0.16439575475,0.38682244774999996,40.03593541,11.460553944,19.746608237500002,0.1612145652419446,0.17538067906412544,0.2416781176699108,10.57159377274034,7.168636237051926,3.413321744201628,49.22144449
Field_55,2023-02-03,dataset1_field_satellite,1008,ok,9.856373389,76.29572042,0.304715279,0.224381243,-0.224381243,0.457004106,36.49446486,15.78973285,13.74758453,Black Pepper,2023,2,34,0.8660254037844386,0.5000000000000001,0.5524353131676196,0.8335557718385699,6,0.2796054292,0.18363306499999998,0.4193958524,38.831688676,12.0007484992,19.386170626000002,0.1478280676767145,0.15785802947591582,0.2216108478229724,9.543060156659921,6.32463911316046,3.063927276551919,47.1766367
Field_55,2023-02-15,dataset1_field_satellite,1007,ok,9.856373389,76.29572042,0.289404422,0.196611591,-0.196611591,0.434041587,38.06887255,18.68735375,6.357775699,Black Pepper,2023,2,46,0.8660254037844386,0.5000000000000001,0.7116566222817746,0.7025274741691571,7,0.2837904041666667,0.190424428,0.42566389466666665,38.44215137333333,12.291887837666666,18.78676433,0.13261822713056748,0.14216913042008064,0.1988085119440152,8.588738765611456,5.701703308292369,3.1089946495460117,34.17750151
Field_55,2023-03-17,dataset1_field_satellite,1009,ok,9.856373389,76.29572042,0.471965013,0.501141832,-0.501141832,0.708410077,20.65375909,37.96503489,14.0571004,Black Pepper,2023,3,76,1.0,6.123233995736766e-17,0.9657399376548549,0.2595117970697999,8,0.2845924067142857,0.1913083084285714,0.42686070785714286,38.38882582714286,11.444157532142857,18.77256281857143,0.1210819182591564,0.12980313330560372,0.1815141322795142,7.841679238768511,5.66760183347577,2.8383595419847882,49.47182911
Field_55,2023-04-16,dataset1_field_satellite,1011,ok,9.856373389,76.29572042,0.272461467,0.193737188,-0.193737188,0.408639266,38.38868839,35.11908815,6.212895933,Black Pepper,2023,4,106,0.8660254037844387,-0.4999999999999998,0.9679377830240642,-0.25119006388481935,9,0.3080139825,0.230037498875,0.462054379,36.171942485,11.770775390625,21.1716218275,0.13021132135544447,0.162608351254222,0.19531863076220504,9.59291120606361,5.32788218289617,7.276624222452249,33.57240533
Field_55,2023-05-16,dataset1_field_satellite,1013,ok,9.856373389,76.29572042,0.277999473,0.181428135,-0.181428135,0.417166011,38.96068346,33.56350798,13.19252569,Black Pepper,2023,5,136,0.49999999999999994,-0.8660254037844387,0.717676913675962,-0.6963762255968722,10,0.30406370299999996,0.22600413099999997,0.45611936644444445,36.418247585555555,11.153233228666666,22.72134030777778,0.1223767014432999,0.15258670950692305,0.18356937639154627,9.003718568154511,5.3169786892214645,8.242890808354895,46.50894437
Field_55,2023-05-31,dataset1_field_satellite,1014,ok,9.856373389,76.29572042,0.277999473,0.181428135,-0.181428135,0.417166011,38.96068346,28.27474187,45.91089255,Black Pepper,2023,5,151,0.49999999999999994,-0.8660254037844387,0.5160623910158528,-0.8565509959010036,11,0.30145728,0.22154653139999997,0.45222403089999996,36.672491173000004,11.3571624748,23.805557075000003,0.11567188562965701,0.14454908771096636,0.1735086789697957,8.52677590882808,5.05420552523284,8.494176638386609,64.65139709
Field_55,2023-06-30,dataset1_field_satellite,1015,ok,9.856373389,76.29572042,0.388401469,0.285383793,-0.285383793,0.582532727,32.52473151,36.99516623,14.19445394,Black Pepper,2023,6,181,1.2246467991473532e-16,-1.0,0.02581844022713308,-0.9996666485105112,12,0.2993247520909091,0.21789940445454545,0.44903693818181817,36.88050865363636,14.498410663454546,24.211846601818184,0.10996368055281697,0.1376637634484262,0.1649438348953862,8.118577501889549,11.468754777749188,8.170172339879075,49.69091566
Field_55,2023-07-30,dataset1_field_satellite,1016,ok,9.856373389,76.29572042,0.396779067,0.327997062,-0.327997062,0.595072941,30.26315243,35.21697941,7.00785309,Black Pepper,2023,7,211,-0.4999999999999997,-0.8660254037844388,-0.47115950767386394,-0.8820480249558535,13,0.30674781183333333,0.22352310350000001,0.46016158725,36.517527225,14.473080936499999,25.277123237500003,0.10795350434804071,0.13269505316317293,0.16192049635250863,7.842221014578585,10.935380660416696,8.61981148087018,36.26404007
Field_55,2023-08-14,dataset1_field_satellite,1017,ok,9.856373389,76.29572042,0.404722621,0.343445599,-0.343445599,0.606988272,29.39315607,40.12560801,6.39822914,Black Pepper,2023,8,226,-0.8660254037844384,-0.5000000000000004,-0.680773409477016,-0.732494071613579,14,0.31367329299999996,0.23155956184615387,0.4705393836923077,36.03642147153846,13.898832640615383,26.041727558461538,0.10633111306043974,0.13030827418813015,0.1594787627797597,7.706128098439089,10.672592564216712,8.70111742524062,46.75932899
Field_55,2023-10-13,dataset1_field_satellite,1018,ok,9.856373389,76.29572042,0.378835888,0.283840549,-0.283840549,0.568179471,32.70122839,33.49539823,15.48802328,Black Pepper,2023,10,286,-0.8660254037844386,0.5000000000000001,-0.9778483415056568,0.20931464596304888,15,0.32017681642857143,0.23955142164285714,0.4802857328571429,35.56190251428571,13.363075247714287,27.047719019285715,0.10501776624329667,0.12871771847744864,0.1575021684697997,7.613720121034619,10.448008030971025,9.168091649753434,50.0664926
Field_55,2023-11-27,dataset1_field_satellite,1020,ok,9.856373389,76.29572042,0.241015688,0.181671236,-0.181671236,0.362291269,39.32598039,36.03895301,5.959826731,Black Pepper,2023,11,331,-0.5000000000000004,0.8660254037844384,-0.5524353131676203,0.8335557718385695,16,0.3240874212,0.24250403013333333,0.4861453154,35.371190906,13.504738449866666,27.4775643,0.10232476315981083,0.12456152295125465,0.15346018993677527,7.373850688853872,10.082891134403683,8.990081126289025,32.53956875
Field_55,2023-12-11,dataset1_field_satellite,1019,ok,9.856373389,76.29572042,0.303303997,0.246368244,-0.246368244,0.455451083,35.38612573,18.62214389,13.01471871,Black Pepper,2023,12,345,-2.4492935982947064e-16,1.0,-0.33752289959411347,0.941317317512847,17,0.318895437875,0.2387019805,0.4784044375,35.61836524875,13.0331814674375,28.012651094375002,0.10101307043587908,0.12129505665622223,0.15145549495810884,7.192098780895995,9.921940495144948,8.945084727771253,46.36288667
Field_55,2023-12-12,dataset1_field_satellite,1021,ok,9.856373389,76.29572042,0.38347235,0.264447219,-0.264447219,0.575168868,33.644185,17.51546262,7.038898754,Black Pepper,2023,12,346,-2.4492935982947064e-16,1.0,-0.32126966169236515,0.9469877530760751,18,0.3179782942941176,0.23915293717647057,0.47705424017647063,35.604704100588236,13.032095422882353,27.46026831764706,0.09787855977622903,0.11745815105333392,0.14675178219106844,6.963947496068948,9.606878618534198,8.955489178836352,36.74394393
Field_55,2023-12-27,dataset1_field_satellite,1022,ok,9.856373389,76.29572042,0.364771756,0.253722188,-0.253722188,0.547243152,34.38283874,24.63230912,6.896841321,Black Pepper,2023,12,361,-2.4492935982947064e-16,1.0,-0.06880242680232064,0.9976303053065857,19,0.3216168529444444,0.24055817505555555,0.4825050528333333,35.49578637277778,12.69914005238889,26.907779112222222,0.09620277811561952,0.11410700143284254,0.144236130938505,6.771806325650689,9.426485864946352,8.998749408151557,36.19101122
Field_56,2023-01-01,dataset1_field_satellite,1023,ok,12.91028805,77.61189098,0.270223995,0.285617337,-0.285617337,0.405256588,33.71973744,24.51897857,5.97676073,Black Pepper,2023,1,1,0.49999999999999994,0.8660254037844387,0.017213356155834685,0.9998518392091162,1,,,,,,,,,,,,,32.03879949
Field_56,2023-01-04,dataset1_field_satellite,1029,ok,12.91028805,77.61189098,0.200322178,0.220531348,-0.220531348,0.300448033,37.75721092,16.45949365,5.505431102,Black Pepper,2023,1,4,0.49999999999999994,0.8660254037844387,0.06880242680231986,0.9976303053065857,2,0.270223995,0.285617337,0.405256588,33.71973744,5.97676073,24.51897857,,,,,,,30.35913596
Field_56,2023-01-05,dataset1_field_satellite,1031,ok,12.91028805,77.61189098,0.224276284,0.260876827,-0.260876827,0.33637849,35.45235416,21.50207384,15.62161371,Black Pepper,2023,1,5,0.49999999999999994,0.8660254037844387,0.08596479873744647,0.9962981749346078,3,0.2352730865,0.2530743425,0.3528523105,35.73847418,5.741095916,20.48923611,0.0494280488179611,0.046022744182133056,0.07411083996686321,2.854924876568848,0.33328037613293243,5.698916439802721,44.53716543
Field_56,2023-01-16,dataset1_field_satellite,1024,ok,12.91028805,77.61189098,0.271532556,0.286996862,-0.286996862,0.407220146,33.63592866,23.69226866,5.985227729,Black Pepper,2023,1,16,0.49999999999999994,0.8660254037844387,0.2719581575341055,0.9623090774541486,4,0.23160748566666667,0.2556751706666667,0.347361037,35.643100839999995,9.034601847333333,20.82684868666667,0.03552289252557251,0.03285330139399404,0.05326040324905935,2.0254842007219143,5.709385419092076,4.071949293605875,32.07009757
Field_56,2023-01-31,dataset1_field_satellite,1025,ok,12.91028805,77.61189098,0.254194577,0.276332562,-0.276332562,0.381224868,34.35756503,23.5964986,13.23109758,Black Pepper,2023,1,31,0.49999999999999994,0.8660254037844387,0.5086709438521044,0.8609610158889943,5,0.24158875324999998,0.2635055935,0.36232581425,35.141307795,8.27225831775,21.54320368,0.035210132147853686,0.031061579086038526,0.05279102135215241,1.9344876681671768,4.904697598991308,3.62029077179711,44.11985772
Field_56,2023-02-03,dataset1_field_satellite,1027,ok,12.91028805,77.61189098,0.229686644,0.271249056,-0.271249056,0.344730347,34.86744753,22.86381543,5.648429313,Black Pepper,2023,2,34,0.8660254037844386,0.5000000000000001,0.5524353131676196,0.8335557718385699,6,0.24410991799999998,0.2660709872,0.366105625,34.984559242,9.264026170200001,21.953862664000003,0.031009618070611613,0.02750495402047907,0.04649305107305431,1.711587698032481,4.791665813569405,3.2669684663260905,30.70341482
Field_56,2023-02-15,dataset1_field_satellite,1026,ok,12.91028805,77.61189098,0.242523198,0.275998419,-0.275998419,0.363729108,34.49382618,24.74818418,5.75191486,Black Pepper,2023,2,46,0.8660254037844386,0.5000000000000001,0.7116566222817746,0.7025274741691571,7,0.24170603899999998,0.26693399866666667,0.36254307866666663,34.96504062333333,8.661426694000001,22.10552145833333,0.028353993295266326,0.02469183527574496,0.04249039252264199,1.5316369730758101,4.532858456585964,2.945584612155468,31.12072253
Field_56,2023-03-17,dataset1_field_satellite,1028,ok,12.91028805,77.61189098,0.24733518,0.272598613,-0.272598613,0.370976046,34.61829093,29.67596281,12.74753784,Black Pepper,2023,3,76,1.0,6.123233995736766e-17,0.9657399376548549,0.2595117970697999,8,0.241822776,0.26822891585714287,0.36271251142857147,34.897724274285714,8.245782146285714,22.483044704285714,0.025885378868778213,0.02279934095791158,0.038790834392063184,1.409484639985267,4.281548888721778,2.8684590284878597,43.65038655
Field_56,2023-04-16,dataset1_field_satellite,1030,ok,12.91028805,77.61189098,0.246555695,0.279096019,-0.279096019,0.369795687,34.29446579,22.94399591,5.781078968,Black Pepper,2023,4,106,0.8660254037844387,-0.4999999999999998,0.9679377830240642,-0.25119006388481935,9,0.24251182649999997,0.26877512800000003,0.36374545325,34.86279510625,8.808501608,23.3821594675,0.024044320113989354,0.02116454974098664,0.03603197637447758,1.3086636761973067,4.271542780913857,3.6769388511321366,31.23548215
Field_56,2023-05-16,dataset1_field_satellite,1032,ok,12.91028805,77.61189098,0.254875801,0.273668136,-0.273668136,0.382264245,34.48666501,20.29279491,5.867630517,Black Pepper,2023,5,136,0.49999999999999994,-0.8660254037844387,0.717676913675962,-0.6963762255968722,10,0.2429611452222222,0.2699218936666667,0.36441770144444446,34.79964740444444,8.472121314666667,23.33347462777778,0.02253175868309548,0.0200943160736953,0.03376511017283893,1.2387147494130273,4.121126463567613,3.4425610122644605,31.64235717
Field_56,2023-05-31,dataset1_field_satellite,1033,ok,12.91028805,77.61189098,0.269165049,0.284160266,-0.284160266,0.403700167,33.80495671,29.29407409,11.41727817,Black Pepper,2023,5,151,0.49999999999999994,-0.8660254037844387,0.5160623910158528,-0.8565509959010036,11,0.24415261079999998,0.2702965179,0.3662023558,34.768349165000004,8.2116722349,23.029406656,0.021574687624618057,0.018982106212063705,0.03233043032511478,1.1720578306084837,3.9717684518130336,3.3851139881808856,33.13423224
Field_56,2023-08-14,dataset1_field_satellite,1034,ok,12.91028805,77.61189098,0.232292838,0.245776652,-0.245776652,0.34840073,36.14156302,39.98363894,2.103578938,Black Pepper,2023,8,226,-0.8660254037844384,-0.5000000000000004,-0.680773409477016,-0.732494071613579,12,0.2464264688181818,0.27155685863636364,0.3696112477272727,34.68076803272727,8.503090956272727,23.59892187727273,0.0218127294175949,0.018486788988641988,0.032688790714807237,1.1492269595225744,3.88993878540103,3.7257107377726824,41.63687684
Field_56,2023-10-13,dataset1_field_satellite,1035,ok,12.91028805,77.61189098,0.259788716,0.280737794,-0.280737794,0.389683284,34.07548239,33.41606453,5.89491307,Black Pepper,2023,10,286,-0.8660254037844386,0.5000000000000001,-0.9778483415056568,0.20931464596304888,13,0.24524866625,0.26940850808333333,0.3678437045833333,34.80250094833333,7.969798288083333,24.964314965833335,0.021194048349566463,0.019133140701494137,0.03176328060260118,1.1740884745534883,4.1435292244694315,5.915285121889377,31.71538602
Field_56,2023-10-28,dataset1_field_satellite,1036,ok,12.91028805,77.61189098,0.27404289,0.286029401,-0.286029401,0.411011457,33.65969374,23.84865061,12.88489138,Black Pepper,2023,10,301,-0.8660254037844386,0.5000000000000001,-0.8919813464595487,0.45207220393230374,14,0.2463671316153846,0.27027999161538463,0.3695236722307692,34.74657644384615,7.810191732846154,25.614449547692306,0.020688593968169796,0.01858612214666764,0.031008390508697626,1.1420456440968116,4.008648589408537,6.129395530503118,44.54759813
Field_56,2023-11-27,dataset1_field_satellite,1038,ok,12.91028805,77.61189098,0.265789655,0.284444999,-0.284444999,0.398617494,33.82488945,31.66615894,13.29224813,Black Pepper,2023,11,331,-0.5000000000000004,0.8660254037844384,-0.5524353131676203,0.8335557718385695,15,0.24834397149999998,0.2714049494285714,0.3724870854285714,34.668941965,8.17267027907143,25.488321052142858,0.02120858335621801,0.018346355144685578,0.03178840405339412,1.1350416284485896,4.083213938879687,5.907812319014677,44.47456928
Field_56,2023-12-11,dataset1_field_satellite,1037,ok,12.91028805,77.61189098,0.265789655,0.284444999,-0.284444999,0.398617494,33.82488945,21.07376733,13.19158491,Black Pepper,2023,12,345,-2.4492935982947064e-16,1.0,-0.33752289959411347,0.941317317512847,16,0.24950701706666667,0.27227428606666665,0.3742291126666667,34.61267179733333,8.513975469133333,25.900176911333336,0.02092761991047007,0.017996746555586876,0.031366283750048476,1.1152540757790592,4.150791729975554,5.912157603462551,44.42240581
Field_57,2023-01-01,dataset1_field_satellite,1039,ok,11.46317721,76.82314267,0.771188934,0.719388484,-0.719388484,1.156590434,6.453194933,23.01793968,9.434118779,Black Pepper,2023,1,1,0.49999999999999994,0.8660254037844387,0.017213356155834685,0.9998518392091162,1,,,,,,,,,,,,,43.82774232
Field_57,2023-01-04,dataset1_field_satellite,1045,ok,11.46317721,76.82314267,0.658461549,0.630118263,-0.630118263,0.987556888,12.16299319,18.72745245,1.506185098,Black Pepper,2023,1,4,0.49999999999999994,0.8660254037844387,0.06880242680231986,0.9976303053065857,2,0.771188934,0.719388484,1.156590434,6.453194933,9.434118779,23.01793968,,,,,,,41.63687684
Field_57,2023-01-16,dataset1_field_satellite,1040,ok,11.46317721,76.82314267,0.749807843,0.713353355,-0.713353355,1.124531928,6.979737406,22.33981196,15.90384702,Black Pepper,2023,1,16,0.49999999999999994,0.8660254037844387,0.2719581575341055,0.9623090774541486,3,0.7148252415,0.6747533735,1.072073661,9.3080940615,5.4701519385,20.872696065,0.07971029835892675,0.06312357862712177,0.11952476662460816,4.03743706673183,5.605895666632327,3.033832614927285,57.90144487
Field_57,2023-01-31,dataset1_field_satellite,1041,ok,11.46317721,76.82314267,0.749124528,0.716625287,-0.716625287,1.123505392,6.819636875,16.7308144,16.59908174,Black Pepper,2023,1,31,0.49999999999999994,0.8660254037844387,0.5086709438521044,0.8609610158889943,4,0.7264861086666666,0.687620034,1.08955975,8.531975176333333,8.948050299,21.36173469666667,0.05987314340729484,0.049889337003151214,0.08977959035260345,3.1555555145880585,7.211127798790513,2.3064142120368323,58.20399296
Field_57,2023-02-03,dataset1_field_satellite,1043,ok,11.46317721,76.82314267,0.658180688,0.651682763,-0.651682763,0.987124049,11.06468395,17.31265742,8.583655738,Black Pepper,2023,2,34,0.8660254037844386,0.5000000000000001,0.5524353131676196,0.8335557718385699,5,0.7321457135,0.69487134725,1.0980461605,8.103890601,10.86080815925,20.2040046225,0.05017954472151265,0.04323914283541206,0.07524400229886921,2.715028425569676,7.021501260280371,2.9845803798038584,41.29259798
Field_57,2023-02-15,dataset1_field_satellite,1042,ok,11.46317721,76.82314267,0.718735945,0.704089806,-0.704089806,1.077940661,7.770108057,16.68344706,9.001361036,Black Pepper,2023,2,46,0.8660254037844386,0.5000000000000001,0.7116566222817746,0.7025274741691571,6,0.7173527084,0.6862336304000001,1.0758617382,8.6960492708,10.405377675,19.625735182,0.05461368904209683,0.042133933672987886,0.08189620183737371,2.6984799359704423,6.165484132735245,2.890115527399125,42.80533843
Field_57,2023-03-17,dataset1_field_satellite,1044,ok,11.46317721,76.82314267,0.629194855,0.635081188,-0.635081188,0.943654983,12.20846161,30.22959625,8.363513756,Black Pepper,2023,3,76,1.0,6.123233995736766e-17,0.9657399376548549,0.2595117970697999,7,0.7175832478333333,0.6892096596666667,1.0762082253333334,8.541725735166667,10.171374901833333,19.135353828333333,0.048851232484057226,0.03838430922374576,0.0732551064452962,2.443016515247138,5.544285297484808,2.850448638638229,40.42668448
Field_57,2023-04-16,dataset1_field_satellite,1046,ok,11.46317721,76.82314267,0.64301395,0.628196358,-0.628196358,0.964389237,12.41889843,32.89575625,8.502748855,Black Pepper,2023,4,106,0.8660254037844387,-0.4999999999999998,0.9679377830240642,-0.25119006388481935,8,0.7049563345714286,0.6814770208571429,1.057272047857143,9.065545145857142,9.913109023857142,20.720245602857144,0.055720507885414154,0.04057526236756397,0.08355822663744651,2.625702858903634,5.107134721414366,4.934982751736293,41.07351143
Field_57,2023-08-14,dataset1_field_satellite,1047,ok,11.46317721,76.82314267,0.683886195,0.630349821,-0.630349821,1.025700684,11.8915101,35.20742999,15.49178639,Black Pepper,2023,8,226,-0.8660254037844384,-0.5000000000000004,-0.680773409477016,-0.732494071613579,9,0.6972135365,0.674816938,1.0456616965,9.484714306375,9.73681400275,22.242184433749998,0.056043225185879536,0.042023950488066716,0.08404138259249133,2.7046322429376612,4.754508036833773,6.277363022781156,56.4200025
Field_57,2023-09-28,dataset1_field_satellite,1048,ok,11.46317721,76.82314267,0.686577894,0.638852243,-0.638852243,1.029722974,11.42984928,39.87470233,1.31332567,Black Pepper,2023,9,271,-1.0,-1.8369701987210297e-16,-0.9988797155850335,-0.04732138832243232,10,0.6957327207777778,0.6698761472222222,1.0434438062222222,9.752136061222222,10.376255379111111,23.682767273333333,0.05261152953402349,0.042011469676548,0.0788945883765716,2.654107322252788,4.84351585137291,7.290894044225679,53.01894465
Field_57,2023-10-13,dataset1_field_satellite,1049,ok,11.46317721,76.82314267,0.686577894,0.638852243,-0.638852243,1.029722974,11.42984928,32.66003391,16.38646598,Black Pepper,2023,10,286,-0.8660254037844386,0.5000000000000001,-0.9778483415056568,0.20931464596304888,11,0.6948172381,0.6667737568,1.0420717229999998,9.9199073831,9.4699624082,25.301960779,0.049687036189056406,0.04080569546976222,0.07450897314645522,2.557940467214079,5.391353075280877,8.571386329620092,56.88947367
Field_57,2023-12-27,dataset1_field_satellite,1050,ok,11.46317721,76.82314267,0.794427248,0.72218457,-0.72218457,1.191332674,6.073084624,17.99742149,9.635445206,Black Pepper,2023,12,361,-2.4492935982947064e-16,1.0,-0.06880242680232064,0.9976303053065857,12,0.6940682068181818,0.6642354373636364,1.0409491094545453,10.057174828272727,10.098735460181818,25.970876518181818,0.047202679322257815,0.039616512033053976,0.07078341079873224,2.4690118179095393,5.523488955722673,8.428744163742016,43.94250194
Field_58,2023-01-01,dataset1_field_satellite,1051,ok,9.913244827,76.3742532,0.520540598,0.427878199,-0.427878199,0.780618329,23.89882408,22.05115236,7.87901324,Cardamom,2023,1,1,0.49999999999999994,0.8660254037844387,0.017213356155834685,0.9998518392091162,1,,,,,,,,,,,,,39.47730944
Field_58,2023-01-04,dataset1_field_satellite,1057,ok,9.913244827,76.3742532,0.409680232,0.373896319,-0.373896319,0.614437143,27.78757776,22.89900615,7.015379311,Cardamom,2023,1,4,0.49999999999999994,0.8660254037844387,0.06880242680231986,0.9976303053065857,2,0.520540598,0.427878199,0.780618329,23.89882408,7.87901324,22.05115236,,,,,,,36.04495352
Field_58,2023-01-16,dataset1_field_satellite,1052,ok,9.913244827,76.3742532,0.643331374,0.59625528,-0.59625528,0.964846832,14.04670765,24.77059425,15.8793868,Cardamom,2023,1,16,0.49999999999999994,0.8660254037844387,0.2719581575341055,0.9623090774541486,3,0.46511041499999994,0.400887259,0.6975277360000001,25.84320092,7.4471962755,22.475079255,0.07839011656342254,0.038170953409198495,0.11750784352622305,2.749764097492142,0.6106814076586807,0.5995231643637164,55.60625246
Field_58,2023-01-31,dataset1_field_satellite,1053,ok,9.913244827,76.3742532,0.604981364,0.545037746,-0.545037746,0.907339068,17.05376266,24.81592057,15.33373574,Cardamom,2023,1,31,0.49999999999999994,0.8660254037844387,0.5086709438521044,0.8609610158889943,4,0.5245174013333332,0.4660099326666667,0.7866341013333334,21.911036496666668,10.257926450333335,23.240250919999998,0.11687632464721011,0.11598016519461028,0.17528228568182255,7.082820938885402,4.887440867978442,1.3914657893965463,54.62557934
Field_58,2023-02-03,dataset1_field_satellite,1055,ok,9.913244827,76.3742532,0.550119446,0.527759487,-0.527759487,0.825053831,18.49636395,21.89022017,7.909118126,Cardamom,2023,2,34,0.8660254037844386,0.5000000000000001,0.5524353131676196,0.8335557718385699,5,0.5446333919999999,0.485766886,0.816810343,20.6967180375,11.52687877275,23.6341683325,0.10356316509277026,0.10261066204724911,0.1553222736561941,6.272360978873954,4.729236599239936,1.3825586449972924,39.06000173
Field_58,2023-02-15,dataset1_field_satellite,1054,ok,9.913244827,76.3742532,0.377353039,0.342980071,-0.342980071,0.56596523,29.69645006,18.59255591,6.79900044,Cardamom,2023,2,46,0.8660254037844386,0.5000000000000001,0.7116566222817746,0.7025274741691571,6,0.5457306028,0.49416540619999993,0.8184590406,20.256647219999998,10.8033266434,23.285378700000003,0.0897218826748663,0.09082613435614288,0.13456354461435113,5.52043438590217,4.40362322731265,1.4289409868290528,35.28336695
Field_58,2023-03-17,dataset1_field_satellite,1056,ok,9.913244827,76.3742532,0.547678515,0.529203056,-0.529203056,0.821395388,18.44757789,25.26256234,7.883717129,Cardamom,2023,3,76,1.0,6.123233995736766e-17,0.9657399376548549,0.2595117970697999,7,0.5176676754999999,0.4689678503333334,0.7763767388333332,21.829947693333335,10.135938942833333,22.503241568333333,0.10566541684225964,0.10202455721828357,0.15846576527195883,6.26352958990266,4.264499511045576,2.303026016236584,38.94524211
Field_58,2023-04-16,dataset1_field_satellite,1058,ok,9.913244827,76.3742532,0.121402942,0.090255457,-0.090255457,0.182077808,45.21565952,27.26411353,5.106541357,Cardamom,2023,4,106,0.8660254037844387,-0.4999999999999998,0.9679377830240642,-0.25119006388481935,8,0.5219549382857143,0.47757287971428575,0.7828079744285714,21.346752007142857,9.814192969428571,22.897430250000003,0.0971235362089444,0.09587753096625433,0.1456560715349455,5.858968817211787,3.9849224207720626,2.3468348280533484,29.50365515
Field_58,2023-05-16,dataset1_field_satellite,1059,ok,9.913244827,76.3742532,0.652115535,0.585877604,-0.585877604,0.978048522,14.48692563,38.70722548,15.38830084,Cardamom,2023,5,136,0.49999999999999994,-0.8660254037844387,0.717676913675962,-0.6963762255968722,9,0.47188593874999996,0.429158201875,0.7077167036249999,24.33036544625,9.225736517875001,23.44326566,0.1677517518438621,0.16319048613764767,0.25158392189716045,10.031907995644431,4.047386739585934,2.665392889032571,55.8357717
Field_58,2023-05-31,dataset1_field_satellite,1060,ok,9.913244827,76.3742532,0.652115535,0.585877604,-0.585877604,0.978048522,14.48692563,35.24921454,51.17548456,Cardamom,2023,5,151,0.49999999999999994,-0.8660254037844387,0.5160623910158528,-0.8565509959010036,10,0.4919114494444444,0.44657146877777776,0.7377535723333334,23.236649911111112,9.910465886999999,25.139261195555555,0.1680245775861641,0.16134199607714644,0.2519971872337603,9.941086652131027,4.307361230821596,5.666029214177385,75.67875335
Field_58,2023-10-13,dataset1_field_satellite,1061,ok,9.913244827,76.3742532,0.435329382,0.366784873,-0.366784873,0.652892189,27.88876776,28.40406022,14.64226413,Cardamom,2023,10,286,-0.8660254037844386,0.5000000000000001,-0.9778483415056568,0.20931464596304888,11,0.507931858,0.4605020823,0.7617830673,22.361677483,14.036967754299999,26.15025653,0.16631859771397708,0.15836508347091904,0.2494411878004268,9.772430256692891,13.666457216512967,6.225584643776677,50.48380031
Field_58,2023-12-12,dataset1_field_satellite,1062,ok,9.913244827,76.3742532,0.67015742,0.599231157,-0.599231157,1.005087564,13.62077539,20.42656842,8.813205496,Cardamom,2023,12,346,-2.4492935982947064e-16,1.0,-0.32126966169236515,0.9469877530760751,12,0.5013316329090909,0.451982336,0.7518838965454545,22.864140235454546,14.091994697545454,26.355147774545454,0.15929494980929773,0.1528724845865208,0.23890739827820975,9.419528162460166,12.966424147582623,5.945073454899479,42.57581919
Field_58,2023-12-27,dataset1_field_satellite,1063,ok,9.913244827,76.3742532,0.627259946,0.558797529,-0.558797529,0.940747849,16.1235996,15.97478159,8.52532752,Cardamom,2023,12,361,-2.4492935982947064e-16,1.0,-0.06880242680232064,0.9976303053065857,13,0.5154004485,0.4642530710833333,0.7729842021666666,22.093859831666666,13.652095597416666,25.861099495,0.15950941205309366,0.15182984778082287,0.23922923049686826,9.36917052161683,12.456561004200159,5.921133433990987,41.5534153
Field_59,2023-01-01,dataset1_field_satellite,1064,ok,12.95312477,77.64922382,0.506219336,0.480593481,-0.480593481,0.759223257,21.35321263,15.86101389,7.627825594,Cardamom,2023,1,1,0.49999999999999994,0.8660254037844387,0.017213356155834685,0.9998518392091162,1,,,,,,,,,,,,,38.10019399
Field_59,2023-01-04,dataset1_field_satellite,1070,ok,12.95312477,77.64922382,0.235144879,0.217679089,-0.217679089,0.352678995,37.54721988,15.4013348,5.823413965,Cardamom,2023,1,4,0.49999999999999994,0.8660254037844387,0.06880242680231986,0.9976303053065857,2,0.506219336,0.480593481,0.759223257,21.35321263,7.627825594,15.86101389,,,,,,,31.75711679
Field_59,2023-01-05,dataset1_field_satellite,1072,ok,12.95312477,77.64922382,0.38921931,0.417601889,-0.417601889,0.58375611,25.76474516,19.35330966,9.29017979,Cardamom,2023,1,5,0.49999999999999994,0.8660254037844387,0.08596479873744647,0.9962981749346078,3,0.3706821075,0.349136285,0.5559511260000001,29.450216255,6.725619779500001,15.631174345000002,0.1916785867511612,0.18590854945473817,0.2874702045126805,11.450892341059113,1.2759116989177648,0.3250422017086618,45.00663661
Field_59,2023-01-16,dataset1_field_satellite,1065,ok,12.95312477,77.64922382,0.490817443,0.471592917,-0.471592917,0.736121574,21.97011836,17.39643747,7.511169159,Cardamom,2023,1,16,0.49999999999999994,0.8660254037844387,0.2719581575341055,0.9623090774541486,4,0.376861175,0.371958153,0.5652194540000001,28.221725890000002,7.580473116333334,16.87188611666667,0.1359591222940553,0.13727165533062785,0.20390503905746893,8.371919339909853,1.7338679344756511,2.1612318981318315,37.6515882
Field_59,2023-01-31,dataset1_field_satellite,1066,ok,12.95312477,77.64922382,0.478432072,0.463663335,-0.463663335,0.717545808,22.50152772,18.27968161,14.41741826,Cardamom,2023,1,31,0.49999999999999994,0.8660254037844387,0.5086709438521044,0.8609610158889943,5,0.405350242,0.396866844,0.607944984,26.6588240075,7.563147127000001,17.003023955,0.12477885655872104,0.12265443240044113,0.18713647504021108,7.516426775176661,1.4161212644970613,1.7840228162515102,50.5046657
Field_59,2023-02-03,dataset1_field_satellite,1068,ok,12.95312477,77.64922382,0.47278237,0.479293741,-0.479293741,0.709080389,21.76107055,18.46871649,7.331480618,Cardamom,2023,2,34,0.8660254037844386,0.5000000000000001,0.5524353131676196,0.8335557718385699,6,0.419966608,0.4102261422,0.6298651488,25.827364749999997,8.9340013536,17.258355486,0.11289602764626482,0.11034236078038391,0.16931483497364444,6.769721270802567,3.301553593349044,1.647125984948782,36.82740548
Field_59,2023-02-15,dataset1_field_satellite,1067,ok,12.95312477,77.64922382,0.469735614,0.466836387,-0.466836387,0.704510412,22.42831365,23.75615444,7.333362174,Cardamom,2023,2,46,0.8660254037844386,0.5000000000000001,0.7116566222817746,0.7025274741691571,7,0.428769235,0.4217374086666667,0.6430676888333333,25.149649049999997,8.666914564333334,17.46008232,0.10325370646737929,0.10264212000962544,0.15485429620682978,6.278462573564035,3.0246019608883166,1.553892371294993,36.91086702
Field_59,2023-03-17,dataset1_field_satellite,1069,ok,12.95312477,77.64922382,0.473974131,0.466723869,-0.466723869,0.710867598,22.39077184,38.98806079,14.48139114,Cardamom,2023,3,76,1.0,6.123233995736766e-17,0.9657399376548549,0.2595117970697999,8,0.43462157485714287,0.4281801198571428,0.6518452207142857,24.76088685,8.47640708,18.359521194285715,0.09552062127450608,0.0952368819966605,0.1432568544242884,5.822988572037457,2.806700179205167,2.770394064269879,50.31687723
Field_59,2023-04-16,dataset1_field_satellite,1071,ok,12.95312477,77.64922382,0.393598063,0.421498605,-0.421498605,0.59031967,25.52104214,30.84660978,6.759487777,Cardamom,2023,4,106,0.8660254037844387,-0.4999999999999998,0.9679377830240642,-0.25119006388481935,9,0.439540644375,0.4329980885,0.659223017875,24.46462247375,9.2270300875,20.93808864375,0.08952268686732062,0.08921907241481025,0.13426165495040462,5.4557759691125485,3.355544446806322,7.731152794732571,34.67827077
Field_59,2023-05-16,dataset1_field_satellite,1073,ok,12.95312477,77.64922382,0.457825631,0.418466302,-0.418466302,0.68665884,25.01993672,36.20601831,7.340888395,Cardamom,2023,5,136,0.49999999999999994,-0.8660254037844387,0.717676913675962,-0.6963762255968722,10,0.4344359131111111,0.4317203681111111,0.6515670903333333,24.582002436666667,8.952858719666667,22.039035436666666,0.08512958981717238,0.08354478228332936,0.1276731648780513,5.115545669647725,3.244803255690175,7.950354561971751,37.20298242
Field_59,2023-05-31,dataset1_field_satellite,1074,ok,12.95312477,77.64922382,0.46125987,0.426912488,-0.426912488,0.691791789,24.55356413,29.62492883,11.88766702,Cardamom,2023,5,151,0.49999999999999994,-0.8660254037844387,0.5160623910158528,-0.8565509959010036,11,0.4367748849,0.43039496150000006,0.6550762653,24.625795865,8.791661687200001,23.455733723999998,0.08060103908356253,0.07887821021167954,0.12088184499521552,4.824970555798237,3.101408082359901,8.732431026215552,38.58009786
Field_59,2023-08-14,dataset1_field_satellite,1075,ok,12.95312477,77.64922382,0.487179102,0.455138775,-0.455138775,0.730683807,22.84749669,42.53427977,3.052823637,Cardamom,2023,8,226,-0.8660254037844384,-0.5000000000000004,-0.680773409477016,-0.732494071613579,12,0.43900079263636366,0.43007837299999996,0.6584140401818183,24.619229343636366,9.073116717454546,24.01656964272727,0.07682041440251293,0.0748378069737467,0.11521165981480017,4.577420790043118,3.086785570558156,8.490566687208347,48.19904059
Field_59,2023-10-13,dataset1_field_satellite,1076,ok,12.95312477,77.64922382,0.458420802,0.42729711,-0.42729711,0.68753512,24.56291867,34.11931726,7.325835952,Cardamom,2023,10,286,-0.8660254037844386,0.5000000000000001,-0.9778483415056568,0.20931464596304888,13,0.44301565174999996,0.4321667398333333,0.66443652075,24.471584955833332,8.571425627416668,25.559712153333333,0.07455411765864398,0.07172083630452963,0.11181353857790423,4.394265489394871,3.417947988363627,9.701112163798284,37.0882228
Field_59,2023-10-28,dataset1_field_satellite,1077,ok,12.95312477,77.64922382,0.535656504,0.493958741,-0.493958741,0.80338002,20.37008595,25.63223202,15.13617242,Cardamom,2023,10,301,-0.8660254037844386,0.5000000000000001,-0.8919813464595487,0.45207220393230374,14,0.4442006633076923,0.43179215292307693,0.6662133360769231,24.47861062615385,8.475611037,26.218143315384616,0.07150789258978052,0.06868075370725098,0.10724483081737611,4.207265157547248,3.2906205207335884,9.586702066776043,52.63293502
Field_59,2023-11-27,dataset1_field_satellite,1079,ok,12.95312477,77.64922382,0.539741315,0.499835389,-0.499835389,0.809496128,20.02828097,36.43285679,14.92449744,Cardamom,2023,11,331,-0.5000000000000004,0.8660254037844384,-0.5524353131676203,0.8335557718385695,15,0.4507332233571429,0.4362326235,0.6760109563571428,24.18514457785714,8.9513654215,26.17629250857143,0.07292107137547911,0.06804590471227458,0.10936468173355023,4.188695627560313,3.6282278742064564,9.211936443011831,52.58077156
Field_59,2023-12-11,dataset1_field_satellite,1078,ok,12.95312477,77.64922382,0.539741315,0.499835389,-0.499835389,0.809496128,20.02828097,24.10817393,14.96589166,Cardamom,2023,12,345,-2.4492935982947064e-16,1.0,-0.33752289959411347,0.941317317512847,16,0.45666709613333334,0.44047280786666665,0.6849099678,23.908020337333333,9.349574222733334,26.860063460666666,0.07393121906936947,0.0675958638066569,0.11087916264290053,4.176590981449003,3.821295965310046,9.263449756690852,52.61206964
Field_6,2023-01-04,dataset1_field_satellite,100,ok,29.21932823,76.20313269,0.227480445,0.372060929,-0.372060929,0.341175433,29.74208431,8.328404701,0.243661424,Wheat,2023,1,4,0.49999999999999994,0.8660254037844387,0.06880242680231986,0.9976303053065857,1,,,,,,,,,,,,,39.47730944
Field_6,2023-01-05,dataset1_field_satellite,102,ok,29.21932823,76.20313269,0.157967618,0.295596825,-0.295596825,0.236925907,34.3566014,13.70844953,3.909872122,Wheat,2023,1,5,0.49999999999999994,0.8660254037844387,0.08596479873744647,0.9962981749346078,2,0.227480445,0.372060929,0.341175433,29.74208431,0.243661424,8.328404701,,,,,,,37.98543437
Field_6,2023-01-31,dataset1_field_satellite,96,ok,29.21932823,76.20313269,0.734908925,0.668472678,-0.668472678,1.102235597,9.42370171,8.470341122,16.58120697,Wheat,2023,1,31,0.49999999999999994,0.8660254037844387,0.5086709438521044,0.8609610158889943,3,0.1927240315,0.33382887699999997,0.28905066999999995,32.049342855,2.076766773,11.0184271155,0.049152991351147333,0.05406828645575338,0.07371554677008327,3.2629563262402175,2.5924024458144657,3.804266181673519,58.40221412
Field_6,2023-02-03,dataset1_field_satellite,98,ok,29.21932823,76.20313269,0.686032556,0.653084563,-0.653084563,1.028925988,10.70865431,11.0554771,8.829198717,Wheat,2023,2,34,0.8660254037844386,0.5000000000000001,0.5524353131676196,0.8335557718385699,4,0.3734523293333334,0.4453768106666667,0.5601123123333333,24.507462473333334,6.911580172000001,10.169065117666667,0.31495422078864904,0.19695307643202709,0.47237721447074255,13.265116700111657,8.572428887426376,3.0660182648840664,42.34629995
Field_6,2023-02-15,dataset1_field_satellite,97,ok,29.21932823,76.20313269,0.265605956,0.286030856,-0.286030856,0.398381503,33.74578476,12.47520171,5.934425734,Wheat,2023,2,46,0.8660254037844386,0.5000000000000001,0.7116566222817746,0.7025274741691571,5,0.451597386,0.49730374875,0.67731573125,21.0577604325,7.39098480825,10.39066811325,0.30092752226098607,0.19143137274804584,0.4513388093111957,12.841754451547477,7.064725041194936,2.542323783013189,31.86144372
Field_6,2023-03-17,dataset1_field_satellite,99,ok,29.21932823,76.20313269,0.554917003,0.546300492,-0.546300492,0.832280475,17.50058232,14.55577761,16.97539282,Wheat,2023,3,76,1.0,6.123233995736766e-17,0.9657399376548549,0.2595117970697999,6,0.41439909999999996,0.4550491702,0.6215288856,23.595365297999997,7.0996729934000005,10.8075748326,0.27356277642853966,0.19081856538697053,0.4102936769324145,12.485198649297734,6.15280974824682,2.390944107764079,53.58231006
Field_6,2023-04-16,dataset1_field_satellite,101,ok,29.21932823,76.20313269,0.173985529,0.318613507,-0.318613507,0.260953216,33.01768012,26.18993827,5.038805363,Wheat,2023,4,106,0.8660254037844387,-0.4999999999999998,0.9679377830240642,-0.25119006388481935,7,0.43781875049999996,0.47025772383333336,0.6566541505,22.579568135,8.745626297833333,11.4322752955,0.2513168404526164,0.17469167278030484,0.37692894087658946,11.440944519929019,6.822069181762006,2.6295997777696627,27.81355892
Field_6,2023-05-16,dataset1_field_satellite,103,ok,29.21932823,76.20313269,0.127140041,0.238341573,-0.238341573,0.190691612,37.59514297,16.0064954,13.0655207,Wheat,2023,5,136,0.49999999999999994,-0.8660254037844387,0.717676913675962,-0.6963762255968722,8,0.4001282902857143,0.44859426428571425,0.6001254455714286,24.07072699,8.21608045,13.540512863285715,0.2501548669339138,0.16945831977013365,0.37518615391775856,11.16441785492311,6.383321097620353,6.072477966607458,39.71726137
Field_6,2023-05-31,dataset1_field_satellite,104,ok,29.21932823,76.20313269,0.161762248,0.270859973,-0.270859973,0.242620287,35.58101908,29.4692398,13.0655207,Wheat,2023,5,151,0.49999999999999994,-0.8660254037844387,0.5160623910158528,-0.8565509959010036,9,0.366004759125,0.422312677875,0.548946216375,25.7612789875,8.82226048125,13.848760680375,0.2509046506206275,0.1736075840816525,0.3763109384184216,11.388662629286982,6.153491068467681,5.68922374904716,40.55187679
Field_6,2023-06-15,dataset1_field_satellite,105,ok,29.21932823,76.20313269,0.145360145,0.248003755,-0.248003755,0.218019194,36.91567009,30.85686925,0.686767721,Wheat,2023,6,166,1.2246467991473532e-16,-1.0,0.2802306751992159,-0.9599326896597447,10,0.3433111467777778,0.40548459955555555,0.514910002,26.85236122,9.29373383888889,15.584369471444445,0.24437471455220308,0.17006117156383097,0.3665171988836439,11.144643370962921,5.927297439066743,7.44529377453434,38.24625169
Field_6,2023-06-30,dataset1_field_satellite,106,ok,29.21932823,76.20313269,0.073895019,0.130381322,-0.130381322,0.110821926,43.65184992,32.99342308,12.51516575,Wheat,2023,6,181,1.2246467991473532e-16,-1.0,0.02581844022713308,-0.9996666485105112,11,0.3235160466,0.38973651509999996,0.4852209212,27.858692107000003,8.4330372271,17.1116194493,0.23875095068899937,0.16789103984795214,0.3580826399508459,10.978604312223242,6.2158821545061835,8.520455906231648,41.17783836
Field_6,2023-08-14,dataset1_field_satellite,107,ok,29.21932823,76.20313269,0.485586486,0.485823919,-0.485823919,0.728291985,21.29684428,29.92105643,6.512063241,Wheat,2023,8,226,-0.8660254037844384,-0.5000000000000004,-0.680773409477016,-0.732494071613579,12,0.3008232259090909,0.36615877027272725,0.4511846489090909,29.294433726363636,8.804139820090908,18.555419779363636,0.23867639185604045,0.17743638774964912,0.35797207359907335,11.452147019368558,6.023982100123466,9.395131999554053,47.65654057
Field_6,2023-08-29,dataset1_field_satellite,108,ok,29.21932823,76.20313269,0.564954122,0.541301291,-0.541301291,0.847332516,17.65335555,27.98986495,8.00978134,Wheat,2023,8,241,-0.8660254037844384,-0.5000000000000004,-0.8452490573530633,-0.5343725582809785,13,0.31622016425,0.376130866,0.4742769269166667,28.627967939166666,8.6131334385,19.502556166916666,0.23373584041709014,0.1726697195325731,0.35056182062002,11.160596394698219,5.781627776585187,9.539858686418643,39.41471328
Field_6,2023-09-13,dataset1_field_satellite,109,ok,29.21932823,76.20313269,0.642854146,0.604500114,-0.604500114,0.964153523,13.6305643,28.14502278,16.96034038,Wheat,2023,9,256,-1.0,-1.8369701987210297e-16,-0.9536809966304455,-0.300819807635668,14,0.33535354561538466,0.3888362833076923,0.5029735106923077,27.783766986153847,8.566721738615385,20.15542607330769,0.23417698686323843,0.17154830772414095,0.35122340260175644,11.110525676107878,5.538015953202005,9.432175620422408,56.05485825
Field_6,2023-09-28,dataset1_field_satellite,110,ok,29.21932823,76.20313269,0.57341012,0.562318058,-0.562318058,0.860014734,16.49378752,23.48481218,8.036123116,Wheat,2023,9,271,-1.0,-1.8369701987210297e-16,-0.9988797155850335,-0.04732138832243232,15,0.3573178742142857,0.40424084264285715,0.5359149401428571,26.772823937142853,9.166265927285716,20.726111552357143,0.23952981332374987,0.17460604980899816,0.3592502467570002,11.325024822496047,5.77431938709051,9.3103141809563,39.41471328
Field_6,2023-10-13,dataset1_field_satellite,111,ok,29.21932823,76.20313269,0.526608222,0.538461337,-0.538461337,0.789817438,18.18999784,11.59945622,7.673923701,Wheat,2023,10,286,-0.8660254037844386,0.5000000000000001,-0.9778483415056568,0.20931464596304888,16,0.3717240239333333,0.4147793236666667,0.5575215930666667,26.087554842666666,9.0909230732,20.910024927533335,0.23746454029491215,0.17313435255180568,0.3561528145086686,11.231159200059883,5.571919466540972,8.999874678234352,37.98543437
Field_6,2023-10-28,dataset1_field_satellite,112,ok,29.21932823,76.20313269,0.27330322,0.342268786,-0.342268786,0.409906865,30.79541909,24.82967037,5.871393628,Wheat,2023,10,301,-0.8660254037844386,0.5000000000000001,-0.8919813464595487,0.45207220393230374,17,0.3814042863125,0.4225094495,0.572040083375,25.593957529999997,9.002360612437501,20.3281143833125,0.23265733109729103,0.17009766201906112,0.34894281829111634,11.02850340821902,5.394629464273826,9.000878441163497,31.27721292
Field_6,2023-11-27,dataset1_field_satellite,114,ok,29.21932823,76.20313269,0.316196223,0.36204393,-0.36204393,0.474231953,29.34755299,26.57090094,3.163835406,Wheat,2023,11,331,-0.5000000000000004,0.8660254037844384,-0.5524353131676203,0.8335557718385695,18,0.37504540005882353,0.41778941047058826,0.5625028352352941,25.899925857058825,8.818186083941177,20.592911794294118,0.22679009345827847,0.16584217730660294,0.3401430978573126,10.752563738606893,5.2782378436232795,8.78318420555597,43.05572306
Field_6,2023-12-11,dataset1_field_satellite,113,ok,29.21932823,76.20313269,0.113477656,0.128304464,-0.128304464,0.170198722,43.35365088,6.654316716,4.94566837,Wheat,2023,12,345,-2.4492935982947064e-16,1.0,-0.33752289959411347,0.941317317512847,19,0.37177600133333333,0.41469243933333333,0.5575988973333333,26.091460697777777,8.504055490722223,20.92502230238889,0.22045551346207531,0.16142617340618126,0.33064252120104093,10.4631224205298,5.291236888635192,8.636653075302538,28.94028974
Field_6,2023-12-12,dataset1_field_satellite,115,ok,29.21932823,76.20313269,0.392172325,0.413842014,-0.413842014,0.588175862,25.92658203,6.523393427,13.94891096,Wheat,2023,12,346,-2.4492935982947064e-16,1.0,-0.32126966169236515,0.9469877530760751,20,0.35818135157894737,0.399619388,0.5372094144210526,26.999997023157892,8.316771958052632,20.173932534684212,0.22228826726348647,0.17008074758636127,0.3333913376730946,10.912296088027201,5.206555079835322,9.009238020630658,47.69827134
Field_6,2023-12-27,dataset1_field_satellite,116,ok,29.21932823,76.20313269,0.594554525,0.5598772,-0.5598772,0.89171188,16.40248324,14.71720516,16.61695652,Wheat,2023,12,361,-2.4492935982947064e-16,1.0,-0.06880242680232064,0.9976303053065857,21,0.35988090024999997,0.4003305193,0.5397577368,26.9463262735,8.59837890815,19.4914055793,0.2164929735938283,0.16557498881925925,0.3246993599330791,10.623960791754712,5.221830817467717,9.285004922643258,54.69860819
Field_60,2023-01-01,dataset1_field_satellite,1080,ok,11.20469719,76.72889814,0.815641942,0.724447848,-0.724447848,1.223264582,5.740848722,18.0638982,9.818896858,Cardamom,2023,1,1,0.49999999999999994,0.8660254037844387,0.017213356155834685,0.9998518392091162,1,,,,,,,,,,,,,44.04682887
Field_60,2023-01-04,dataset1_field_satellite,1086,ok,11.20469719,76.72889814,0.430647771,0.402623959,-0.402623959,0.645818365,26.10648007,19.21821952,2.780938882,Cardamom,2023,1,4,0.49999999999999994,0.8660254037844387,0.06880242680231986,0.9976303053065857,2,0.815641942,0.724447848,1.223264582,5.740848722,9.818896858,18.0638982,,,,,,,36.39966507
Field_60,2023-01-16,dataset1_field_satellite,1081,ok,11.20469719,76.72889814,0.784868588,0.70200357,-0.70200357,1.177113201,7.201236055,15.64573015,16.50782631,Cardamom,2023,1,16,0.49999999999999994,0.8660254037844387,0.2719581575341055,0.9623090774541486,3,0.6231448565,0.5635359034999999,0.9345414735,15.923664396,6.29991787,18.64105886,0.27223198903139323,0.22756385425972672,0.40831613581121873,14.400676029316129,4.976587810535549,0.8162284330402074,58.30831989
Field_60,2023-01-31,dataset1_field_satellite,1082,ok,11.20469719,76.72889814,0.770893666,0.697675886,-0.697675886,1.156144152,7.564950628,24.33690476,16.10235112,Cardamom,2023,1,31,0.49999999999999994,0.8660254037844387,0.5086709438521044,0.8609610158889943,4,0.677052767,0.6096917923333333,1.015398716,13.016188282333333,9.702554016666666,17.642615956666667,0.2139469942986401,0.1796767990163342,0.3208967347543665,11.360017038072028,6.864183225831988,1.8231234519641628,58.19356027
Field_60,2023-02-03,dataset1_field_satellite,1084,ok,11.20469719,76.72889814,0.512464918,0.555954646,-0.555954646,0.768563558,17.44115685,23.4195658,7.506465271,Cardamom,2023,2,34,0.8660254037844386,0.5000000000000001,0.5524353131676196,0.8335557718385699,5,0.70051299175,0.63168781575,1.050585075,11.65337886875,11.302503292499999,19.3161881575,0.1808786135162574,0.15315939927982536,0.27129712313756116,9.667591361236946,6.453734705281426,3.663226500369538,37.16125164
Field_60,2023-02-15,dataset1_field_satellite,1083,ok,11.20469719,76.72889814,0.600728184,0.588196631,-0.588196631,0.900938907,14.89331852,19.26850144,8.21863399,Cardamom,2023,2,46,0.8660254037844386,0.5000000000000001,0.7116566222817746,0.7025274741691571,6,0.662903377,0.6165411818,0.9941807716,12.810934464999999,10.5432956882,20.136863686,0.1777926326620138,0.1368957771112542,0.26666237825616496,8.763356482418475,5.841232718078452,3.664964244048093,40.06154023
Field_60,2023-03-17,dataset1_field_satellite,1085,ok,11.20469719,76.72889814,0.428684277,0.495248087,-0.495248087,0.642913976,21.39674021,35.63494499,14.03452173,Cardamom,2023,3,76,1.0,6.123233995736766e-17,0.9657399376548549,0.2595117970697999,7,0.6525408448333333,0.61181709,0.9786404608333333,13.157998474166666,10.155852071833333,19.992136645000002,0.16103561289523205,0.12298888280135045,0.24152860438079513,7.884152080541684,5.310054149307691,3.2971572341185826,47.87562712
Field_60,2023-04-16,dataset1_field_satellite,1087,ok,11.20469719,76.72889814,0.45859027,0.496191641,-0.496191641,0.687766754,21.04313206,33.56639296,7.164962965,Cardamom,2023,4,106,0.8660254037844387,-0.4999999999999998,0.9679377830240642,-0.25119006388481935,8,0.6205613351428572,0.5951643752857142,0.9306795344285714,14.334961579285714,10.709947737285715,22.22682355142857,0.16961489851254818,0.12060850479447117,0.2543917101171599,7.841975096445522,5.064225831173837,6.634466859546955,36.01365544
Field_60,2023-08-14,dataset1_field_satellite,1088,ok,11.20469719,76.72889814,0.636643005,0.567470563,-0.567470563,0.954822087,15.58488858,37.82029003,15.89820236,Cardamom,2023,8,226,-0.8660254037844384,-0.5000000000000004,-0.680773409477016,-0.732494071613579,9,0.6003149520000001,0.5827927835,0.900315436875,15.173482889375,10.26682464075,23.644269727500003,0.16714859962026296,0.11701625066511039,0.2506909436484908,7.637819881336431,4.853192646098919,7.334940920376483,55.80447362
Field_60,2023-09-28,dataset1_field_satellite,1089,ok,11.20469719,76.72889814,0.484643886,0.490202849,-0.490202849,0.726834582,21.08286364,38.96258723,14.13424417,Cardamom,2023,9,271,-1.0,-1.8369701987210297e-16,-0.9988797155850335,-0.04732138832243232,10,0.6043514023333334,0.5810903145555556,0.9063717313333333,15.219194632777779,10.892533276222222,25.219383094444446,0.15682142373502195,0.10957777219544178,0.23520270809887328,7.14584229070549,4.9125243685065465,8.330967986121438,50.17081953
Field_60,2023-10-13,dataset1_field_satellite,1090,ok,11.20469719,76.72889814,0.484643886,0.490202849,-0.490202849,0.726834582,21.08286364,20.88246577,14.7363419,Cardamom,2023,10,286,-0.8660254037844386,0.5000000000000001,-0.9778483415056568,0.20931464596304888,11,0.5923806507,0.5720015679999999,0.8884180164,15.8055615335,11.2167043656,26.593703507999997,0.1526217445037313,0.10723431433088224,0.22890384695762933,6.98767843463457,4.743662274098157,8.976687799248788,50.5046657
Field_60,2023-12-27,dataset1_field_satellite,1091,ok,11.20469719,76.72889814,0.723935273,0.610111956,-0.610111956,1.085746019,12.51592776,16.68259785,9.268541903,Cardamom,2023,12,361,-2.4492935982947064e-16,1.0,-0.06880242680232064,0.9976303053065857,12,0.5825863993636363,0.5645653208181818,0.8737286132727273,16.285316270454544,11.536671414181818,26.074500077272727,0.14838887477659665,0.10467833513508465,0.2225552476204334,6.81738187277234,4.623663766710513,8.688390281745665,44.47456928
Field_61,2023-01-01,dataset1_field_satellite,1092,ok,12.07351623,75.832047,0.79845323,0.713556432,-0.713556432,1.19742958,6.472558201,17.46655661,9.690951091,Cashew Nut,2023,1,1,0.49999999999999994,0.8660254037844387,0.017213356155834685,0.9998518392091162,1,,,,,,,,,,,,,43.97380002
Field_61,2023-01-04,dataset1_field_satellite,1098,ok,12.07351623,75.832047,0.626596506,0.558535556,-0.558535556,0.939781047,16.14375272,18.7208932,8.519682854,Cashew Nut,2023,1,4,0.49999999999999994,0.8660254037844387,0.06880242680231986,0.9976303053065857,2,0.79845323,0.713556432,1.19742958,6.472558201,9.690951091,17.46655661,,,,,,,41.53254992
Field_61,2023-01-05,dataset1_field_satellite,1100,ok,12.07351623,75.832047,0.77842024,0.698357479,-0.698357479,1.167453981,7.45327755,24.78129879,3.241919955,Cashew Nut,2023,1,5,0.49999999999999994,0.8660254037844387,0.08596479873744647,0.9962981749346078,3,0.712524868,0.6360459940000001,1.0686053135,11.3081554605,9.105316972499999,18.093724905000002,0.12152105493290487,0.1096163126450789,0.182185024847066,6.83856722655907,0.8282117129711126,0.8869499086794073,54.44822356
Field_61,2023-01-16,dataset1_field_satellite,1093,ok,12.07351623,75.832047,0.784404627,0.698797737,-0.698797737,1.176375631,7.369678242,15.92672646,16.38458443,Cashew Nut,2023,1,16,0.49999999999999994,0.8660254037844387,0.2719581575341055,0.9623090774541486,4,0.734489992,0.656816489,1.1015548693333332,10.023196157,7.150851299999999,20.322916199999998,0.09397384430259927,0.08545237496165285,0.14089964985089526,5.32319096886797,3.43551677563855,3.9116775888823625,58.2874545
Field_61,2023-01-31,dataset1_field_satellite,1094,ok,12.07351623,75.832047,0.795056663,0.709118197,-0.709118197,1.192350776,6.733882549,18.85854481,16.99514916,Cashew Nut,2023,1,31,0.49999999999999994,0.8660254037844387,0.5086709438521044,0.8609610158889943,5,0.74696865075,0.667311801,1.12026005975,9.359816678249999,9.4592845825,19.223868765,0.08068616138348583,0.07286067906377203,0.12097387106106135,4.544358853787646,5.40221934851571,3.8771684810477365,58.45437759
Field_61,2023-02-03,dataset1_field_satellite,1096,ok,12.07351623,75.832047,0.80530139,0.719476687,-0.719476687,1.207752085,6.10030471,19.43222532,9.738930754,Cashew Nut,2023,2,34,0.8660254037844386,0.5000000000000001,0.5524353131676196,0.8335557718385699,6,0.7565862532000001,0.6756730801999999,1.134678203,8.834629852399999,10.966457498,19.150803974000002,0.07311076434788978,0.06581081874986251,0.10961488212606593,4.107006702481823,5.76591982282029,3.3616988103103282,44.0050981
Field_61,2023-02-15,dataset1_field_satellite,1095,ok,12.07351623,75.832047,0.778974193,0.705937439,-0.705937439,1.168253807,7.060554224,19.60704322,9.534781993,Cashew Nut,2023,2,46,0.8660254037844386,0.5000000000000001,0.7116566222817746,0.7025274741691571,7,0.7647054426666666,0.6829736813333334,1.1468571833333334,8.378908995333333,10.761869707333334,19.197707531666666,0.06834964898519906,0.06151945832880824,0.10248074589193516,3.8392827768709554,5.181486476590746,3.008988995547216,43.96336733
Field_61,2023-03-17,dataset1_field_satellite,1097,ok,12.07351623,75.832047,0.699559539,0.615723187,-0.615723187,1.049190629,12.47834008,30.46766953,15.86527514,Cashew Nut,2023,3,76,1.0,6.123233995736766e-17,0.9657399376548549,0.2595117970697999,8,0.7667438355714287,0.6862542181428571,1.1499138438571428,8.190572599428572,10.586571462428571,19.256184058571428,0.06262705019749232,0.05682607892979651,0.09390059432032824,3.5400147438683165,4.752712356670047,2.7511722669004404,57.46327177
Field_61,2023-04-16,dataset1_field_satellite,1099,ok,12.07351623,75.832047,0.787700891,0.69247255,-0.69247255,1.181383638,7.659005651,30.39079628,9.644852983,Cashew Nut,2023,4,106,0.8660254037844387,-0.4999999999999998,0.9679377830240642,-0.25119006388481935,9,0.7583457985000001,0.67743783925,1.137323442,8.7265435345,11.246409422125,20.6576197425,0.06265825449122325,0.058221274387372624,0.09394599508078229,3.611035813849885,4.779588624297826,4.711671279455484,44.21375196
Field_61,2023-09-28,dataset1_field_satellite,1101,ok,12.07351623,75.832047,0.73296407,0.640823693,-0.640823693,1.099232096,10.85544228,32.54783775,16.46360976,Cashew Nut,2023,9,271,-1.0,-1.8369701987210297e-16,-0.9988797155850335,-0.04732138832243232,10,0.7616074754444444,0.6791083626666666,1.1422190193333333,8.60792821411111,11.068458706666668,21.739083802222222,0.05942260998399784,0.054691114714816344,0.08909724372612993,3.396506814489236,4.502655561390048,5.4727457530181125,58.69432952
Field_61,2023-10-13,dataset1_field_satellite,1102,ok,12.07351623,75.832047,0.73296407,0.640823693,-0.640823693,1.099232096,10.85544228,31.55779579,9.277008903,Cashew Nut,2023,10,286,-0.8660254037844386,0.5000000000000001,-0.9778483415056568,0.20931464596304888,11,0.7587431349,0.6752798956999999,1.137920327,8.8326796207,11.607973812000001,22.819959197,0.05675167430363414,0.05296549040893494,0.08509448261044014,3.2801804803954533,4.575152046478762,6.189182447631816,44.34937696
Field_61,2023-12-27,dataset1_field_satellite,1103,ok,12.07351623,75.832047,0.835025349,0.746170579,-0.746170579,1.252285906,4.433630836,18.01208931,9.941197959,Cashew Nut,2023,12,361,-2.4492935982947064e-16,1.0,-0.06880242680232064,0.9976303053065857,12,0.7563995835454546,0.6721475136363636,1.1344032150909091,9.016567135181818,11.396067911181818,23.61430797818182,0.054397535285199285,0.051310221673186905,0.08156613704017379,3.171054459225814,4.396903437918115,6.4355474732832025,44.10942503
Field_62,2023-01-01,dataset1_field_satellite,1104,ok,10.05898507,76.13262669,-0.355377668,-0.652393131,0.652393131,-0.532372705,88.00784263,18.51870243,6.701159559,Cashew Nut,2023,1,1,0.49999999999999994,0.8660254037844387,0.017213356155834685,0.9998518392091162,1,,,,,,,,,,,,,46.94711746
Field_62,2023-01-04,dataset1_field_satellite,1110,above_100_unconfirmed_bound,10.05898507,76.13262669,-1.0,-1.0,1.0,-1.495781357,102.1287412,15.87519134,6.701159559,Cashew Nut,2023,1,4,0.49999999999999994,0.8660254037844387,0.06880242680231986,0.9976303053065857,2,-0.355377668,-0.652393131,-0.532372705,88.00784263,6.701159559,18.51870243,,,,,,,46.94711746
Field_62,2023-01-16,dataset1_field_satellite,1105,ok,10.05898507,76.13262669,-0.162922899,-0.457545011,0.457545011,-0.244033598,76.09252969,15.49754019,6.701159559,Cashew Nut,2023,1,16,0.49999999999999994,0.8660254037844387,0.2719581575341055,0.9623090774541486,3,-0.677688834,-0.8261965655,-1.014077031,95.068291915,6.701159559,17.196946885000003,0.45581682226148595,0.24579517425692393,0.6812327908829907,9.984983135294414,0.0,1.8692446178808435,46.94711746
Field_62,2023-01-31,dataset1_field_satellite,1106,ok,10.05898507,76.13262669,-0.185423644,-0.40986601,0.40986601,-0.277867395,73.88762878,20.22209675,6.701159559,Cashew Nut,2023,1,31,0.49999999999999994,0.8660254037844387,0.5086709438521044,0.8609610158889943,4,-0.506100189,-0.703312714,-0.7573958866666667,88.74303784,6.701159559,16.630477986666666,0.43842043406653347,0.2747889312225257,0.6555110123071334,13.033666462126808,0.0,1.6461162653577037,46.94711746
Field_62,2023-02-03,dataset1_field_satellite,1108,ok,10.05898507,76.13262669,-0.097918613,-0.185052826,0.185052826,-0.146817936,61.51400715,20.16440997,6.701159559,Cashew Nut,2023,2,34,0.8660254037844386,0.5000000000000001,0.5524353131676196,0.8335557718385699,5,-0.42593105275,-0.629951038,-0.63751376375,85.029185575,6.701159559,17.528382677499998,0.39223718967780535,0.26808029861168065,0.5864725214511836,12.977741285843823,0.0,2.243077612269685,44.93360776
Field_62,2023-02-15,dataset1_field_satellite,1107,ok,10.05898507,76.13262669,-0.082664601,-0.236973823,0.236973823,-0.123929989,64.00953292,20.12736402,6.701159559,Cashew Nut,2023,2,46,0.8660254037844386,0.5000000000000001,0.7116566222817746,0.7025274741691571,6,-0.3603285648,-0.5409713956,-0.5393745982,80.32614989,6.701159559,18.055588136,0.37000802944112776,0.3057567148665018,0.5532802119064383,15.391850114058366,0.0,2.2722842820298874,45.69519433
Field_62,2023-03-17,dataset1_field_satellite,1109,ok,10.05898507,76.13262669,0.03150097,0.056475336,-0.056475336,0.047240657,47.85877767,33.20838775,6.701159559,Cashew Nut,2023,3,76,1.0,6.123233995736766e-17,0.9657399376548549,0.2595117970697999,7,-0.3140512375,-0.4903051335,-0.47013383000000003,77.60671372833333,6.701159559,18.400884116666667,0.3498203819289452,0.30032008863857174,0.5231260825033898,15.293764682745477,0.0,2.2013624354647727,40.75009796
Field_62,2023-04-16,dataset1_field_satellite,1111,ok,10.05898507,76.13262669,0.012025323,-0.055575202,0.055575202,0.018067025,53.77947021,32.24557784,6.701159559,Cashew Nut,2023,4,106,0.8660254037844387,-0.4999999999999998,0.9679377830240642,-0.25119006388481935,8,-0.26468663642857143,-0.41219363785714286,-0.39622318900000003,73.35700857714286,6.701159559,20.51624177857143,0.34501685449170444,0.34332196253786074,0.5160331660536324,17.925846951084665,0.0,5.946553349743903,42.5653865
Field_62,2023-10-13,dataset1_field_satellite,1112,ok,10.05898507,76.13262669,-0.28433937,-0.513126714,0.513126714,-0.425956287,80.17078549,33.43313733,6.701159559,Cashew Nut,2023,10,286,-0.8660254037844386,0.5000000000000001,-0.9778483415056568,0.20931464596304888,9,-0.2300976415,-0.367616333375,-0.34443691225,70.90981628125,6.701159559,21.98240878625,0.334069731649279,0.34194808293472506,0.49970322686044066,17.98168091989575,0.0,6.892533634663674,46.94711746
Field_62,2023-11-27,dataset1_field_satellite,1114,ok,10.05898507,76.13262669,-0.332734804,-0.761003527,0.761003527,-0.496891999,93.32271542,34.88458444,6.701159559,Cashew Nut,2023,11,331,-0.5000000000000004,0.8660254037844384,-0.5524353131676203,0.8335557718385695,10,-0.23612450022222223,-0.38378415344444444,-0.3534946205555556,71.93881286,6.701159559,23.25471195777778,0.3130162450068882,0.3235197299193254,0.4682187301738704,17.101249903107604,0.0,7.492492286239977,46.94711746
Field_62,2023-12-11,dataset1_field_satellite,1113,ok,10.05898507,76.13262669,-0.251184244,-0.471050897,0.471050897,-0.376473781,77.68360126,17.4053298,6.701159559,Cashew Nut,2023,12,345,-2.4492935982947064e-16,1.0,-0.33752289959411347,0.941317317512847,11,-0.2457855306,-0.4215060908,-0.3678343584,74.07720311599999,6.701159559,24.417699206,0.29669167550433545,0.32751338147109305,0.44376379623189915,17.48385333136555,0.0,7.964002803116304,46.94711746
Field_62,2023-12-27,dataset1_field_satellite,1115,ok,10.05898507,76.13262669,-0.185619025,-0.454348812,0.454348812,-0.278018142,76.16111049,22.26802669,6.701159559,Cashew Nut,2023,12,361,-2.4492935982947064e-16,1.0,-0.06880242680232064,0.9976303053065857,12,-0.24627632272727273,-0.426010164090909,-0.3686197604545454,74.40505749272728,6.701159559,23.780211078181818,0.281471144041884,0.3110653741204177,0.42099936054796094,16.62224377143963,0.0,7.845578935135402,46.94711746
Field_63,2023-01-01,dataset1_field_satellite,1116,ok,15.78008666,77.84256385,0.522826243,0.577024089,-0.577024089,0.784110881,16.25944006,23.59821601,7.548800267,Cashew Nut,2023,1,1,0.49999999999999994,0.8660254037844387,0.017213356155834685,0.9998518392091162,1,,,,,,,,,,,,,37.23428049
Field_63,2023-01-04,dataset1_field_satellite,1122,ok,15.78008666,77.84256385,0.213128208,0.338941144,-0.338941144,0.319639586,31.57990288,23.30760768,5.340795005,Cashew Nut,2023,1,4,0.49999999999999994,0.8660254037844387,0.06880242680231986,0.9976303053065857,2,0.522826243,0.577024089,0.784110881,16.25944006,7.548800267,23.59821601,,,,,,,29.0028859
Field_63,2023-01-05,dataset1_field_satellite,1124,ok,15.78008666,77.84256385,0.170116817,0.264191594,-0.264191594,0.25513918,35.83621151,23.2769182,12.01373123,Cashew Nut,2023,1,5,0.49999999999999994,0.8660254037844387,0.08596479873744647,0.9962981749346078,3,0.3679772255,0.45798261650000005,0.5518752335,23.919671469999997,6.4447976360000006,23.452911845000003,0.21898958066864874,0.16835006489436383,0.3284308023609974,10.833203150938377,1.5612954936557795,0.20549112081230017,40.3953864
Field_63,2023-01-16,dataset1_field_satellite,1117,ok,15.78008666,77.84256385,0.450089451,0.534153631,-0.534153631,0.675026424,19.19144471,22.2013124,13.81908364,Cashew Nut,2023,1,16,0.49999999999999994,0.8660254037844387,0.2719581575341055,0.9623090774541486,4,0.30202375600000003,0.393385609,0.4529632156666667,27.89185148333333,8.301108833999999,23.394247296666666,0.19242608616811183,0.16336827203846357,0.2885899474779557,10.296299695993945,3.3994846081009844,0.17730732658243428,47.97995405
Field_63,2023-01-31,dataset1_field_satellite,1118,ok,15.78008666,77.84256385,0.329821337,0.438460938,-0.438460938,0.494649614,25.306215,24.60492643,13.25743935,Cashew Nut,2023,1,31,0.49999999999999994,0.8660254037844387,0.5086709438521044,0.8609610158889943,5,0.33904017975,0.4285776145,0.50847901775,25.716749789999998,9.6806025355,23.0960135725,0.1736837977502315,0.1508201043528473,0.26048184002096864,9.465734403196059,3.913609828584051,0.6137849859365684,44.51630005
Field_63,2023-02-03,dataset1_field_satellite,1120,ok,15.78008666,77.84256385,0.239666772,0.3363067,-0.3363067,0.359441515,31.44339409,19.45704578,5.584456429,Cashew Nut,2023,2,34,0.8660254037844386,0.5000000000000001,0.5524353131676196,0.8335557718385699,6,0.3371964112,0.4305542792,0.5057131370000001,25.634642831999997,10.3959698984,23.397796144,0.15047107234627305,0.13068880565845697,0.2256686558145553,8.19962216243207,3.747800519945634,0.8590183985379047,30.06702056
Field_63,2023-02-15,dataset1_field_satellite,1119,ok,15.78008666,77.84256385,0.265525751,0.370553661,-0.370553661,0.398222985,29.43050006,16.00210648,5.734980861,Cashew Nut,2023,2,46,0.8660254037844386,0.5000000000000001,0.7116566222817746,0.7025274741691571,7,0.32094147133333334,0.41484634933333336,0.48133453333333337,26.602768041666664,9.594050986833333,22.74100441666667,0.1403516060144791,0.12306130790676599,0.21049221285866387,7.707829877136009,3.8852606906375553,1.7828579095885133,30.53649174
Field_63,2023-03-17,dataset1_field_satellite,1121,ok,15.78008666,77.84256385,0.248754262,0.360744182,-0.360744182,0.373053464,30.10270006,22.88161796,12.76259028,Cashew Nut,2023,3,76,1.0,6.123233995736766e-17,0.9657399376548549,0.2595117970697999,8,0.31302493985714286,0.4085188224285714,0.46946145499999997,27.006729758571428,9.042755254571428,21.77830471142857,0.12982364212011197,0.11357963915340029,0.19470302082628432,7.11696306909049,3.83495298789731,3.02264018071573,42.33586726
Field_63,2023-04-16,dataset1_field_satellite,1123,ok,15.78008666,77.84256385,0.219701266,0.350789425,-0.350789425,0.329499222,30.90774803,26.44869978,5.371840669,Cashew Nut,2023,4,106,0.8660254037844387,-0.4999999999999998,0.9679377830240642,-0.25119006388481935,9,0.304991105125,0.402546992375,0.457410456125,27.39372604625,9.507734632750001,21.9162188675,0.12232243594473406,0.1065022607512355,0.18345427069391634,6.679327201519405,3.78622904287271,2.8254774459088554,29.07591475
Field_63,2023-05-16,dataset1_field_satellite,1125,ok,15.78008666,77.84256385,0.205854629,0.302080886,-0.302080886,0.308737769,33.53643289,25.1453084,5.362432892,Cashew Nut,2023,5,136,0.49999999999999994,-0.8660254037844387,0.717676913675962,-0.6963762255968722,10,0.29551445633333334,0.3967961515555556,0.4431980967777778,27.784172933333334,9.048190859,22.419827857777776,0.1179011997157249,0.10110657561780508,0.17682323427730962,6.356789624215592,3.8005543529053387,3.0443399257424586,29.30543399
Field_63,2023-05-31,dataset1_field_satellite,1126,ok,15.78008666,77.84256385,0.184443909,0.292783972,-0.292783972,0.276617936,34.22983893,38.34537097,5.193092906,Cashew Nut,2023,5,151,0.49999999999999994,-0.8660254037844387,0.5160623910158528,-0.8565509959010036,11,0.2865484736,0.38732462500000003,0.429752064,28.359398928999997,8.6796150623,22.692375912,0.11471730438534392,0.09991896741393608,0.17204756164561114,6.263206844211889,3.7679944227264004,2.9968402700026413,28.61687627
Field_63,2023-06-15,dataset1_field_satellite,1127,ok,15.78008666,77.84256385,0.178996069,0.277807672,-0.277807672,0.268450224,35.05023236,42.67373903,5.179922018,Cashew Nut,2023,6,166,1.2246467991473532e-16,-1.0,0.2802306751992159,-0.9599326896597447,12,0.27726624045454545,0.37873002018181817,0.41583077963636367,28.89307529272727,8.362658502636364,24.115375462727272,0.11310089436749829,0.09898464323291947,0.16962355633297463,6.199830566173336,3.726000515375625,5.5097324235019585,28.64817434
Field_63,2023-07-30,dataset1_field_satellite,1128,ok,15.78008666,77.84256385,0.275752164,0.389908884,-0.389908884,0.413538986,28.33769672,40.15897324,12.98273226,Cashew Nut,2023,7,211,-0.4999999999999997,-0.8660254037844388,-0.47115950767386394,-0.8820480249558535,13,0.2690770595,0.37031982449999995,0.4035490666666666,29.406171715,8.097430462250001,25.66190576,0.11150637872031861,0.09877253005362555,0.16723213347388527,6.172743300415358,3.669486699000326,7.5032314284420965,43.03485767
Field_63,2023-08-14,dataset1_field_satellite,1129,ok,15.78008666,77.84256385,0.047727804,0.030250414,-0.030250414,0.071586177,49.03221419,36.68545659,10.07666995,Cashew Nut,2023,8,226,-0.8660254037844384,-0.5000000000000004,-0.680773409477016,-0.732494071613579,14,0.2695905290769231,0.37182667523076923,0.40431752200000004,29.32398133076923,8.473222908230769,26.777064796923074,0.10677528077131303,0.09472343650887473,0.16013654923481097,5.91737680357331,3.765487718728169,8.232464850956655,31.04769368
Field_63,2023-08-29,dataset1_field_satellite,1130,ok,15.78008666,77.84256385,0.257233164,0.335264172,-0.335264172,0.385778036,31.31722674,43.30414646,12.4916463,Cashew Nut,2023,8,241,-0.8660254037844384,-0.5000000000000004,-0.8452490573530633,-0.5343725582809785,15,0.2537431915714286,0.3474283708571429,0.3805509973571429,30.731712249285714,8.587754839785715,27.48480706785714,0.11849007173595352,0.1289039039024172,0.17770477960870337,7.7502095878062525,3.643056299820783,8.3410263640865,42.90966536
Field_63,2023-09-28,dataset1_field_satellite,1131,ok,15.78008666,77.84256385,0.387869505,0.427456014,-0.427456014,0.581712159,25.27533587,21.00244574,13.63469121,Cashew Nut,2023,9,271,-1.0,-1.8369701987210297e-16,-0.9988797155850335,-0.04732138832243232,16,0.25397585640000003,0.34661742426666664,0.3808994666,30.77074654866667,8.848014270466667,28.539429694,0.11418344582719377,0.12425461099663004,0.17124592873489777,7.4698188187289745,3.6523819391488406,9.015912266785534,47.14533863
Field_63,2023-10-13,dataset1_field_satellite,1132,ok,15.78008666,77.84256385,0.412407749,0.458312997,-0.458312997,0.618511825,23.44903747,22.27905149,6.841335437,Cashew Nut,2023,10,286,-0.8660254037844386,0.5000000000000001,-0.9778483415056568,0.20931464596304888,17,0.26234420943750003,0.351669836125,0.393450259875,30.42728338125,9.1471815791875,28.068368196875,0.11527852359338527,0.12173067668576905,0.17288873731497878,7.346140809768436,3.7259340884994456,8.911674665706439,34.82432846
Field_63,2023-10-28,dataset1_field_satellite,1133,ok,15.78008666,77.84256385,0.419439436,0.461169112,-0.461169112,0.629059902,23.23137801,30.60202218,6.897782099,Cashew Nut,2023,10,301,-0.8660254037844386,0.5000000000000001,-0.8919813464595487,0.45207220393230374,18,0.27117147647058826,0.3579429632352942,0.40668917547058825,30.01679832764706,9.011543570823529,27.72782015529412,0.1174019497810933,0.12066978245231572,0.17607364747945847,7.311456003702008,3.6507100211016645,8.742188755100157,35.05384771
Field_63,2023-12-12,dataset1_field_satellite,1134,ok,15.78008666,77.84256385,0.458593923,0.502063292,-0.502063292,0.687759127,20.74326258,21.90495184,7.1508513,Cashew Nut,2023,12,346,-2.4492935982947064e-16,1.0,-0.32126966169236515,0.9469877530760751,19,0.2794085853333333,0.3636777492777778,0.4190431047222222,29.63983053222222,8.894112377944445,27.887498045555553,0.11913748200094962,0.119568538126506,0.17867691137284467,7.271225587502974,3.5765799023107285,8.508182630441631,35.9301939
Field_63,2023-12-27,dataset1_field_satellite,1135,ok,15.78008666,77.84256385,0.339843058,0.442884743,-0.442884743,0.509682423,24.97796557,26.52816465,6.228889154,Cashew Nut,2023,12,361,-2.4492935982947064e-16,1.0,-0.06880242680232064,0.9976303053065857,20,0.28883939257894736,0.37096119889473683,0.43318605326315796,29.171590113684214,8.802361794894736,27.572627192631582,0.12286195875224602,0.12045871458983973,0.1842613362915655,7.355215288340545,3.498743572301571,8.38160369206585,32.26831874
Field_64,2023-01-01,dataset1_field_satellite,1136,ok,16.44830917,80.23826423,0.579223632,0.562119124,-0.562119124,0.868716962,16.44457331,20.15941396,15.45979995,Tobacco,2023,1,1,0.49999999999999994,0.8660254037844387,0.017213356155834685,0.9998518392091162,1,,,,,,,,,,,,,53.43625237
Field_64,2023-01-04,dataset1_field_satellite,1142,ok,16.44830917,80.23826423,0.481334439,0.494326953,-0.494326953,0.721911666,20.90606785,23.51098595,2.430969578,Tobacco,2023,1,4,0.49999999999999994,0.8660254037844387,0.06880242680231986,0.9976303053065857,2,0.579223632,0.562119124,0.868716962,16.44457331,15.45979995,20.15941396,,,,,,,36.92129971
Field_64,2023-01-05,dataset1_field_satellite,1144,ok,16.44830917,80.23826423,0.432708298,0.447945837,-0.447945837,0.648977278,23.77110298,23.8331935,13.81626131,Tobacco,2023,1,5,0.49999999999999994,0.8660254037844387,0.08596479873744647,0.9962981749346078,3,0.5302790355,0.5282230385,0.7953143140000001,18.675320579999998,8.945384764,21.835199955,0.06921811217517873,0.047936303825457965,0.1038070203156984,3.154753043460758,9.212774306970449,2.3699192817638903,48.64764638
Field_64,2023-01-16,dataset1_field_satellite,1137,ok,16.44830917,80.23826423,0.60022311,0.585908615,-0.585908615,0.900195309,15.01531287,18.22409473,8.219574768,Tobacco,2023,1,16,0.49999999999999994,0.8660254037844387,0.2719581575341055,0.9623090774541486,4,0.49775545633333335,0.5014639713333333,0.746535302,20.37391471333333,10.569010279333334,22.50119780333333,0.0746252178018873,0.05742027202229052,0.1119201714102527,3.692140229188988,7.095497491910748,2.034433115880693,40.08240562
Field_64,2023-01-31,dataset1_field_satellite,1138,ok,16.44830917,80.23826423,0.554071506,0.545320121,-0.545320121,0.830996341,17.5592793,18.9149309,7.902532683,Tobacco,2023,1,31,0.49999999999999994,0.8660254037844387,0.5086709438521044,0.8609610158889943,5,0.52337236975,0.5225751322500001,0.7849503037500001,19.034264252499998,9.9816514015,21.431922035,0.07960854497670079,0.0630934456744397,0.11938843865080447,4.0331856404304425,5.911346567741821,2.7078924296041333,38.93480942
Field_64,2023-02-03,dataset1_field_satellite,1140,ok,16.44830917,80.23826423,0.508624195,0.538672154,-0.538672154,0.762837596,18.36290122,20.91056841,14.43717459,Tobacco,2023,2,34,0.8660254037844386,0.5000000000000001,0.5524353131676196,0.8335557718385699,6,0.5295121970000001,0.52712413,0.7941595112,18.739267262,9.5658276578,20.928523808,0.070296712001912,0.055579259332530065,0.10542412898332787,3.5545823847044287,5.203129886144317,2.6012612195748908,50.5046657
Field_64,2023-02-15,dataset1_field_satellite,1139,ok,16.44830917,80.23826423,0.569298553,0.567213625,-0.567213625,0.853823714,16.28578939,19.10122592,7.987202676,Tobacco,2023,2,46,0.8660254037844386,0.5000000000000001,0.7116566222817746,0.7025274741691571,7,0.5260308633333334,0.5290488006666667,0.788939192,18.676539588333334,10.377718813166666,20.925531241666665,0.06345092811942002,0.04993465126956297,0.09515728018819167,3.183025810448701,5.060933903801379,2.3266503129372396,39.18519404
Field_64,2023-03-17,dataset1_field_satellite,1141,ok,16.44830917,80.23826423,0.563181205,0.553993709,-0.553993709,0.844636851,17.02333179,20.4345166,8.016366784,Tobacco,2023,3,76,1.0,6.123233995736766e-17,0.9657399376548549,0.2595117970697999,8,0.5322119618571428,0.5345009184285715,0.7982084094285715,18.335003845714287,10.036216507857144,20.664916195714284,0.06018686527867844,0.047811821562647704,0.09026176037602304,3.0429543324522497,4.707502177793151,2.2330531000134757,49.58658873
Field_64,2023-04-16,dataset1_field_satellite,1143,ok,16.44830917,80.23826423,0.381979581,0.411689042,-0.411689042,0.572899059,26.14061944,23.48170801,6.679521672,Tobacco,2023,4,106,0.8660254037844387,-0.4999999999999998,0.9679377830240642,-0.25119006388481935,9,0.53608311725,0.53693751725,0.804011964625,18.17104483875,9.783735292375,20.63611624625,0.056787775068581896,0.04479842864042644,0.08516308932234436,2.8551419667070728,4.416418706165157,2.069009609929726,34.38615537
Field_64,2023-05-16,dataset1_field_satellite,1145,ok,16.44830917,80.23826423,0.408588193,0.435183691,-0.435183691,0.612791929,24.66912954,39.13974081,6.862032546,Tobacco,2023,5,136,0.49999999999999994,-0.8660254037844387,0.717676913675962,-0.6963762255968722,10,0.5189605021111111,0.5230210200000001,0.7783327528888889,19.056553127777775,9.43882266788889,20.952293108888888,0.07389452290485021,0.05915282638178227,0.11081947053001177,3.766959060466089,4.258795883981046,2.1553215413128965,35.04341501
Field_64,2023-05-31,dataset1_field_satellite,1146,ok,16.44830917,80.23826423,0.307675696,0.369980181,-0.369980181,0.461441223,29.0293124,29.44480219,6.113173497,Tobacco,2023,5,151,0.49999999999999994,-0.8660254037844387,0.5160623910158528,-0.8565509959010036,11,0.5079232711999999,0.5142372871,0.7617786705,19.617810769,9.181143655700001,22.771037878999998,0.07792235885043969,0.06230419254743888,0.11686223053229443,3.970317047101604,4.09708028357253,6.099801600272348,32.16399181
Field_64,2023-06-15,dataset1_field_satellite,1147,ok,16.44830917,80.23826423,0.229033689,0.327294872,-0.327294872,0.343489995,32.01217174,39.648358,5.511075768,Tobacco,2023,6,166,1.2246467991473532e-16,-1.0,0.2802306751992159,-0.9599326896597447,12,0.48971894618181816,0.5011230047272727,0.7344752661818181,20.473401826363638,8.902237277636363,23.377743725454547,0.09544672100695042,0.07338569064713762,0.14314795700067826,4.7158745043631,3.9953894190685877,6.126649445803145,29.79577055
Field_64,2023-06-30,dataset1_field_satellite,1148,ok,16.44830917,80.23826423,0.217516749,0.306489306,-0.306489306,0.326213701,33.19221591,43.6140456,12.36464132,Tobacco,2023,6,181,1.2246467991473532e-16,-1.0,0.02581844022713308,-0.9996666485105112,13,0.46799517475,0.486637327,0.70189316025,21.434965985833333,8.619640485166666,24.733628248333332,0.11808875778955208,0.08610395267793425,0.17710904055062024,5.595799292452565,3.933226886171449,7.495635997735648,41.75163646
Field_64,2023-07-30,dataset1_field_satellite,1149,ok,16.44830917,80.23826423,0.279356448,0.330798178,-0.330798178,0.418963891,31.31933762,44.9791969,13.3439909,Tobacco,2023,7,211,-0.4999999999999997,-0.8660254037844388,-0.47115950767386394,-0.8820480249558535,14,0.44872760353846153,0.47277978692307693,0.6729947403076924,22.339369826153845,8.907717472461538,26.185968044615382,0.13269885478662471,0.0963974837084428,0.19902308241709898,6.271910200328603,3.90639639794048,8.88387831504786,44.30764619
Field_64,2023-08-14,dataset1_field_satellite,1150,ok,16.44830917,80.23826423,0.279356448,0.330798178,-0.330798178,0.418963891,31.31933762,44.43059715,12.88959527,Tobacco,2023,8,226,-0.8660254037844384,-0.5000000000000004,-0.680773409477016,-0.732494071613579,15,0.43662966385714286,0.46263824342857146,0.6548496796428571,22.98079609714286,9.224594145857143,27.528341534285715,0.13529039395234657,0.10008787023791653,0.20291046059515633,6.486210966081682,3.935967911180957,9.903524802230057,44.04682887
Field_64,2023-08-29,dataset1_field_satellite,1151,ok,16.44830917,80.23826423,0.293453441,0.338533781,-0.338533781,0.440103369,30.78035311,44.62394529,13.19252569,Tobacco,2023,8,241,-0.8660254037844384,-0.5000000000000004,-0.8452490573530633,-0.5343725582809785,16,0.4261447828,0.45384890573333336,0.6391239604,23.53669886533333,9.468927554133334,28.655158575333335,0.13654702290772158,0.10227818472511352,0.20479556824939313,6.610694698030299,3.9090619553980956,10.493800689822375,44.64149236
Field_64,2023-09-28,dataset1_field_satellite,1152,ok,16.44830917,80.23826423,0.499956126,0.482780039,-0.482780039,0.749836151,21.30552277,28.08424855,5.884564515,Tobacco,2023,9,271,-1.0,-1.8369701987210297e-16,-0.9988797155850335,-0.04732138832243232,17,0.4178515739375,0.4466417104375,0.6266851734375,23.989427255625,9.701652437625,29.653207745,0.13602397035972677,0.1029297684044967,0.20401156305593993,6.6383185640049085,3.8895528820252276,10.895694732830302,48.26163675
Field_64,2023-10-13,dataset1_field_satellite,1153,ok,16.44830917,80.23826423,0.500204282,0.492601651,-0.492601651,0.750208773,20.80145395,23.96087163,7.545037156,Tobacco,2023,10,286,-0.8660254037844386,0.5000000000000001,-0.9778483415056568,0.20931464596304888,18,0.4226812534705882,0.4487674944705882,0.6339293485882352,23.831550521176467,9.477117853941177,29.560916027647057,0.13320154524278977,0.10004599406850971,0.19977875323890623,6.460402065517955,3.8781633563173283,10.556571669706509,37.68288628
Field_64,2023-10-28,dataset1_field_satellite,1154,ok,16.44830917,80.23826423,0.452772517,0.433917361,-0.433917361,0.679073391,24.28254495,25.79075266,13.98748285,Tobacco,2023,10,301,-0.8660254037844386,0.5000000000000001,-0.8919813464595487,0.45207220393230374,19,0.4269880883888889,0.45120272538888895,0.6403893166111111,23.663211822777775,9.369780037388889,29.249802449999997,0.130509942724052,0.0976072266646781,0.19574210931571062,6.30807195438194,3.7898313387301275,10.326087847806486,49.74307912
Field_64,2023-12-11,dataset1_field_satellite,1155,ok,16.44830917,80.23826423,0.605429255,0.604706363,-0.604706363,0.908000859,14.002248,21.51916557,15.47485239,Tobacco,2023,12,345,-2.4492935982947064e-16,1.0,-0.33752289959411347,0.941317317512847,20,0.42834516357894736,0.45029296936842106,0.6424253205263157,23.695808303157897,9.612817027526315,29.06774719789474,0.12697073435718348,0.0949400279151778,0.19043404279487347,6.131990368055078,3.832383023256673,10.066481293432899,53.78053123
Field_64,2023-12-12,dataset1_field_satellite,1156,ok,16.44830917,80.23826423,0.572267714,0.536340242,-0.536340242,0.858266482,17.83199559,22.71537933,15.0063451,Tobacco,2023,12,346,-2.4492935982947064e-16,1.0,-0.32126966169236515,0.9469877530760751,21,0.43719936815000005,0.45801363905,0.65570409745,23.211130288,9.905918795649999,28.6903181165,0.12977288857245609,0.09864777361261931,0.19463543412146916,6.349846088122199,3.9537734083462643,9.942320103376172,53.31106005
Field_64,2023-12-27,dataset1_field_satellite,1157,ok,16.44830917,80.23826423,0.52552851,0.48491909,-0.48491909,0.788172301,20.93512597,23.89007386,14.39295804,Tobacco,2023,12,361,-2.4492935982947064e-16,1.0,-0.06880242680232064,0.9976303053065857,22,0.4436311941428571,0.46174347728571424,0.6653499252857143,22.954981016666665,10.148796238714286,28.40579722190476,0.12987566583339388,0.09765735832668618,0.19478882537823153,6.299395170093341,4.011170210257487,9.777895352006219,51.97567538
Field_65,2023-01-01,dataset1_field_satellite,1158,ok,22.22783172,73.09804921,0.514965254,0.537443141,-0.537443141,0.772326652,18.36089958,8.005617797,7.57231971,Tobacco,2023,1,1,0.49999999999999994,0.8660254037844387,0.017213356155834685,0.9998518392091162,1,,,,,,,,,,,,,37.54726128
Field_65,2023-01-04,dataset1_field_satellite,1164,ok,22.22783172,73.09804921,0.436624647,0.477850181,-0.477850181,0.654847198,22.20405932,11.01612175,7.0116162,Tobacco,2023,1,4,0.49999999999999994,0.8660254037844387,0.06880242680231986,0.9976303053065857,2,0.514965254,0.537443141,0.772326652,18.36089958,7.57231971,8.005617797,,,,,,,35.46072272
Field_65,2023-01-05,dataset1_field_satellite,1166,ok,22.22783172,73.09804921,0.365312651,0.426441585,-0.426441585,0.547902329,25.55750734,7.964157183,13.82472831,Tobacco,2023,1,5,0.49999999999999994,0.8660254037844387,0.08596479873744647,0.9962981749346078,3,0.4757949505,0.507646661,0.713586925,20.28247945,7.2919679550000005,9.5108697735,0.055395174451970335,0.0421385861269787,0.08307051857349303,2.717524313337127,0.3964772541560999,2.128747759955208,46.39418475
Field_65,2023-01-16,dataset1_field_satellite,1159,ok,22.22783172,73.09804921,0.491064448,0.521792081,-0.521792081,0.736484179,19.40420702,12.73214556,7.395453502,Tobacco,2023,1,16,0.49999999999999994,0.8660254037844387,0.2719581575341055,0.9623090774541486,4,0.43896751733333333,0.4805783023333334,0.6583587263333334,22.040822079999998,9.46955474,8.99529891,0.07485380536230615,0.055551042682494486,0.11225336214086833,3.601079783928032,3.782095943409089,1.7502066902590572,36.86913625
Field_65,2023-01-31,dataset1_field_satellite,1160,ok,22.22783172,73.09804921,0.481349288,0.515748339,-0.515748339,0.721910055,19.81204659,7.813721293,14.78338078,Tobacco,2023,1,31,0.49999999999999994,0.8660254037844387,0.5086709438521044,0.8609610158889943,5,0.45199175,0.490881747,0.6778900895,21.381668315,8.9510294305,9.9295105725,0.06643731881280186,0.04981889986144278,0.09963152845968076,3.2222846683367603,3.2575512996425102,2.3522658637625193,50.00389644
Field_65,2023-02-03,dataset1_field_satellite,1162,ok,22.22783172,73.09804921,0.418207027,0.492305885,-0.492305885,0.62721555,21.65398471,7.822181923,6.813112106,Tobacco,2023,2,34,0.8660254037844386,0.5000000000000001,0.5524353131676196,0.8335557718385699,6,0.4578632576,0.49585506539999996,0.6866940826000001,21.067743970000002,10.1174997004,9.5063527166,0.059015345510805034,0.04455459086437939,0.0885007489795051,2.877513046845662,3.8421341472097055,2.2461475631436705,34.52178037
Field_65,2023-02-15,dataset1_field_satellite,1161,ok,22.22783172,73.09804921,0.452200779,0.502372714,-0.502372714,0.678195863,20.79275452,6.049874804,7.09346386,Tobacco,2023,2,46,0.8660254037844386,0.5000000000000001,0.7116566222817746,0.7025274741691571,7,0.4512538858333333,0.4952635353333333,0.6767809938333333,21.165450760000002,9.566768434666667,9.225657584333334,0.05521187893477109,0.03987717016780924,0.08279807986494359,2.5848297368852418,3.6918051690821003,2.1234127351982726,35.67980927
Field_65,2023-03-17,dataset1_field_satellite,1163,ok,22.22783172,73.09804921,0.4712503,0.508690875,-0.508690875,0.706769793,20.27557123,24.52826923,13.98466051,Tobacco,2023,3,76,1.0,6.123233995736766e-17,0.9657399376548549,0.2595117970697999,8,0.4513891562857143,0.4962791322857143,0.676983118,21.11220844,9.213439209714284,8.77197433,0.050402589876482155,0.036501743940276034,0.0755858518751089,2.363816938705576,3.4973912125786812,2.27995632344991,49.28404064
Field_65,2023-04-16,dataset1_field_satellite,1165,ok,22.22783172,73.09804921,0.421731517,0.476258691,-0.476258691,0.632517012,22.43742941,16.41452065,6.882729655,Tobacco,2023,4,106,0.8660254037844387,-0.4999999999999998,0.9679377830240642,-0.25119006388481935,9,0.45387179925,0.49783060012499997,0.6807064523749999,21.00762878875,9.80984187225,10.741511192499999,0.047189107851094717,0.03407776569143789,0.07076688721098569,2.208368813393413,3.6510165976106292,5.9571976918062335,34.90779001
Field_65,2023-05-16,dataset1_field_satellite,1167,ok,22.22783172,73.09804921,0.312601533,0.391167276,-0.391167276,0.468845318,27.89709977,26.79573203,13.38914823,Tobacco,2023,5,136,0.49999999999999994,-0.8660254037844387,0.717676913675962,-0.6963762255968722,10,0.4503006567777778,0.49543372133333335,0.6753520701111111,21.166495524444443,9.484607181444444,11.371845576666667,0.04542287902942362,0.03267778452837565,0.06811742045682187,2.1200068328579573,3.5518559033912434,5.884562151903807,44.66235775
Field_65,2023-05-31,dataset1_field_satellite,1168,ok,22.22783172,73.09804921,0.310681303,0.401161927,-0.401161927,0.465963509,27.40634027,15.93956641,6.067075389,Tobacco,2023,5,151,0.49999999999999994,-0.8660254037844387,0.5160623910158528,-0.8565509959010036,11,0.4365307444,0.4850070768,0.6547013949,21.839555949,9.8750612863,12.914234222,0.06107449670945967,0.04512580349997802,0.09159111951024723,2.9197861780574272,3.569101031967318,7.387160180187554,31.79884756
Field_65,2023-06-15,dataset1_field_satellite,1169,ok,22.22783172,73.09804921,0.281075358,0.351190347,-0.351190347,0.421562882,30.26046932,27.95099915,12.73154462,Tobacco,2023,6,166,1.2246467991473532e-16,-1.0,0.2802306751992159,-0.9599326896597447,12,0.4250898860909091,0.4773847904545454,0.6375434052727272,22.34562725090909,9.528880750181818,13.18926442090909,0.06925973116333947,0.04971716069748852,0.10386723518209164,3.2388000836410478,3.5753160081605304,7.0671903673528895,43.7129827
Field_65,2023-09-28,dataset1_field_satellite,1170,ok,22.22783172,73.09804921,0.563947044,0.532899082,-0.532899082,0.845811522,18.09269422,15.08163594,15.42310962,Tobacco,2023,9,271,-1.0,-1.8369701987210297e-16,-0.9988797155850335,-0.04732138832243232,13,0.41308867541666666,0.4668685868333333,0.6195450283333334,23.005197423333332,9.795769406,14.419408981666669,0.0780331743075616,0.05978439426485196,0.11702537137788475,3.841431918727026,3.532075706872596,7.9726894139919136,53.27976197
Field_65,2023-10-13,dataset1_field_satellite,1171,ok,22.22783172,73.09804921,0.516748937,0.488213346,-0.488213346,0.775021678,20.85657151,25.26427518,7.704028588,Tobacco,2023,10,286,-0.8660254037844386,0.5000000000000001,-0.9778483415056568,0.20931464596304888,14,0.4246931653076923,0.4719478556923077,0.6369501432307693,22.62731256153846,10.228641730153846,14.470349516923077,0.08562931360233293,0.06009752589741139,0.1284207423679257,3.922147776591552,3.7244930844874493,7.635478329048278,38.39230939
Field_65,2023-10-28,dataset1_field_satellite,1172,ok,22.22783172,73.09804921,0.557941959,0.56050891,-0.56050891,0.836793552,16.7441449,24.9899168,7.901591905,Tobacco,2023,10,301,-0.8660254037844386,0.5000000000000001,-0.8919813464595487,0.45207220393230374,15,0.4312685775714286,0.47310967642857144,0.6468123957142857,22.50083105785714,10.04831222,15.241344207142857,0.08586998787425143,0.057903248227542364,0.12878267239536653,3.7978787202437037,3.641434566243421,7.882761735914454,38.85134787
Field_65,2023-11-27,dataset1_field_satellite,1174,ok,22.22783172,73.09804921,0.580865847,0.527425046,-0.527425046,0.871097037,18.19943282,22.4605039,14.86899155,Tobacco,2023,11,331,-0.5000000000000004,0.8660254037844384,-0.5524353131676203,0.8335557718385695,16,0.4397134696666667,0.478936292,0.6594778061333333,22.117051980666666,9.905197532333334,15.891249046666667,0.08897588563877384,0.06018756653313039,0.13344109124259748,3.950050776134456,3.552481778443931,8.002196781863,53.70750238
Field_65,2023-12-11,dataset1_field_satellite,1173,ok,22.22783172,73.09804921,0.5908836,0.604186021,-0.604186021,0.886204451,14.1773719,11.88861268,8.093510556,Tobacco,2023,12,345,-2.4492935982947064e-16,1.0,-0.33752289959411347,0.941317317512847,17,0.44853549325,0.481966839125,0.6727040080625,21.872200783125,10.2154346584375,16.301827475,0.09292027377561612,0.059396866428548765,0.1393497106422723,3.9397895207873486,3.6494846473228297,7.903375066785333,39.43557867
Field_65,2023-12-12,dataset1_field_satellite,1175,ok,22.22783172,73.09804921,0.599222962,0.559146777,-0.559146777,0.89871486,16.39210369,5.484115303,8.274139874,Tobacco,2023,12,346,-2.4492935982947064e-16,1.0,-0.32126966169236515,0.9469877530760751,18,0.45690891129411765,0.48915620276470584,0.6852628576470589,21.41956379,10.090615593588234,16.04222660470588,0.0963663914662857,0.06470059234606673,0.1445199482395716,4.246738081706747,3.5708785524366533,7.726904506816956,40.45798256
Field_65,2023-12-27,dataset1_field_satellite,1176,ok,22.22783172,73.09804921,0.596173621,0.572616736,-0.572616736,0.894132997,15.73541126,13.86700042,8.214870879,Tobacco,2023,12,361,-2.4492935982947064e-16,1.0,-0.06880242680232064,0.9976303053065857,19,0.46481524744444447,0.49304456799999996,0.6971213022222222,21.14026045111111,9.989700275833334,15.455664865722222,0.09932472258211976,0.0649004658575875,0.14895850104995,4.286968749587139,3.4906181147845157,7.898479311022987,40.13456908
Field_66,2023-01-04,dataset1_field_satellite,1182,ok,26.68786153,81.07612468,0.254965181,0.330518743,-0.330518743,0.38239964,31.58271173,10.53565402,5.734980861,Tobacco,2023,1,4,0.49999999999999994,0.8660254037844387,0.06880242680231986,0.9976303053065857,1,,,,,,,,,,,,,30.75557828
Field_66,2023-01-05,dataset1_field_satellite,1184,ok,26.68786153,81.07612468,0.227938894,0.315416272,-0.315416272,0.34187331,32.62992594,6.85409619,12.80022139,Tobacco,2023,1,5,0.49999999999999994,0.8660254037844387,0.08596479873744647,0.9962981749346078,2,0.254965181,0.330518743,0.38239964,31.58271173,5.734980861,10.53565402,,,,,,,42.26283841
Field_66,2023-01-16,dataset1_field_satellite,1177,ok,26.68786153,81.07612468,0.414824465,0.411639491,-0.411639491,0.622158182,25.80770905,12.33872614,14.04487029,Tobacco,2023,1,16,0.49999999999999994,0.8660254037844387,0.2719581575341055,0.9623090774541486,3,0.2414520375,0.32296750750000003,0.362136475,32.106318834999996,9.2676011255,8.694875105000001,0.019110470807993822,0.010679059656773203,0.028656442759603835,0.7404922692459156,4.995879488769931,2.603254506923432,48.65807908
Field_66,2023-01-31,dataset1_field_satellite,1178,ok,26.68786153,81.07612468,0.480591475,0.475615093,-0.475615093,0.720794487,21.86916502,5.310387776,7.410505945,Tobacco,2023,1,31,0.49999999999999994,0.8660254037844387,0.5086709438521044,0.8609610158889943,4,0.2992428466666666,0.3525248353333333,0.44881037733333334,30.006782239999996,10.860024180333333,9.909492116666668,0.10100464305993978,0.05174870088724822,0.1514849559952467,3.6740068238421992,4.4818343889361,2.7954159742333107,37.19254972
Field_66,2023-02-03,dataset1_field_satellite,1180,ok,26.68786153,81.07612468,0.429182774,0.469015025,-0.469015025,0.643689639,22.7312239,8.410311819,6.966458871,Tobacco,2023,2,34,0.8660254037844386,0.5000000000000001,0.5524353131676196,0.8335557718385699,5,0.34458000375,0.38329739975,0.5168064047500001,27.972377935,9.997644621500001,8.7597160315,0.12256885083918859,0.0746531194623296,0.18382682132842737,5.055105102689374,4.0454938314798,3.239985673335186,35.30423233
Field_66,2023-02-15,dataset1_field_satellite,1179,ok,26.68786153,81.07612468,0.47817218,0.49208009,-0.49208009,0.717168789,21.05309826,8.650700751,7.349355395,Tobacco,2023,2,46,0.8660254037844386,0.5000000000000001,0.7116566222817746,0.7025274741691571,6,0.3615005578,0.4004409248,0.5421830516,26.924147127999998,9.3914074714,8.689835189,0.11268925478422645,0.07516194808407062,0.16900916012611045,4.965833749044209,3.756611859936116,2.810257467440571,36.83783817
Field_66,2023-03-17,dataset1_field_satellite,1181,ok,26.68786153,81.07612468,0.31121014,0.382764923,-0.382764923,0.466748618,28.34037075,23.35223356,13.57824455,Tobacco,2023,3,76,1.0,6.123233995736766e-17,0.9657399376548549,0.2595117970697999,7,0.38094582816666667,0.415714119,0.5713473411666666,25.945638983333335,9.051065458666667,8.683312782666667,0.11148006885921823,0.07693554132037744,0.16719632675629237,5.047026153448304,3.4618928704912877,2.513621466599666,44.85014622
Field_66,2023-04-16,dataset1_field_satellite,1183,ok,26.68786153,81.07612468,0.236540029,0.321866446,-0.321866446,0.354772726,32.21270961,24.15817317,5.590101095,Tobacco,2023,4,106,0.8660254037844387,-0.4999999999999998,0.9679377830240642,-0.25119006388481935,8,0.370983587,0.411007091,0.5564046664285714,26.287743521428574,9.697805328857143,10.778872893714285,0.1051248236026415,0.07132781636009247,0.15766576810549895,4.695349766832088,3.5937666994612534,6.000404096188542,30.17134749
Field_66,2023-05-16,dataset1_field_satellite,1185,ok,26.68786153,81.07612468,0.272109159,0.343368245,-0.343368245,0.408124089,30.75147069,20.32919834,5.85822274,Tobacco,2023,5,136,0.49999999999999994,-0.8660254037844387,0.717676913675962,-0.6963762255968722,9,0.35417814225,0.399864510375,0.531200673875,27.0283642825,9.184342299625,12.45128542825,0.10831373592265327,0.07317175693173023,0.1624475634384607,4.825452263840474,3.6303292718563953,7.296369569890603,31.21461677
Field_66,2023-05-31,dataset1_field_satellite,1186,ok,26.68786153,81.07612468,0.259503093,0.313882832,-0.313882832,0.389217497,32.38586894,20.80252992,5.814946966,Tobacco,2023,5,151,0.49999999999999994,-0.8660254037844387,0.5160623910158528,-0.8565509959010036,10,0.34505936633333334,0.39358714755555557,0.5175254977777778,27.442042772222223,8.814773459666666,13.32660908511111,0.10494641910897867,0.07098936763078803,0.15739648496810996,4.681296283350103,3.5722695085265537,7.312872645289179,31.18331869
Field_66,2023-06-15,dataset1_field_satellite,1187,ok,26.68786153,81.07612468,0.217498574,0.284939449,-0.284939449,0.326216839,34.29283144,33.98877024,12.98837693,Tobacco,2023,6,166,1.2246467991473532e-16,-1.0,0.2802306751992159,-0.9599326896597447,11,0.33650373899999997,0.385616716,0.5046946977,27.936425389,8.514790810300001,14.074201168600002,0.10257674383731671,0.07151800290782657,0.15384186563545008,4.682278108873735,3.499014760142923,7.288692183454246,42.44019419
Field_66,2023-08-29,dataset1_field_satellite,1188,ok,26.68786153,81.07612468,0.018660367,-0.022104574,0.022104574,0.02798838,52.00255078,26.12499424,11.34389751,Tobacco,2023,8,241,-0.8660254037844384,-0.5000000000000004,-0.8452490573530633,-0.5343725582809785,12,0.3256850876363636,0.3764642371818182,0.4884694378181818,28.514280484545452,8.921480457545455,15.884616538727274,0.10371723544930642,0.07432892317006506,0.1555520404897802,4.837813254548039,3.5830371228151114,9.157847580461038,43.08702114
Field_66,2023-09-28,dataset1_field_satellite,1189,ok,26.68786153,81.07612468,0.553321622,0.533390691,-0.533390691,0.829875048,18.1761066,21.70190211,7.92417057,Tobacco,2023,9,271,-1.0,-1.8369701987210297e-16,-0.9988797155850335,-0.04732138832243232,13,0.30009969425,0.3432501695833334,0.45009601633333335,30.471636342500002,9.12334854525,16.737981347166667,0.1327956324985146,0.13513188642139792,0.19916574730547873,8.20071121569294,3.4871275742850774,9.218500571128645,39.09129981
Field_66,2023-10-13,dataset1_field_satellite,1190,ok,26.68786153,81.07612468,0.470082964,0.487515346,-0.487515346,0.705037578,21.36880816,19.92040785,7.288204844,Tobacco,2023,10,286,-0.8660254037844386,0.5000000000000001,-0.9778483415056568,0.20931464596304888,14,0.31957830407692306,0.3578763635384616,0.479309788,29.52582636230769,9.031104085615384,17.119821405846153,0.1452499035228161,0.13971377877214247,0.21784441674354452,8.560174870593114,3.3551956749287193,8.932773767253643,36.59788624
Field_66,2023-10-28,dataset1_field_satellite,1191,ok,26.68786153,81.07612468,0.36209093,0.421699462,-0.421699462,0.543070219,25.83256391,25.33996229,13.54155422,Tobacco,2023,10,301,-0.8660254037844386,0.5000000000000001,-0.8919813464595487,0.45207220393230374,15,0.3303286369285714,0.36713629085714283,0.4954332015714286,28.943182205,8.906611282642858,17.319863294714285,0.14523299348323354,0.13863208030441734,0.21781922842675874,8.508382440220837,3.2570488714037378,8.614908437176574,46.18553089
Field_66,2023-11-27,dataset1_field_satellite,1193,ok,26.68786153,81.07612468,0.330116366,0.443256822,-0.443256822,0.495103672,25.05830311,16.80107351,13.33364235,Tobacco,2023,11,331,-0.5000000000000004,0.8660254037844384,-0.5524353131676203,0.8335557718385695,16,0.33244612313333327,0.3707738356,0.49860900273333336,28.735807652000002,9.215607478466666,17.854536561066666,0.14019009497134785,0.1343300204806686,0.21025593439489088,8.238127022901622,3.3589889194764058,8.555909700819468,44.49543466
Field_66,2023-12-11,dataset1_field_satellite,1192,ok,26.68786153,81.07612468,0.298189918,0.376039599,-0.376039599,0.44723047,28.81676907,5.974601298,12.81056995,Tobacco,2023,12,345,-2.4492935982947064e-16,1.0,-0.33752289959411347,0.941317317512847,17,0.3323005133125,0.37530402225,0.4983899195625,28.505963618125,9.4729846579375,17.788695120375,0.13543775119363607,0.13103413893405466,0.20312842090006994,8.011712688368078,3.4044834640933965,8.269988690822732,44.02596349
Field_66,2023-12-12,dataset1_field_satellite,1194,ok,26.68786153,81.07612468,0.329016868,0.364333422,-0.364333422,0.493458842,29.09970587,5.445147962,6.317322258,Tobacco,2023,12,346,-2.4492935982947064e-16,1.0,-0.32126966169236515,0.9469877530760751,18,0.33029400770588235,0.3753472914705882,0.49538054017647054,28.524246291764705,9.669313204529413,17.093748424941175,0.13139773978689487,0.12687338490059674,0.19706925523578053,7.757673703697536,3.394313509124078,8.504606625152897,33.08206877
Field_66,2023-12-27,dataset1_field_satellite,1195,ok,26.68786153,81.07612468,0.315822231,0.33748071,-0.33748071,0.473671667,30.60567786,5.542355939,13.22263058,Tobacco,2023,12,361,-2.4492935982947064e-16,1.0,-0.06880242680232064,0.9976303053065857,19,0.33022305550000003,0.37473540983333337,0.49527377916666665,28.55621626833333,9.483091485277777,16.44660395477778,0.1274748872171949,0.12311263586755936,0.19118579652948117,7.527271113153645,3.3864214754550344,8.695519153557367,45.53870394
Field_67,2023-01-01,dataset1_field_satellite,1196,ok,10.03287404,76.11174283,-0.313477202,-0.643862644,0.643862644,-0.469330519,87.14431446,17.39407921,6.701159559,Rubber,2023,1,1,0.49999999999999994,0.8660254037844387,0.017213356155834685,0.9998518392091162,1,,,,,,,,,,,,,46.94711746
Field_67,2023-01-04,dataset1_field_satellite,1202,ok,10.03287404,76.11174283,-0.00732166,-0.063340314,0.063340314,-0.010961207,54.37357905,15.41499623,6.701159559,Rubber,2023,1,4,0.49999999999999994,0.8660254037844387,0.06880242680231986,0.9976303053065857,2,-0.313477202,-0.643862644,-0.469330519,87.14431446,6.701159559,17.39407921,,,,,,,42.74274228
Field_67,2023-01-16,dataset1_field_satellite,1197,ok,10.03287404,76.11174283,-0.165444874,-0.4264379,0.4264379,-0.247859573,74.52982123,23.22550551,6.701159559,Rubber,2023,1,16,0.49999999999999994,0.8660254037844387,0.2719581575341055,0.9623090774541486,3,-0.160399431,-0.353601479,-0.24014586300000001,70.758946755,6.701159559,16.40453772,0.21648465984604287,0.41049127617321474,0.3241160488030123,23.172409232881115,0.0,1.3994229956888813,46.94711746
Field_67,2023-01-31,dataset1_field_satellite,1198,ok,10.03287404,76.11174283,-0.140344757,-0.351896971,0.351896971,-0.210312442,70.46709131,20.690673,6.701159559,Rubber,2023,1,31,0.49999999999999994,0.8660254037844387,0.5086709438521044,0.8609610158889943,4,-0.16208124533333335,-0.37788028600000007,-0.24271709966666666,72.01590491333333,6.701159559,18.67819365,0.15310548478968303,0.293291536385193,0.22922792220806426,16.529371018386005,0.0,4.060508123930295,46.94711746
Field_67,2023-02-03,dataset1_field_satellite,1200,ok,10.03287404,76.11174283,-0.115571339,-0.199027294,0.199027294,-0.17327546,62.40788964,17.62184237,6.701159559,Rubber,2023,2,34,0.8660254037844386,0.5000000000000001,0.5524353131676196,0.8335557718385699,5,-0.15664712325,-0.37138445725,-0.23461593525,71.6287015125,6.701159559,19.1813134875,0.1254816522300725,0.23982368532192275,0.18786380440674136,13.51837428848012,0.0,3.464727372614867,45.20485777
Field_67,2023-02-15,dataset1_field_satellite,1199,ok,10.03287404,76.11174283,-0.040341798,-0.184058961,0.184058961,-0.060478052,60.8752313,21.33142399,6.701159559,Rubber,2023,2,46,0.8660254037844386,0.5000000000000001,0.7116566222817746,0.7025274741691571,6,-0.1484319664,-0.3369130246,-0.2223478402,69.784539138,6.701159559,18.869419264,0.11021196756769272,0.22153543367993955,0.16499132563686478,12.412272429744187,0.0,3.0805262307231502,44.7353866
Field_67,2023-03-17,dataset1_field_satellite,1201,ok,10.03287404,76.11174283,0.019934091,-0.0215229,0.0215229,0.029895193,51.95983961,27.00106366,6.701159559,Rubber,2023,3,76,1.0,6.123233995736766e-17,0.9657399376548549,0.2595117970697999,7,-0.13041693833333332,-0.31143734733333334,-0.19536954216666666,68.29965449833334,6.701159559,19.279753385000003,0.10800272984314076,0.20774123205030642,0.16169317059474128,11.682504006199107,0.0,2.932909482353617,42.00202109
Field_67,2023-04-16,dataset1_field_satellite,1203,ok,10.03287404,76.11174283,0.052594827,0.038039203,-0.038039203,0.078882823,48.58477831,38.30422719,6.701159559,Rubber,2023,4,106,0.8660254037844387,-0.4999999999999998,0.9679377830240642,-0.25119006388481935,8,-0.10893821985714285,-0.2700209977142857,-0.1631888657142857,65.96539522857144,6.701159559,20.382797710000002,0.11379735853538736,0.2190225582488092,0.17040072204271867,12.323775703154755,0.0,3.9604603065977164,40.96918451
Field_67,2023-10-13,dataset1_field_satellite,1204,ok,10.03287404,76.11174283,-0.524735836,-0.693769452,0.693769452,-0.785914668,91.85033209,35.31503213,6.701159559,Rubber,2023,10,286,-0.8660254037844386,0.5000000000000001,-0.9778483415056568,0.20931464596304888,9,-0.088746589,-0.231513472625,-0.13292990462499998,63.79281811375,6.701159559,22.622976395000002,0.11983938205029258,0.23017500717225342,0.17948032168435704,12.959154510567702,0.0,7.320635270263708,46.94711746
Field_67,2023-11-27,dataset1_field_satellite,1206,ok,10.03287404,76.11174283,-0.210132641,-0.605033275,0.605033275,-0.313884347,84.1060722,28.24436788,6.701159559,Rubber,2023,11,331,-0.5000000000000004,0.8660254037844384,-0.5524353131676203,0.8335557718385695,10,-0.13718983866666667,-0.28287524811111114,-0.20548376722222222,66.91031966666667,6.701159559,24.03320481,0.18354026465145049,0.26476452748749163,0.27488743957831113,15.310668447756017,0.0,8.049312753736253,46.94711746
Field_67,2023-12-11,dataset1_field_satellite,1205,ok,10.03287404,76.11174283,-0.23492494,-0.457596238,0.457596238,-0.352076575,76.83049334,15.00075916,6.701159559,Rubber,2023,12,345,-2.4492935982947064e-16,1.0,-0.33752289959411347,0.941317317512847,11,-0.14448411889999999,-0.3150910508,-0.21632382520000001,68.62989492,6.701159559,24.454321117,0.17457402669151612,0.26961067712649117,0.2614235500379285,15.42529330247265,0.0,7.704919001821047,46.94711746
Field_67,2023-12-27,dataset1_field_satellite,1207,ok,10.03287404,76.11174283,-0.150091606,-0.38900263,0.38900263,-0.224793478,72.46141175,15.78883775,6.701159559,Rubber,2023,12,361,-2.4492935982947064e-16,1.0,-0.06880242680232064,0.9976303053065857,12,-0.15270601172727272,-0.32804606781818185,-0.22866498427272727,69.37540386727272,6.701159559,23.59490639363636,0.16784539449760277,0.25935898408171587,0.25136306718138196,14.841136264305284,0.0,7.845618489082737,46.94711746
Field_68,2023-01-01,dataset1_field_satellite,1208,ok,9.863943676,76.36752925,-0.196475777,-0.379945449,0.379945449,-0.29450268,72.47262819,22.01744143,3.3708065,Rubber,2023,1,1,0.49999999999999994,0.8660254037844387,0.017213356155834685,0.9998518392091162,1,,,,,,,,,,,,,36.51442469
Field_68,2023-01-04,dataset1_field_satellite,1214,ok,9.863943676,76.36752925,-0.082408545,-0.194259389,0.194259389,-0.12355407,61.82573215,17.4154426,3.954088674,Rubber,2023,1,4,0.49999999999999994,0.8660254037844387,0.06880242680231986,0.9976303053065857,2,-0.196475777,-0.379945449,-0.29450268,72.47262819,3.3708065,22.01744143,,,,,,,34.59480922
Field_68,2023-01-16,dataset1_field_satellite,1209,ok,9.863943676,76.36752925,-0.289636767,-0.450011005,0.450011005,-0.434051492,77.00192317,16.25419575,9.902626073,Rubber,2023,1,16,0.49999999999999994,0.8660254037844387,0.2719581575341055,0.9623090774541486,3,-0.139442161,-0.287102419,-0.20902837500000002,67.14918017,3.662447587,19.716442015,0.08065771325837916,0.1312998721978121,0.12087892136541446,7.528492388472193,0.4124427805806316,3.2541045797055586,47.21836747
Field_68,2023-01-31,dataset1_field_satellite,1210,ok,9.863943676,76.36752925,-0.228535059,-0.366591044,0.366591044,-0.342598737,72.11811136,22.49816802,9.788791972,Rubber,2023,1,31,0.49999999999999994,0.8660254037844387,0.5086709438521044,0.8609610158889943,4,-0.18950702966666666,-0.34140528099999995,-0.2840360806666667,70.43342783666667,5.742507082333333,18.56235992666667,0.10378972289136917,0.1321598679015458,0.15551310087373643,7.790888718859884,3.614553504377218,3.048001756506354,47.15577132
Field_68,2023-02-03,dataset1_field_satellite,1212,ok,9.863943676,76.36752925,-0.255300932,-0.409552296,0.409552296,-0.382608468,74.5852571,24.57046859,2.915470093,Rubber,2023,2,34,0.8660254037844386,0.5000000000000001,0.5524353131676196,0.8335557718385699,5,-0.199264037,-0.34770172175,-0.29867674475,70.8545987175,6.75407830475,19.54631195,0.08696168401651969,0.10864039052600279,0.1303084003743196,6.416762241443877,3.5781424477080215,3.172725874595996,36.51442469
Field_68,2023-02-15,dataset1_field_satellite,1211,ok,9.863943676,76.36752925,-0.18620676,-0.328939963,0.328939963,-0.279144563,69.76318897,20.48971725,3.342583169,Rubber,2023,2,46,0.8660254037844386,0.5000000000000001,0.7116566222817746,0.7025274741691571,6,-0.210471416,-0.3600718366,-0.3154630894,71.600730394,5.9863566624,20.551143278,0.0793711382398537,0.09806706657814716,0.11892903867276652,5.802128113097677,3.5425005480211813,3.549376296639934,36.51442469
Field_68,2023-03-17,dataset1_field_satellite,1213,ok,9.863943676,76.36752925,-0.212809755,-0.34547745,0.34547745,-0.318984563,70.87935839,20.55684817,10.03527573,Rubber,2023,3,76,1.0,6.123233995736766e-17,0.9657399376548549,0.2595117970697999,7,-0.20642730666666664,-0.35488319100000004,-0.30941000166666666,71.29447349,5.545727746833333,20.540905606666666,0.07167950188297695,0.08862985894589134,0.10740173284611053,5.243520979277638,3.3472931084064084,3.1747577128980264,47.29139632
Field_68,2023-04-16,dataset1_field_satellite,1215,ok,9.863943676,76.36752925,-0.181616311,-0.334471709,0.334471709,-0.272277045,69.99878243,34.92101875,10.0700845,Rubber,2023,4,106,0.8660254037844387,-0.4999999999999998,0.9679377830240642,-0.25119006388481935,8,-0.207339085,-0.3535395137142857,-0.31077779614285717,71.23517133285715,6.187091744428572,20.54318311571429,0.06547858583738426,0.08098568717893412,0.09811068348584553,4.789228619620961,3.495198192263248,2.8981502875115863,47.31226171
Field_68,2023-05-16,dataset1_field_satellite,1216,ok,9.863943676,76.36752925,-0.339962792,-0.5215961,0.5215961,-0.509461086,81.17134439,20.65216371,9.892277519,Rubber,2023,5,136,0.49999999999999994,-0.8660254037844387,0.717676913675962,-0.6963762255968722,9,-0.20412373825,-0.351156038125,-0.30596520225,71.08062272,6.672465838875,22.34041257,0.06129976075932735,0.07528063941641439,0.09184712192636994,4.455459571536906,3.5150978662771726,5.748012555530328,47.21836747
Field_68,2023-05-31,dataset1_field_satellite,1217,ok,9.863943676,76.36752925,-0.339962792,-0.5215961,0.5215961,-0.509461086,81.17134439,28.77700084,41.18254383,Rubber,2023,5,151,0.49999999999999994,-0.8660254037844387,0.5160623910158528,-0.8565509959010036,10,-0.21921696644444444,-0.3700938227777778,-0.328575856,72.20181401666667,7.030222692222222,22.152829363333336,0.07306300651816264,0.09047947294868071,0.10946498091814241,5.3556847655448845,3.4588052241157197,5.406142749782663,64.56793555
Field_68,2023-10-13,dataset1_field_satellite,1218,ok,9.863943676,76.36752925,-0.197413946,-0.351789483,0.351789483,-0.29595888,71.04444292,33.96198711,19.23984475,Rubber,2023,10,286,-0.8660254037844386,0.5000000000000001,-0.9778483415056568,0.20931464596304888,11,-0.23129154899999999,-0.3852440505,-0.346664379,73.09876705399999,10.445454806,22.815246511,0.07875928327785169,0.09783769223891821,0.1179963164058814,5.79150817115936,11.281497161355619,5.510623260024193,52.40341578
Field_68,2023-12-12,dataset1_field_satellite,1219,ok,9.863943676,76.36752925,-0.331652544,-0.506095799,0.506095799,-0.497059272,80.29495976,22.73967602,2.460133686,Rubber,2023,12,346,-2.4492935982947064e-16,1.0,-0.32126966169236515,0.9469877530760751,12,-0.22821176690909092,-0.38220272618181816,-0.34205478818181817,72.91201031454546,11.24494480090909,23.828586565454543,0.07541258427609498,0.09336347685291907,0.11298030456430411,5.529111057303307,11.026150151030254,6.214958613547564,36.51442469
Field_68,2023-12-27,dataset1_field_satellite,1220,ok,9.863943676,76.36752925,-0.298659565,-0.485758239,0.485758239,-0.44763063,78.9194819,20.23677351,9.73234531,Rubber,2023,12,361,-2.4492935982947064e-16,1.0,-0.06880242680232064,0.9976303053065857,13,-0.23683183166666666,-0.3925271489166667,-0.35497182850000003,73.52725610166667,10.512877208,23.73784402,0.07785704080969336,0.09593452176794742,0.11664619505589298,5.6863177477427005,10.81455964020989,5.9340620867422205,47.12447324
Field_69,2023-01-01,dataset1_field_satellite,1221,ok,13.02805767,77.79952523,0.516526271,0.555171524,-0.555171524,0.774673649,17.43966836,17.26219042,7.544096379,Rubber,2023,1,1,0.49999999999999994,0.8660254037844387,0.017213356155834685,0.9998518392091162,1,,,,,,,,,,,,,37.32817473
Field_69,2023-01-04,dataset1_field_satellite,1227,ok,13.02805767,77.79952523,0.226360768,0.274698377,-0.274698377,0.33947897,34.72527686,16.54529015,5.610798205,Rubber,2023,1,4,0.49999999999999994,0.8660254037844387,0.06880242680231986,0.9976303053065857,2,0.516526271,0.555171524,0.774673649,17.43966836,7.544096379,17.26219042,,,,,,,30.51562635
Field_69,2023-01-05,dataset1_field_satellite,1229,ok,13.02805767,77.79952523,0.300968773,0.430338059,-0.430338059,0.45139508,26.01567229,21.10217455,13.93009541,Rubber,2023,1,5,0.49999999999999994,0.8660254037844387,0.08596479873744647,0.9962981749346078,3,0.3714435195,0.4149349505,0.5570763095,26.08247261,6.5774472920000004,16.903740284999998,0.2051779948377055,0.1983244641844314,0.3077291086572028,12.222770987285827,1.36704824889097,0.5069250423514656,43.90077117
Field_69,2023-01-16,dataset1_field_satellite,1222,ok,13.02805767,77.79952523,0.458493746,0.529951679,-0.529951679,0.687639228,19.32018273,19.98210869,7.084996861,Rubber,2023,1,16,0.49999999999999994,0.8660254037844387,0.2719581575341055,0.9623090774541486,4,0.34795193733333335,0.42006932,0.5218492330000001,26.06020583666667,9.028329998,18.303218373333333,0.15068035067947813,0.14051826143782345,0.2259899177257446,8.642890299627904,4.353721232819986,2.450327173758004,35.48158811
Field_69,2023-01-31,dataset1_field_satellite,1223,ok,13.02805767,77.79952523,0.418021192,0.506202382,-0.506202382,0.626939816,20.94626677,18.70478767,14.16058594,Rubber,2023,1,31,0.49999999999999994,0.8660254037844387,0.5086709438521044,0.8609610158889943,5,0.37558738950000004,0.44753990975,0.56329673175,24.37520006,8.54249671375,18.7229409525,0.13487494795705446,0.12720896615355728,0.2022849703256544,7.820273632714836,3.685203970258944,2.169655198294697,47.36442517
Field_69,2023-02-03,dataset1_field_satellite,1225,ok,13.02805767,77.79952523,0.330789061,0.480370381,-0.480370381,0.496118458,23.15625238,20.37537443,6.060489945,Rubber,2023,2,34,0.8660254037844386,0.5000000000000001,0.5524353131676196,0.8335557718385699,6,0.38407415,0.45927240420000004,0.5760253486,23.689413402,9.666114559,18.719310296,0.11833665623438672,0.11324684513260873,0.17748097179503125,6.943992113284348,4.061789203987632,1.878994057454282,31.32937639
Field_69,2023-02-15,dataset1_field_satellite,1224,ok,13.02805767,77.79952523,0.366224392,0.487841166,-0.487841166,0.54926218,22.4128649,24.90761023,6.359657254,Rubber,2023,2,46,0.8660254037844386,0.5000000000000001,0.7116566222817746,0.7025274741691571,7,0.3751933018333333,0.4627887336666667,0.5627075335,23.600553231666666,9.065177123333333,18.995320985000003,0.1080558566295444,0.10165660718074424,0.1620610424305412,6.2147081954597185,3.9198545941932794,1.8115149287301868,32.58129952
Field_69,2023-03-17,dataset1_field_satellite,1226,ok,13.02805767,77.79952523,0.312352332,0.432552387,-0.432552387,0.468465416,25.78634016,26.42678375,13.13513825,Rubber,2023,3,76,1.0,6.123233995736766e-17,0.9657399376548549,0.2595117970697999,8,0.373912029,0.46636765257142854,0.5607867687142857,23.43088347,8.678674284857143,19.839933734285715,0.09869928274208115,0.09328119912360772,0.14802807140177504,5.690958890359631,3.7215688191137257,2.779973049264223,43.8694731
Field_69,2023-04-16,dataset1_field_satellite,1228,ok,13.02805767,77.79952523,0.302360039,0.438050391,-0.438050391,0.453484134,25.60763807,25.53579628,5.905261625,Rubber,2023,4,106,0.8660254037844387,-0.4999999999999998,0.9679377830240642,-0.25119006388481935,9,0.366217066875,0.46214074437499997,0.549246599625,23.72531555625,9.2357322805,20.66328998625,0.0939340096942666,0.08718521403318577,0.1408807437331788,5.334212122057517,3.7886674823164954,3.470956432951635,30.90163598
Field_69,2023-05-16,dataset1_field_satellite,1230,ok,13.02805767,77.79952523,0.481467155,0.526848719,-0.526848719,0.722112448,19.24400891,31.93411049,7.297612621,Rubber,2023,5,136,0.49999999999999994,-0.8660254037844387,0.717676913675962,-0.6963762255968722,10,0.35912184155555554,0.4594640384444444,0.5386063256666667,23.93446250222222,8.865679985444444,21.204679574444445,0.09040867439626807,0.08194868299435265,0.13559277204053827,5.028993298643652,3.7137850556810728,3.630360920812895,36.42053046
Field_69,2023-05-31,dataset1_field_satellite,1231,ok,13.02805767,77.79952523,0.416228755,0.402936178,-0.402936178,0.624264225,26.23779642,23.87650243,14.24619672,Rubber,2023,5,151,0.49999999999999994,-0.8660254037844387,0.5160623910158528,-0.8565509959010036,11,0.3713563729,0.4662025065,0.5569569379,23.465417143000003,8.708873249,22.277622666,0.09360755275698214,0.08014661482578042,0.1403924047793397,4.967969719369309,3.5363280901694365,4.819460346892643,38.5279344
Field_69,2023-08-14,dataset1_field_satellite,1232,ok,13.02805767,77.79952523,0.176365973,0.186231639,-0.186231639,0.264522927,39.75336569,43.33694196,4.74528272,Rubber,2023,8,226,-0.8660254037844384,-0.5000000000000004,-0.680773409477016,-0.732494071613579,12,0.3754356803636364,0.4604510220909091,0.5630757821818182,23.717451622727275,9.212266291818182,22.422975371818183,0.08982864121786407,0.07839009620619801,0.134725155025147,4.786583958106105,3.747333029812603,4.597486240514357,40.4058191
Field_69,2023-10-13,dataset1_field_satellite,1233,ok,13.02805767,77.79952523,0.520313796,0.540404269,-0.540404269,0.780365736,18.15506744,30.39133461,7.612773151,Rubber,2023,10,286,-0.8660254037844386,0.5000000000000001,-0.9778483415056568,0.20931464596304888,13,0.3588465380833334,0.4375994068333333,0.5381963775833333,25.053777795000002,8.840017660833334,24.165805920833332,0.10314076899653725,0.10887022552160038,0.1546887385054885,6.500595694301824,3.798518396270953,7.4608876872406364,37.71418436
Field_69,2023-10-28,dataset1_field_satellite,1234,ok,13.02805767,77.79952523,0.509355337,0.547421994,-0.547421994,0.763937042,17.90862908,33.13213103,14.81724878,Rubber,2023,10,301,-0.8660254037844386,0.5000000000000001,-0.8919813464595487,0.45207220393230374,14,0.3712670963846154,0.4455074731538461,0.5568247897692308,24.52310776769231,8.745614237,24.644692743076924,0.10842983999250118,0.10806473294334107,0.1626216036163844,6.511313576756472,3.6526980333971917,7.348974870158785,50.60899262
Field_69,2023-11-27,dataset1_field_satellite,1236,ok,13.02805767,77.79952523,0.538251544,0.559392803,-0.559392803,0.807264596,17.00223394,32.02555919,14.55100869,Rubber,2023,11,331,-0.5000000000000004,0.8660254037844384,-0.5524353131676203,0.8335557718385695,15,0.38113054214285713,0.4527870817857143,0.5716185220714286,24.050645004285716,9.179302418642857,25.250938335,0.11051999426998384,0.10733861223932144,0.1657572259386201,6.500844249130514,3.866403466524669,7.416096403887889,51.39144458
Field_69,2023-12-11,dataset1_field_satellite,1235,ok,13.02805767,77.79952523,0.538251544,0.559392803,-0.559392803,0.807264596,17.00223394,18.61082347,15.0063451,Rubber,2023,12,345,-2.4492935982947064e-16,1.0,-0.33752289959411347,0.941317317512847,16,0.3916052756,0.45989412986666667,0.5873282603333333,23.580750933333334,9.537416170066667,25.702579725333333,0.11396487784285117,0.10703391906182548,0.17092356006108073,6.5233688674493004,3.9755460661646116,7.357290382820163,51.64182921
Field_69,2023-12-27,dataset1_field_satellite,1237,ok,13.02805767,77.79952523,0.445436438,0.510527304,-0.510527304,0.668056171,20.4454289,15.95504439,7.013497756,Rubber,2023,12,361,-2.4492935982947064e-16,1.0,-0.06880242680232064,0.9976303053065857,17,0.400770667375,0.4661127969375,0.6010742813125,23.16959362125,9.8792242281875,25.259344959375,0.11604394709985835,0.10635439951700973,0.17404153328782943,6.513231966790869,4.076840206188098,7.325598035841743,35.28336695
Field_7,2023-01-01,dataset1_field_satellite,117,ok,23.54870209,77.3613415,0.762607218,0.680534545,-0.680534545,1.143760068,8.524890844,14.48249821,9.448230444,Maize,2023,1,1,0.49999999999999994,0.8660254037844387,0.017213356155834685,0.9998518392091162,1,,,,,,,,,,,,,44.37024235
Field_7,2023-01-04,dataset1_field_satellite,123,ok,23.54870209,77.3613415,0.23446658,0.356228754,-0.356228754,0.351653205,30.47919582,5.986267313,5.491319437,Maize,2023,1,4,0.49999999999999994,0.8660254037844387,0.06880242680231986,0.9976303053065857,2,0.762607218,0.680534545,1.143760068,8.524890844,9.448230444,14.48249821,,,,,,,29.55581862
Field_7,2023-01-05,dataset1_field_satellite,125,ok,23.54870209,77.3613415,0.229678587,0.319827656,-0.319827656,0.344472275,32.38689415,6.819805005,13.23674224,Maize,2023,1,5,0.49999999999999994,0.8660254037844387,0.08596479873744647,0.9962981749346078,3,0.498536899,0.5183816495,0.7477066365,19.502043332,7.4697749405,10.2343827615,0.3734518265499896,0.22931882399416723,0.5601041342517036,15.524037924767166,2.7979586056013908,6.007742481795363,42.50279034
Field_7,2023-01-16,dataset1_field_satellite,118,ok,23.54870209,77.3613415,0.770715253,0.703479054,-0.703479054,1.155932937,7.270437606,14.41205366,9.467045998,Maize,2023,1,16,0.49999999999999994,0.8660254037844387,0.2719581575341055,0.9623090774541486,4,0.40891746166666665,0.452196985,0.6132951826666667,23.796993604666667,9.392097373666667,9.096190176,0.3063136693335633,0.1985819502471627,0.4594100971547056,13.260379718501394,3.8730164975761308,4.683260824345136,43.99466541
Field_7,2023-01-31,dataset1_field_satellite,119,ok,23.54870209,77.3613415,0.683767701,0.595254919,-0.595254919,1.025534517,13.68481938,10.76787097,8.944914374,Maize,2023,1,31,0.49999999999999994,0.8660254037844387,0.5086709438521044,0.8609610158889943,5,0.49936690949999996,0.51501750225,0.74895462125,19.665354605,9.41083452975,10.425156047,0.30866884056187777,0.20512320734835096,0.4629460278320193,13.620090925302042,3.1625267615843113,4.656882624427534,43.16004999
Field_7,2023-02-03,dataset1_field_satellite,121,ok,23.54870209,77.3613415,0.668760623,0.667731553,-0.667731553,1.003019137,10.13711104,5.979251707,8.6401024,Maize,2023,2,34,0.8660254037844386,0.5000000000000001,0.5524353131676196,0.8335557718385699,6,0.5362470678,0.5310649855999999,0.8042706004,18.46924756,9.317650498599999,10.493699031599999,0.2797464391757753,0.18122984371785616,0.4195694891918379,12.094772338726118,2.7467431544666736,4.035889931224672,41.44908837
Field_7,2023-02-15,dataset1_field_satellite,120,ok,23.54870209,77.3613415,0.78682436,0.7415597,-0.7415597,1.180092684,5.161353119,12.33596592,9.521611105,Maize,2023,2,46,0.8660254037844386,0.5000000000000001,0.7116566222817746,0.7025274741691571,7,0.5583326603333333,0.5538427468333333,0.8373953565000001,17.08055814,9.2047258155,9.741291144166667,0.2559943291764706,0.1714303457501481,0.38394575373178275,11.340086603364682,2.472284423282855,4.053076831741523,43.87990579
Field_7,2023-03-17,dataset1_field_satellite,122,ok,23.54870209,77.3613415,0.552288135,0.575828319,-0.575828319,0.828311108,16.01961073,25.37069921,15.1540472,Maize,2023,3,76,1.0,6.123233995736766e-17,0.9657399376548549,0.2595117970697999,8,0.5909743317142857,0.5806594544285714,0.8863521175714286,15.377814565571429,9.249995142571427,10.111958969285714,0.2491370401657568,0.17182623057540505,0.37366112458053513,11.289817827212588,2.2600524496466226,3.8277002180660187,52.00697346
Field_7,2023-04-16,dataset1_field_satellite,124,ok,23.54870209,77.3613415,0.188242923,0.305727842,-0.305727842,0.282329509,33.53006951,28.00610409,5.196856016,Maize,2023,4,106,0.8660254037844387,-0.4999999999999998,0.9679377830240642,-0.25119006388481935,9,0.586138557125,0.5800555625,0.879096991375,15.458039086125,9.98800164975,12.019301499375,0.23106125742647085,0.15908934752358125,0.34655106407483505,10.454802956105688,2.9555667648559005,6.454602380950357,28.5647128
Field_7,2023-05-16,dataset1_field_satellite,126,ok,23.54870209,77.3613415,0.19904739,0.285454825,-0.285454825,0.29852457,34.45495368,21.56425448,12.75506406,Maize,2023,5,136,0.49999999999999994,-0.8660254037844387,0.717676913675962,-0.6963762255968722,10,0.5419279311111111,0.5495747046666666,0.8127894933333333,17.466042466555557,9.455652134888888,13.795612898333333,0.2535879663369767,0.17466392638964365,0.380336158784418,11.486023677801057,3.1928070866537523,8.053055015568475,41.58471338
Field_7,2023-05-31,dataset1_field_satellite,127,ok,23.54870209,77.3613415,0.217402694,0.321227035,-0.321227035,0.32605609,32.44080792,12.97547015,5.420761109,Maize,2023,5,151,0.49999999999999994,-0.8660254037844387,0.5160623910158528,-0.8565509959010036,11,0.507639877,0.5231627167,0.761363001,19.164933587900002,9.785593327399999,14.5724770565,0.2625230597898386,0.18464478727377417,0.3937379726085503,12.088519407605625,3.1859002545434514,7.980045763528906,29.45149169
Field_7,2023-06-15,dataset1_field_satellite,128,ok,23.54870209,77.3613415,0.1818548,0.294370098,-0.294370098,0.272742058,34.17528663,34.69150333,5.16675113,Maize,2023,6,166,1.2246467991473532e-16,-1.0,0.2802306751992159,-0.9599326896597447,12,0.4812546785454545,0.5048049274545454,0.7217896454545454,20.371831254454545,9.388790398454546,14.427294610454545,0.2639781939888605,0.18544923943339695,0.39592068287334886,12.146674156909576,3.296504602958508,7.585833818259615,28.49168395
Field_7,2023-08-29,dataset1_field_satellite,129,ok,23.54870209,77.3613415,0.773158143,0.707907764,-0.707907764,1.159623042,7.019339401,30.22474509,16.21900755,Maize,2023,8,241,-0.8660254037844384,-0.5000000000000004,-0.8452490573530633,-0.5343725582809785,13,0.4563046886666666,0.48726869166666664,0.6843690131666667,21.522119202416665,9.03695379275,16.115978670416666,0.2661194421427099,0.18696299748747575,0.39913223628014005,12.247724696624273,3.3711284001364796,9.302331359588269,58.08923334
Field_7,2023-09-13,dataset1_field_satellite,130,ok,23.54870209,77.3613415,0.773158143,0.707907764,-0.707907764,1.159623042,7.019339401,19.23056862,16.70068574,Maize,2023,9,256,-1.0,-1.8369701987210297e-16,-0.9536809966304455,-0.300819807635668,14,0.4806780313076923,0.504240928,0.7209270153846153,20.406520756153846,9.589419466384616,17.201268395,0.2695193972709146,0.18917444517442658,0.4042342572176824,12.396994615775256,3.792796149689828,9.72801901134045,58.36048335
Field_7,2023-10-13,dataset1_field_satellite,131,ok,23.54870209,77.3613415,0.39423399,0.461598503,-0.461598503,0.591264069,23.46687148,11.93705088,6.671054673,Maize,2023,10,286,-0.8660254037844386,0.5000000000000001,-0.9778483415056568,0.20931464596304888,15,0.5015694678571428,0.5187885591428572,0.7522624458571429,19.4502935165,10.097367057357143,17.34621841107143,0.27048713208458575,0.18972874535154244,0.4056875921414183,12.436426469184179,4.109852973591788,9.362101008949171,34.07317458
Field_7,2023-10-28,dataset1_field_satellite,132,ok,23.54870209,77.3613415,0.32414572,0.405149443,-0.405149443,0.486136815,27.06520986,18.25045189,6.178087158,Maize,2023,10,301,-0.8660254037844386,0.5000000000000001,-0.8919813464595487,0.45207220393230374,16,0.49441376933333336,0.5149758887333333,0.7415292207333334,19.718065380733332,9.868946231733334,16.985607242333334,0.2621171489170771,0.18342254384180104,0.39313428612287377,12.02882999645991,4.05796011818179,9.12901436581225,32.25788604
Field_7,2023-11-27,dataset1_field_satellite,134,ok,23.54870209,77.3613415,0.379447501,0.39820159,-0.39820159,0.569076734,26.85520746,13.19203159,7.871487018,Maize,2023,11,331,-0.5000000000000004,0.8660254037844384,-0.5524353131676203,0.8335557718385695,17,0.48377201625,0.508111735875,0.725567195375,20.1772619106875,9.638267539625,17.0646600328125,0.2567819898506166,0.179317520416082,0.38513310580494126,11.765217844481361,4.027485589867291,8.825132628127845,44.93360776
Field_7,2023-12-11,dataset1_field_satellite,133,ok,23.54870209,77.3613415,0.371031134,0.475474527,-0.475474527,0.556435399,22.99526886,8.183966457,13.89622741,Maize,2023,12,345,-2.4492935982947064e-16,1.0,-0.33752289959411347,0.941317317512847,18,0.4776352800588235,0.5016464331764706,0.7163618741176471,20.570082237117646,9.53433927364706,16.836858359705882,0.24991226549636605,0.17565791234778647,0.37483007461174095,11.506185803543236,3.923068773489445,8.596363869313393,45.8829828
Field_7,2023-12-12,dataset1_field_satellite,135,ok,23.54870209,77.3613415,0.669679027,0.574558331,-0.574558331,1.004380151,14.88556346,11.99251511,8.867770603,Maize,2023,12,346,-2.4492935982947064e-16,1.0,-0.32126966169236515,0.9469877530760751,19,0.4717128275,0.5001924383888888,0.7074770699444444,20.70481482727778,9.776666392333333,16.35614214288889,0.24374906733911972,0.1705248213058854,0.36558711196271976,11.17726623003676,3.9423534472697153,8.585461381271266,42.94096344
Field_7,2023-12-27,dataset1_field_satellite,136,ok,23.54870209,77.3613415,0.669679027,0.574558331,-0.574558331,1.004380151,14.88556346,11.94041564,8.867770603,Maize,2023,12,361,-2.4492935982947064e-16,1.0,-0.06880242680232064,0.9976303053065857,20,0.4821321011578947,0.5041064327368421,0.7231035478947369,20.398538439526316,9.728829771842106,16.12647756221053,0.24119601125601514,0.16659621308960665,0.3617571936976444,10.94408301218928,3.8369488385037673,8.403410589052251,42.94096344
Field_70,2023-01-01,dataset1_field_satellite,1238,ok,34.14471112,74.69581565,0.143108476,0.174044262,-0.174044262,0.21462145,40.71536105,2.177985264,5.102778246,Saffron,2023,1,1,0.49999999999999994,0.8660254037844387,0.017213356155834685,0.9998518392091162,1,,,,,,,,,,,,,28.87769359
Field_70,2023-01-04,dataset1_field_satellite,1242,ok,34.14471112,74.69581565,0.275249925,0.260239098,-0.260239098,0.412785441,34.96433203,-0.984325745,13.20005191,Saffron,2023,1,4,0.49999999999999994,0.8660254037844387,0.06880242680231986,0.9976303053065857,2,0.143108476,0.174044262,0.21462145,40.71536105,5.102778246,2.177985264,,,,,,,45.17355969
Field_70,2023-01-05,dataset1_field_satellite,1244,ok,34.14471112,74.69581565,0.353633277,0.313361115,-0.313361115,0.530345689,31.45117035,4.541023247,2.664282447,Saffron,2023,1,5,0.49999999999999994,0.8660254037844387,0.08596479873744647,0.9962981749346078,3,0.2091792005,0.21714168,0.31370344549999996,37.839846539999996,9.151415078,0.5968297595000001,0.09343811466371633,0.06094895303886235,0.14012310182308998,4.0665916188426205,5.725637116937643,2.2360915586847736,45.25702123
Field_70,2023-02-03,dataset1_field_satellite,1240,ok,34.14471112,74.69581565,0.270624219,0.27876126,-0.27876126,0.405845883,34.06575123,-4.68163756,12.77387961,Saffron,2023,2,34,0.8660254037844386,0.5000000000000001,0.5524353131676196,0.8335557718385699,4,0.2573305593333333,0.249214825,0.3859175266666666,35.710287810000004,6.989037534333334,1.9115609220000003,0.10640019129890786,0.07030965316967366,0.15956773605118232,4.6769268596780655,5.515350407860653,2.7722927007003526,44.46413658
Field_70,2023-02-15,dataset1_field_satellite,1239,ok,34.14471112,74.69581565,0.183900424,0.184293438,-0.184293438,0.275786358,39.7753903,0.712090027,12.31760243,Saffron,2023,2,46,0.8660254037844386,0.5000000000000001,0.7116566222817746,0.7025274741691571,5,0.26065397425000003,0.25660143375,0.39089961575,35.299153665,8.43524805325,0.26326130150000004,0.08712929560407767,0.05927798501857307,0.13066698042047045,3.9062200451662066,5.352148435388039,3.9989129066117557,42.34629995
Field_70,2023-03-17,dataset1_field_satellite,1241,ok,34.14471112,74.69581565,0.310571429,0.335046161,-0.335046161,0.465754155,30.78362239,13.03639021,6.011569505,Saffron,2023,3,76,1.0,6.123233995736766e-17,0.9657399376548549,0.2595117970697999,6,0.2453032642,0.24213983460000002,0.3678769642,36.194400992,9.2117189286,0.3530270466,0.08289666524983327,0.060672060132923075,0.12432058257230091,3.9308084618112513,4.949611576392026,3.4689721490617864,43.26437691
Field_70,2023-04-16,dataset1_field_satellite,1243,ok,34.14471112,74.69581565,0.402304316,0.412454209,-0.412454209,0.603347984,25.89397272,2.957844272,14.05898195,Saffron,2023,4,106,0.8660254037844387,-0.4999999999999998,0.9679377830240642,-0.25119006388481935,7,0.25618129166666664,0.2576242223333333,0.3841898293333333,35.29260455833333,8.678360691333333,2.4669209071666667,0.07878752805506503,0.06620782948772487,0.11815728168015278,4.152159074192733,4.615815189247117,6.036414311428744,48.16774252
Field_70,2023-05-16,dataset1_field_satellite,1245,ok,34.14471112,74.69581565,0.338795642,0.317024998,-0.317024998,0.50810198,31.41561139,8.572059985,1.92671273,Saffron,2023,5,136,0.49999999999999994,-0.8660254037844387,0.717676913675962,-0.6963762255968722,8,0.2770560094285714,0.27974279185714285,0.4154981371428571,33.94994286714286,9.447020871142858,2.5370528164285715,0.09068170913878201,0.08412796837172253,0.13599910653005665,5.1948247067089905,4.678745649770246,5.513590255803851,44.63105967
Field_70,2023-05-31,dataset1_field_satellite,1246,ok,34.14471112,74.69581565,0.349665043,0.30792178,-0.30792178,0.524411318,31.76945366,8.731675519,9.562064546,Saffron,2023,5,151,0.49999999999999994,-0.8660254037844387,0.5160623910158528,-0.8565509959010036,9,0.2847734635,0.284403067625,0.4270736175,33.6331514325,8.5069823535,3.2914287125,0.0867462174434977,0.07899485327460984,0.13009780914470453,4.892227128417038,5.082598047005742,5.532588036062727,45.27788662
Field_70,2023-06-15,dataset1_field_satellite,1247,ok,34.14471112,74.69581565,0.400193492,0.343191386,-0.343191386,0.600190951,29.45239273,21.7954669,7.003149201,Saffron,2023,6,166,1.2246467991473532e-16,-1.0,0.2802306751992159,-0.9599326896597447,10,0.29198363899999996,0.2870162578888889,0.43788891755555553,33.42607390222222,8.624213708222221,3.895900579888889,0.08397721498911156,0.07430761978821585,0.12594640284202552,4.618233474330921,4.76732537789989,5.483777459549929,36.15971314
Field_70,2023-06-30,dataset1_field_satellite,1248,ok,34.14471112,74.69581565,0.562671096,0.470628428,-0.470628428,0.8438617,21.28553706,23.36279171,8.155601884,Saffron,2023,6,181,1.2246467991473532e-16,-1.0,0.02581844022713308,-0.9996666485105112,11,0.3028046243,0.2926337707,0.4541191209,33.028705785,8.4621072575,5.6858572119,0.08625273983169923,0.07227498367361371,0.12936070421926935,4.531810666341156,4.523815930937861,7.666156133799994,40.43711717
Field_70,2023-07-15,dataset1_field_satellite,1249,ok,34.14471112,74.69581565,0.667267863,0.550856791,-0.550856791,1.000737873,16.12049261,24.23223001,15.61596905,Saffron,2023,7,196,-0.4999999999999997,-0.8660254037844388,-0.23030567023061196,-0.973118337233262,12,0.326428849,0.3088151031818182,0.4895502644545454,31.961144991818184,8.434243132636363,7.292851257181818,0.11329044767792343,0.08707179031280797,0.1699111470325171,5.569571226094162,4.292663511539781,9.016633704343478,57.09812753
Field_70,2023-08-14,dataset1_field_satellite,1250,ok,34.14471112,74.69581565,0.748474383,0.655445438,-0.655445438,1.122552063,9.950387202,28.46939813,9.520670327,Saffron,2023,8,226,-0.8660254037844384,-0.5000000000000004,-0.680773409477016,-0.732494071613579,13,0.3548321001666667,0.32898524383333333,0.5321492318333333,30.641090626666667,9.032720292416666,8.704466153250001,0.1461125197464096,0.10850937556385175,0.21913770799713406,7.007898024784058,4.588014905022935,9.89043388485164,44.77711737
Field_70,2023-08-29,dataset1_field_satellite,1251,ok,34.14471112,74.69581565,0.67244655,0.575541845,-0.575541845,1.008548536,14.80707657,26.59154445,8.88940849,Saffron,2023,8,241,-0.8660254037844384,-0.5000000000000004,-0.8452490573530633,-0.5343725582809785,14,0.3851122757692308,0.35409756646153845,0.5775648342307692,29.04949805553846,9.07025491046154,10.224845536076923,0.17745239786079361,0.13780880931323694,0.26614480528208057,8.828887341793092,4.394774062014977,10.941624832499224,43.03485767
Field_70,2023-09-13,dataset1_field_satellite,1252,ok,34.14471112,74.69581565,0.533283554,0.503135528,-0.503135528,0.799825712,19.92571373,2.882322886,7.815981134,Saffron,2023,9,256,-1.0,-1.8369701987210297e-16,-0.9536809966304455,-0.300819807635668,15,0.4056361525,0.36991501492857143,0.6083493843571429,28.03218223514286,9.057337309,11.3938954585,0.18698745618180057,0.14502787533789271,0.2804496390227093,9.297429543045501,4.22263896705989,11.386108921857813,38.78875172
Field_70,2023-09-28,dataset1_field_satellite,1253,ok,34.14471112,74.69581565,0.333061032,0.395704805,-0.395704805,0.499514368,27.45644338,22.50648025,8.827317162,Saffron,2023,9,271,-1.0,-1.8369701987210297e-16,-0.9988797155850335,-0.04732138832243232,16,0.41414597926666663,0.3787963824666667,0.6211144728666667,27.491751001466664,8.974580230666668,10.826457287,0.18317509496910178,0.14392324960798608,0.27473298363285376,9.200475112935822,4.081640707771469,11.18986234252471,32.7482226
Field_70,2023-10-13,dataset1_field_satellite,1254,ok,34.14471112,74.69581565,0.294389253,0.346707831,-0.346707831,0.441503156,30.35339307,20.70774832,1.399877218,Saffron,2023,10,286,-0.8660254037844386,0.5000000000000001,-0.9778483415056568,0.20931464596304888,17,0.4090781700625,0.379853158875,0.6135144663125,27.489544275125,8.965376288875,11.5564587221875,0.17812120619928312,0.13910730899049306,0.2671525651571836,8.888507789898878,3.943411409371346,11.197853283301912,32.01793411
Field_70,2023-10-28,dataset1_field_satellite,1255,ok,34.14471112,74.69581565,0.158430399,0.158612358,-0.158612358,0.237608771,41.34690065,12.33869363,5.276822121,Saffron,2023,10,301,-0.8660254037844386,0.5000000000000001,-0.8919813464595487,0.45207220393230374,18,0.40233176317647057,0.37790343370588236,0.6033961539411765,27.65800596894118,8.520346931764706,12.094769875,0.17469388781978398,0.13492975943490756,0.2620120253391566,8.634244111630025,4.236207842495175,11.067120877754416,29.71230901
Field_70,2023-11-27,dataset1_field_satellite,1257,ok,34.14471112,74.69581565,0.024325578,0.023848756,-0.023848756,0.036484166,49.59811484,19.76001793,11.00803987,Saffron,2023,11,331,-0.5000000000000004,0.8660254037844384,-0.5524353131676203,0.8335557718385695,19,0.3887816873888889,0.36572059616666663,0.5830746326666667,28.418500117888886,8.340151108944445,12.108321194722222,0.1789627408713757,0.1407362213574849,0.2684127502222472,8.976368502403796,4.180228629639734,10.736838250990083,42.16894417
Field_70,2023-12-11,dataset1_field_satellite,1256,ok,34.14471112,74.69581565,0.194779575,0.203295779,-0.203295779,0.292118607,38.69394032,-3.425660147,12.86889816,Saffron,2023,12,345,-2.4492935982947064e-16,1.0,-0.33752289959411347,0.941317317512847,20,0.3695997868947368,0.34772734142105266,0.5543067133684211,29.533216682210526,8.480566306894737,12.511042075526316,0.192974891773432,0.15766324802886109,0.28942555596372704,9.985392296768305,4.108299946083999,10.580962439301823,42.77404035
Field_70,2023-12-12,dataset1_field_satellite,1258,ok,34.14471112,74.69581565,0.066237322,0.061274979,-0.061274979,0.09934147,47.25892897,1.98304817,12.07488178,Saffron,2023,12,346,-2.4492935982947064e-16,1.0,-0.32126966169236515,0.9469877530760751,21,0.3608587763,0.34050576330000004,0.54119730805,29.991252864099998,8.69998289955,11.7142069644,0.1918526793020315,0.15681971687836493,0.28774204611746396,9.932583229097512,4.117363078452145,10.89785431415283,42.04375186
Field_70,2023-12-27,dataset1_field_satellite,1259,ok,34.14471112,74.69581565,0.026168067,0.055875004,-0.055875004,0.039250168,47.9438975,-1.84612053,10.93559999,Saffron,2023,12,361,-2.4492935982947064e-16,1.0,-0.06880242680232064,0.9976303053065857,22,0.34682918323809525,0.32720905928571425,0.5201565538571428,30.813523154857144,8.86069237004762,11.250818450380953,0.19773845639818097,0.1645468064479951,0.29656818933553963,10.388556019731531,4.080125365215021,10.832099262529626,41.62644415
Field_71,2023-01-01,dataset1_field_satellite,1260,ok,34.38346153,74.88532674,-0.045716946,-0.083250776,0.083250776,-0.068569507,55.78242051,4.733828605,4.020883891,Saffron,2023,1,1,0.49999999999999994,0.8660254037844387,0.017213356155834685,0.9998518392091162,1,,,,,,,,,,,,,32.7482226
Field_71,2023-01-04,dataset1_field_satellite,1266,ok,34.38346153,74.88532674,-0.016381009,-0.010654399,0.010654399,-0.024570816,51.775728,3.768039737,0.87116015,Saffron,2023,1,4,0.49999999999999994,0.8660254037844387,0.06880242680231986,0.9976303053065857,2,-0.045716946,-0.083250776,-0.068569507,55.78242051,4.020883891,4.733828605,,,,,,,41.94985763
Field_71,2023-01-05,dataset1_field_satellite,1268,ok,34.38346153,74.88532674,-0.042243511,-0.037203295,0.037203295,-0.063363433,53.3955611,1.308679033,10.64772201,Saffron,2023,1,5,0.49999999999999994,0.8660254037844387,0.08596479873744647,0.9962981749346078,3,-0.031048977499999998,-0.0469525875,-0.0465701615,53.779074255,2.4460220205,4.250934171,0.020743639985161343,0.05133339046627511,0.03111177276943152,2.833159443950347,2.227191016125361,0.6829158577572794,43.12875191
Field_71,2023-01-16,dataset1_field_satellite,1261,ok,34.38346153,74.88532674,-0.039839929,-0.070470015,0.070470015,-0.059756017,55.06975774,1.53532059,4.043462556,Saffron,2023,1,16,0.49999999999999994,0.8660254037844387,0.2719581575341055,0.9623090774541486,4,-0.034780488666666665,-0.043702823333333335,-0.05216791866666667,53.651236536666666,5.179922017,3.2701824583333337,0.016028781197516745,0.03673202131381262,0.0240411284743307,2.0155455003816054,4.990272285531408,1.7660149489978787,32.52913606
Field_71,2023-01-31,dataset1_field_satellite,1262,ok,34.38346153,74.88532674,-0.024427968,-0.028005145,0.028005145,-0.036640645,52.74391546,-4.751929798,11.23947119,Saffron,2023,1,31,0.49999999999999994,0.8660254037844387,0.5086709438521044,0.8609610158889943,5,-0.03604534875,-0.05039462125,-0.05406494325,54.0058668375,4.895807151750001,2.83646699125,0.013329692491084868,0.03284227302267014,0.019992799902930063,1.792019264353926,4.113971724394729,1.6827484340423289,43.26437691
Field_71,2023-02-03,dataset1_field_satellite,1264,ok,34.38346153,74.88532674,-0.002379179,0.011176688,-0.011176688,-0.003568691,50.51793836,-0.643662634,11.21124785,Saffron,2023,2,34,0.8660254037844386,0.5000000000000001,0.5524353131676196,0.8335557718385699,6,-0.0337218726,-0.045916726000000005,-0.050580083600000006,53.753476562,6.1645399594,1.3187876334,0.01265911661721533,0.030153256910681603,0.018986976322467482,1.6513642961795323,4.554337185351647,3.693302706985155,42.5653865
Field_71,2023-02-15,dataset1_field_satellite,1263,ok,34.38346153,74.88532674,-0.014014011,-0.004505494,0.004505494,-0.021020172,51.43756416,0.42329049,10.72392501,Saffron,2023,2,46,0.8660254037844386,0.5000000000000001,0.7116566222817746,0.7025274741691571,7,-0.028498090333333333,-0.036401156999999996,-0.04274485149999999,53.214220194999996,7.005657941166667,0.9917125888333334,0.01708595896752221,0.035646198145381794,0.025627122122102886,1.9815114955653048,4.56491692299091,3.3991552505010447,42.57581919
Field_71,2023-03-17,dataset1_field_satellite,1265,ok,34.38346153,74.88532674,-0.066509816,-0.124877194,0.124877194,-0.099762756,58.12040229,13.80694507,3.700078695,Saffron,2023,3,76,1.0,6.123233995736766e-17,0.9657399376548549,0.2595117970697999,8,-0.02642893614285714,-0.03184463371428571,-0.039641325857142855,52.96041219,7.536838951,0.910509431857143,0.01653011761344426,0.03470172233510385,0.024793431726879107,1.929486813385648,4.3977791688487775,3.1104187311508906,43.89033848
Field_71,2023-04-16,dataset1_field_satellite,1267,ok,34.38346153,74.88532674,-0.038602219,-0.066205721,0.066205721,-0.05790152,54.83936368,2.581288431,10.72956967,Saffron,2023,4,106,0.8660254037844387,-0.4999999999999998,0.9679377830240642,-0.25119006388481935,9,-0.031439046125,-0.04347370375,-0.047156504625,53.6054109525,7.057243919,2.522563886625,0.020857119523569268,0.04597892733522694,0.03128452060842354,2.5532843493726824,4.291576596943466,5.392806369152891,43.61908847
Field_71,2023-05-16,dataset1_field_satellite,1269,ok,34.38346153,74.88532674,-0.020038068,-0.005661959,0.005661959,-0.030056326,51.55814125,7.515765322,1.450679214,Saffron,2023,5,136,0.49999999999999994,-0.8660254037844387,0.717676913675962,-0.6963762255968722,10,-0.03223495422222222,-0.04599948344444445,-0.04835039522222222,53.74251681111111,7.465280113555555,2.529088836,0.019655615807216843,0.043671731207036324,0.029482358264048995,2.4235378057391546,4.196887870924141,5.0445464258898545,41.88726147
Field_71,2023-05-31,dataset1_field_satellite,1270,ok,34.38346153,74.88532674,-0.058402035,-0.069419202,0.069419202,-0.087598931,55.20567109,6.055392506,11.15197886,Saffron,2023,5,151,0.49999999999999994,-0.8660254037844387,0.5160623910158528,-0.8565509959010036,11,-0.031015265599999998,-0.041965731,-0.046520988299999996,53.524079255000004,6.863820023600001,3.0277564846000002,0.018928618815179633,0.043104736970201854,0.028391863588622664,2.3870630699566355,4.390252131353966,5.010653508964537,43.96336733
Field_71,2023-06-15,dataset1_field_satellite,1271,ok,34.38346153,74.88532674,0.001396392,0.037536785,-0.037536785,0.002091907,49.13331714,26.71778822,4.157296658,Saffron,2023,6,166,1.2246467991473532e-16,-1.0,0.2802306751992159,-0.9599326896597447,12,-0.03350497190909091,-0.04446150109090909,-0.05025534672727273,53.67695124,7.253652645090909,3.302996122909091,0.01976482637885122,0.041722105245980794,0.029646043373918095,2.320631675154841,4.361025865520113,4.840383163724797,30.70341482
Field_71,2023-06-30,dataset1_field_satellite,1272,ok,34.38346153,74.88532674,0.013765313,0.051527616,-0.051527616,0.020644328,48.2925619,25.9900855,4.235381207,Saffron,2023,6,181,1.2246467991473532e-16,-1.0,0.02581844022713308,-0.9996666485105112,13,-0.03059652491666667,-0.03762831058333333,-0.04589307558333333,53.298315065,6.995622979499999,5.254228797666666,0.021369221821206534,0.04629033835307092,0.032052174703798245,2.572185846455727,4.2530623693805385,8.184563481746912,30.45303019
Field_71,2023-07-15,dataset1_field_satellite,1273,ok,34.38346153,74.88532674,-0.013964417,-0.018720511,0.018720511,-0.020944038,52.16293857,23.24503626,11.53487538,Saffron,2023,7,196,-0.4999999999999997,-0.8660254037844388,-0.23030567023061196,-0.973118337233262,14,-0.027184075846153847,-0.030770162384615385,-0.04077481376923076,52.913257129230765,6.783296689307692,6.849294697846154,0.023874097198398343,0.05075109552256801,0.035809020231537696,2.827065617738663,4.143335989305739,9.720076167812843,43.24351153
Field_71,2023-07-30,dataset1_field_satellite,1274,ok,34.38346153,74.88532674,0.147266691,0.151403647,-0.151403647,0.220855374,41.82902249,27.85046752,12.35052965,Saffron,2023,7,211,-0.4999999999999997,-0.8660254037844388,-0.47115950767386394,-0.8820480249558535,15,-0.026239814499999996,-0.029909473,-0.03935832978571428,52.85966294642857,7.122695167214286,8.020419095142858,0.023208000562826122,0.048866306980093525,0.0348100348602833,2.7235492301026265,4.1784393380403575,10.315699226514027,41.45952107
Field_71,2023-08-14,dataset1_field_satellite,1275,ok,34.38346153,74.88532674,0.054930944,0.054971697,-0.054971697,0.082382885,47.69627271,25.15155704,9.521611105,Saffron,2023,8,226,-0.8660254037844384,-0.5000000000000004,-0.680773409477016,-0.732494071613579,16,-0.014672714133333332,-0.017821931666666666,-0.022010749533333332,52.124286915999996,7.471217466066666,9.342422323466668,0.05007101175833551,0.06640015334760926,0.07509503235394055,3.872925487105223,4.246678159029747,11.181594856253186,30.32783788
Field_71,2023-08-29,dataset1_field_satellite,1276,ok,34.38346153,74.88532674,0.226276632,0.238779043,-0.238779043,0.339355775,36.56033433,29.00386542,5.69452742,Saffron,2023,8,241,-0.8660254037844384,-0.5000000000000004,-0.8452490573530633,-0.5343725582809785,17,-0.010322485499999999,-0.013272329874999999,-0.015486147374999999,51.847536028125,7.5993670685,10.33049324325,0.0514077584663332,0.0666800597156607,0.07710019385070226,3.9019275454307913,4.134579481674375,11.502756433761384,31.07899176
Field_71,2023-09-13,dataset1_field_satellite,1277,ok,34.38346153,74.88532674,0.179508606,0.204167248,-0.204167248,0.269203159,38.80539981,19.46692818,5.357729003,Saffron,2023,9,256,-1.0,-1.8369701987210297e-16,-0.9536809966304455,-0.300819807635668,18,0.003595109647058825,0.0015542214705882346,0.0053869068823529445,50.94828886941177,7.487317677411765,11.428926900705882,0.07596364925502823,0.0889122802969928,0.11392781529150013,5.29343426811882,4.029858793416367,12.023114331286171,29.81663594
Field_71,2023-09-28,dataset1_field_satellite,1278,ok,34.38346153,74.88532674,-0.026771493,-0.046056998,0.046056998,-0.040154297,53.68965609,14.46667212,4.102731551,Saffron,2023,9,271,-1.0,-1.8369701987210297e-16,-0.9988797155850335,-0.04732138832243232,19,0.013368081666666667,0.012810500722222222,0.020043365333333337,50.27368392166667,7.3690071955,11.875482527333332,0.08455905581713213,0.09859533073139105,0.12681741309667427,5.879101788559287,3.941628400262443,11.816997980075115,32.10139565
Field_71,2023-10-13,dataset1_field_satellite,1279,ok,34.38346153,74.88532674,0.000140149,0.013358262,-0.013358262,0.000206387,50.38080805,5.453350643,1.469494768,Saffron,2023,10,286,-0.8660254037844386,0.5000000000000001,-0.9778483415056568,0.20931464596304888,20,0.01125547247368421,0.009712211315789473,0.01687506731578948,50.45347193052632,7.1970979510526325,12.011860926947367,0.08269097857270918,0.0967645082353968,0.12401572277408564,5.766955475929991,3.9031784710632804,11.49943327747089,31.08942445
Field_71,2023-10-28,dataset1_field_satellite,1280,ok,34.38346153,74.88532674,0.031771714,0.070589544,-0.070589544,0.047651131,47.13527944,7.233489082,4.351096864,Saffron,2023,10,301,-0.8660254037844386,0.5000000000000001,-0.8919813464595487,0.45207220393230374,21,0.0106997063,0.009894513849999998,0.016041633300000004,50.4498387365,6.9107177919,11.68393541275,0.08052385582015231,0.09418718484011097,0.12076557185667307,5.613165793785821,4.009144845796019,11.288393519898168,30.09831864
Field_71,2023-11-27,dataset1_field_satellite,1282,ok,34.38346153,74.88532674,-0.0359749,-0.049724473,0.049724473,-0.054003345,53.97092663,11.37517739,10.79918722,Saffron,2023,11,331,-0.5000000000000004,0.8660254037844384,-0.5524353131676203,0.8335557718385695,22,0.011703135238095238,0.012784753380952382,0.01754684747619048,50.29200257952381,6.7888310810476185,11.472009397,0.07861953351837818,0.09275283108440327,0.11790965288141637,5.518641682382551,3.9473489902432997,11.045343009896074,43.38956923
Field_71,2023-12-11,dataset1_field_satellite,1281,ok,34.38346153,74.88532674,0.009612393,0.024436536,-0.024436536,0.014416124,49.71836411,3.795220655,4.261722982,Saffron,2023,12,345,-2.4492935982947064e-16,1.0,-0.33752289959411347,0.941317317512847,23,0.009535951818181818,0.009943424909090908,0.014294566000000003,50.459226400000006,6.971119996454546,11.467607942136363,0.0773952407204335,0.0914933116529009,0.11607478162807142,5.44245829786859,3.9459635428152207,10.779170818806216,30.8807706
Field_71,2023-12-12,dataset1_field_satellite,1283,ok,34.38346153,74.88532674,0.010072091,0.027263293,-0.027263293,0.015106969,49.5693227,4.842529221,10.99486898,Saffron,2023,12,346,-2.4492935982947064e-16,1.0,-0.32126966169236515,0.9469877530760751,24,0.009539275347826087,0.010573560173913043,0.014299851130434785,50.42701499608696,6.853320126260869,11.134025886173914,0.07561580360277345,0.08944080451495429,0.11340604193941009,5.3195711187475565,3.896413615989436,10.652159726210671,42.14807879
Field_71,2023-12-27,dataset1_field_satellite,1284,ok,34.38346153,74.88532674,-0.040824831,-0.088718023,0.088718023,-0.061229367,56.0116395,0.791523478,4.077330553,Saffron,2023,12,361,-2.4492935982947064e-16,1.0,-0.06880242680232064,0.9976303053065857,25,0.009561476000000001,0.011268965708333334,0.01433348104166667,50.391277817083335,7.0258846618333335,10.871880191791666,0.0739537948176794,0.08754114717475057,0.11091341941782384,5.20558811819501,3.903413232836465,10.496874880370244,32.81081876
Field_72,2023-01-01,dataset1_field_satellite,1285,ok,34.19831024,74.8118553,0.205309169,0.225919976,-0.225919976,0.307909547,37.43111255,-1.226594255,5.537417544,Saffron,2023,1,1,0.49999999999999994,0.8660254037844387,0.017213356155834685,0.9998518392091162,1,,,,,,,,,,,,,30.47389558
Field_72,2023-01-04,dataset1_field_satellite,1289,ok,34.19831024,74.8118553,0.139499409,0.085883051,-0.085883051,0.209201822,45.25411678,-1.251623301,1.619078422,Saffron,2023,1,4,0.49999999999999994,0.8660254037844387,0.06880242680231986,0.9976303053065857,2,0.205309169,0.225919976,0.307909547,37.43111255,5.537417544,-1.226594255,,,,,,,40.55187679
Field_72,2023-01-05,dataset1_field_satellite,1291,ok,34.19831024,74.8118553,0.548025317,0.499334101,-0.499334101,0.821927174,19.96927542,3.615895528,15.01669365,Saffron,2023,1,5,0.49999999999999994,0.8660254037844387,0.08596479873744647,0.9962981749346078,3,0.172404289,0.1559015135,0.2585556845,41.342614665,3.5782479830000002,-1.2391087779999999,0.046534527564259215,0.09902105928401196,0.06979690170299689,5.531699340284042,2.770684164154743,0.01769820815323011,52.96678119
Field_72,2023-02-03,dataset1_field_satellite,1287,ok,34.19831024,74.8118553,0.422217919,0.409707902,-0.409707902,0.633216836,25.83083602,1.708523382,14.06086351,Saffron,2023,2,34,0.8660254037844386,0.5000000000000001,0.5524353131676196,0.8335557718385699,4,0.29761129833333333,0.2703790426666666,0.446346181,34.21816825,7.391063205333334,0.37922599066666657,0.2193470234272776,0.21028052487850354,0.32898573748844867,12.945001311559166,6.888470449070628,2.803065979193515,48.98149255
Field_72,2023-02-15,dataset1_field_satellite,1286,ok,34.19831024,74.8118553,0.131987834,0.127291496,-0.127291496,0.197958443,43.21633535,-3.156286811,11.93658746,Saffron,2023,2,46,0.8660254037844386,0.5000000000000001,0.7116566222817746,0.7025274741691571,5,0.3287629535,0.3052112575,0.49306384475,32.1213351925,9.058513281500002,0.7115503384999999,0.1896236103515666,0.18528824082916842,0.2844021285766181,11.371112879644258,6.538774791797448,2.3832492829033782,41.02134797
Field_72,2023-03-17,dataset1_field_satellite,1288,ok,34.19831024,74.8118553,0.42451261,0.405699454,-0.405699454,0.636667487,26.01208947,2.480716623,4.558067958,Saffron,2023,3,76,1.0,6.123233995736766e-17,0.9657399376548549,0.2595117970697999,6,0.2894079296,0.2696273052,0.4340427644,34.340335224,9.634128117200001,-0.06201709140000009,0.18631136501276546,0.17910859121945913,0.2794295397458708,11.027078570056243,5.807180385417178,2.692942758648066,46.55067514
Field_72,2023-04-16,dataset1_field_satellite,1290,ok,34.19831024,74.8118553,0.541022027,0.512403667,-0.512403667,0.811433283,19.37341001,24.49365966,14.75139434,Saffron,2023,4,106,0.8660254037844387,-0.4999999999999998,0.9679377830240642,-0.25119006388481935,7,0.31192537633333334,0.2923059966666667,0.4678135515,32.952294265,8.788118090666666,0.361771861,0.17553276682906518,0.16955780205799145,0.2632631582925961,10.432502847127566,5.592233275980965,2.622810518917023,52.34081962
Field_72,2023-05-16,dataset1_field_satellite,1292,ok,34.19831024,74.8118553,0.42134593,0.426533649,-0.426533649,0.631930362,24.98054534,8.896208913,1.940824396,Saffron,2023,5,136,0.49999999999999994,-0.8660254037844387,0.717676913675962,-0.6963762255968722,8,0.3446534692857143,0.323748521,0.5169020845714286,31.012453657142856,9.640014697714287,3.8091844037142857,0.18213828996210624,0.17572317212246077,0.2731739933611792,10.81843183953563,5.58041118388111,9.430015121555456,46.10206935
Field_72,2023-05-31,dataset1_field_satellite,1293,ok,34.19831024,74.8118553,0.397448853,0.401629915,-0.401629915,0.596081998,26.4962967,17.16546751,6.933531651,Saffron,2023,5,151,0.49999999999999994,-0.8660254037844387,0.5160623910158528,-0.8565509959010036,9,0.354240026875,0.336596662,0.53128061925,30.258465117500002,8.67761591,4.445062467375,0.1707933826340355,0.16669732367609488,0.2561589212148034,10.240443161470704,5.839689005618268,8.91382715800812,45.57000202
Field_72,2023-06-15,dataset1_field_satellite,1294,ok,34.19831024,74.8118553,0.371279195,0.362951843,-0.362951843,0.556835173,28.73863552,24.80060354,6.698337226,Saffron,2023,6,166,1.2246467991473532e-16,-1.0,0.2802306751992159,-0.9599326896597447,10,0.35904100755555557,0.343822579,0.5384807724444445,29.840446404444442,8.48382877011111,5.858440805444444,0.1604104948159087,0.15743069235093313,0.24058636423829505,9.660796987080294,5.493378088419125,9.354304902888469,34.73043423
Field_72,2023-06-30,dataset1_field_satellite,1295,ok,34.19831024,74.8118553,0.416680743,0.363820456,-0.363820456,0.624928121,28.23060004,29.81745159,7.10193086,Saffron,2023,6,181,1.2246467991473532e-16,-1.0,0.02581844022713308,-0.9996666485105112,11,0.3602648263,0.3457355054,0.5403162125,29.730265315999997,8.3052796157,7.7526570789,0.15128597301703894,0.14855029788661436,0.22690124745678117,9.114948502976427,5.209892349359906,10.661192021563133,36.47269392
Field_72,2023-07-15,dataset1_field_satellite,1296,ok,34.19831024,74.8118553,0.536958513,0.473721158,-0.473721158,0.805313106,21.39020812,28.82546724,14.96777321,Saffron,2023,7,196,-0.4999999999999997,-0.8660254037844388,-0.23030567023061196,-0.973118337233262,12,0.365393546,0.3473795918181818,0.5480082041818182,29.593932109090908,8.195884274272727,9.758547489,0.1445269611246077,0.1410326385048391,0.21676390978219567,8.65901332526335,4.955837084763066,12.105968507278543,52.91461773
Field_72,2023-08-14,dataset1_field_satellite,1297,ok,34.19831024,74.8118553,0.595547276,0.536321913,-0.536321913,0.893184468,17.59518034,26.16470959,8.669266508,Saffron,2023,8,226,-0.8660254037844384,-0.5000000000000004,-0.680773409477016,-0.732494071613579,13,0.3796906265833333,0.35790805566666667,0.5694502793333333,28.910288443333332,8.76020835225,11.34745746825,0.14643089734266956,0.13932762565248036,0.21961838540743683,8.588987563467022,5.113619531880573,12.787765974190652,40.67706911
Field_72,2023-08-29,dataset1_field_satellite,1298,ok,34.19831024,74.8118553,0.564099333,0.519096596,-0.519096596,0.846031091,18.79595419,29.58612763,8.053997892,Saffron,2023,8,241,-0.8660254037844384,-0.5000000000000004,-0.8452490573530633,-0.5343725582809785,14,0.39629498423076925,0.3716321985384615,0.5943529092307692,28.039895512307695,8.75321282576923,12.487246093,0.15244453000798686,0.14227818619103885,0.22863664395805272,8.801803140562024,4.89598292921598,12.914652433503685,39.73812676
Field_72,2023-09-13,dataset1_field_satellite,1299,ok,34.19831024,74.8118553,0.504995305,0.479034086,-0.479034086,0.757387604,21.44534302,22.21355727,7.620299372,Saffron,2023,9,256,-1.0,-1.8369701987210297e-16,-0.9536809966304455,-0.300819807635668,15,0.40828100914285714,0.38216536978571425,0.6123299222142856,27.379613989285712,8.70326890192857,13.708594774214287,0.15317637122295757,0.14226450661656273,0.22973464036079488,8.809993057788843,4.7076187521628325,13.222786344149476,38.07932861
Field_72,2023-09-28,dataset1_field_satellite,1300,ok,34.19831024,74.8118553,0.359297593,0.401977341,-0.401977341,0.538862958,26.86818961,12.60220019,6.498892354,Saffron,2023,9,271,-1.0,-1.8369701987210297e-16,-0.9988797155850335,-0.04732138832243232,16,0.41472862886666667,0.38862328420000003,0.6220004343333333,26.983995924666665,8.631070933266667,14.275592273933334,0.1497018673266095,0.13935244276380984,0.22452378393542263,8.62668441920124,4.544984684139423,12.929642348726498,33.65586687
Field_72,2023-10-13,dataset1_field_satellite,1301,ok,34.19831024,74.8118553,0.315410443,0.348807053,-0.348807053,0.473029614,30.03151082,24.25919939,1.684932861,Saffron,2023,10,286,-0.8660254037844386,0.5000000000000001,-0.9778483415056568,0.20931464596304888,17,0.411264189125,0.38945791274999997,0.6168043420625,26.97675803,8.4978097720625,14.1710052686875,0.14528813885717043,0.13466863812467664,0.21790408650144039,8.334219219048903,4.423109387503945,12.498224790541665,32.80038607
Field_72,2023-10-28,dataset1_field_satellite,1302,ok,34.19831024,74.8118553,0.177808528,0.171779335,-0.171779335,0.266668069,40.47663088,17.3837323,5.418879554,Saffron,2023,10,301,-0.8660254037844386,0.5000000000000001,-0.8919813464595487,0.45207220393230374,18,0.4056257334705883,0.3870666857058824,0.608347005117647,27.156449370588234,8.097052306705883,14.764428452294117,0.14258267841371622,0.13076455903133213,0.21384692025203375,8.103512941355564,4.59036647726796,12.346227754056669,30.25480903
Field_72,2023-11-27,dataset1_field_satellite,1304,ok,34.19831024,74.8118553,0.047919775,0.045150555,-0.045150555,0.071871566,48.26938729,8.716249683,11.71644548,Saffron,2023,11,331,-0.5000000000000004,0.8660254037844384,-0.5524353131676203,0.8335557718385695,19,0.39296922205555557,0.37510627733333335,0.5893648419999999,27.896459454444443,7.948264931555556,14.909945332722222,0.1483823421762204,0.1366325336162251,0.22254500865425916,8.465295653984912,4.497826673414024,11.99350077873655,42.15851148
Field_72,2023-12-11,dataset1_field_satellite,1303,ok,34.19831024,74.8118553,0.181842817,0.166355878,-0.166355878,0.272723934,40.71237459,-2.481244241,12.31195776,Saffron,2023,12,345,-2.4492935982947064e-16,1.0,-0.33752289959411347,0.941317317512847,20,0.37480872484210526,0.3577401866842105,0.5621283537894737,28.96871881421053,8.146590223578947,14.583961351157894,0.16450046983663164,0.15284421532267664,0.24671749094664308,9.461771165809608,4.455766678432177,11.74188101539697,42.54452111
Field_72,2023-12-12,dataset1_field_satellite,1305,ok,34.19831024,74.8118553,0.112387984,0.105294129,-0.105294129,0.16855829,44.53978784,4.532159577,12.37498987,Saffron,2023,12,346,-2.4492935982947064e-16,1.0,-0.32126966169236515,0.9469877530760751,21,0.36516042945000005,0.34817097124999996,0.5476581328,29.555901603000002,8.3548586004,13.730701071549998,0.16582510315427096,0.15480053902512095,0.2487038545810662,9.576478374603857,4.435812349770031,12.048917915692464,41.37605952
Field_72,2023-12-27,dataset1_field_satellite,1306,ok,34.19831024,74.8118553,0.042579207,0.077216381,-0.077216381,0.063864929,46.68650862,-4.61100079,11.76160281,Saffron,2023,12,361,-2.4492935982947064e-16,1.0,-0.06880242680232064,0.9976303053065857,22,0.3531236463333333,0.33660540733333333,0.5296057593333333,30.2694199952381,8.546293422761906,13.292675286095237,0.17077948851682825,0.1599188987620448,0.2561339080689754,9.89013496235493,4.411598662358252,11.914142862805054,41.699473
Field_73,2023-01-01,dataset1_field_satellite,1307,ok,23.38666321,77.48365068,0.455993546,0.464461711,-0.464461711,0.683895272,22.68992097,14.45785857,7.216705739,Linseed,2023,1,1,0.49999999999999994,0.8660254037844387,0.017213356155834685,0.9998518392091162,1,,,,,,,,,,,,,36.41009777
Field_73,2023-01-04,dataset1_field_satellite,1313,ok,23.38666321,77.48365068,0.276931281,0.375998496,-0.375998496,0.415341732,29.03597974,8.657508292,5.824354743,Linseed,2023,1,4,0.49999999999999994,0.8660254037844387,0.06880242680231986,0.9976303053065857,2,0.455993546,0.464461711,0.683895272,22.68992097,7.216705739,14.45785857,,,,,,,30.89120329
Field_73,2023-01-05,dataset1_field_satellite,1315,ok,23.38666321,77.48365068,0.358658029,0.415011096,-0.415011096,0.537914874,26.20916091,11.01901244,6.463142801,Linseed,2023,1,5,0.49999999999999994,0.8660254037844387,0.08596479873744647,0.9962981749346078,3,0.3664624135,0.4202301035,0.549618502,25.862950355,6.5205302409999994,11.557683431000001,0.1266161418361226,0.0625529392120635,0.1898960292456527,4.487341190075361,0.9845408310634434,4.101467014831078,33.43678033
Field_73,2023-01-16,dataset1_field_satellite,1308,ok,23.38666321,77.48365068,0.489388803,0.528228963,-0.528228963,0.733978887,19.09262481,11.53478098,14.83136045,Linseed,2023,1,16,0.49999999999999994,0.8660254037844387,0.2719581575341055,0.9623090774541486,4,0.363860952,0.4184904343333333,0.5457172926666667,25.978353873333333,6.501401094333333,11.378126434,0.08964444485042285,0.04433412284530289,0.13444667814572567,3.1793190142237395,0.696963483098026,2.9168026985705855,50.14995414
Field_73,2023-01-31,dataset1_field_satellite,1309,ok,23.38666321,77.48365068,0.421114622,0.37769486,-0.37769486,0.631594045,27.4768297,6.617862597,14.49926592,Linseed,2023,1,31,0.49999999999999994,0.8660254037844387,0.5086709438521044,0.8609610158889943,5,0.39524291475,0.4459250665,0.59278269125,24.2569216075,8.58389093325,11.4172900705,0.09641954161819699,0.06573415500425035,0.14460709924312973,4.311847528946041,4.203676301518241,2.382847138044749,49.68048297
Field_73,2023-02-03,dataset1_field_satellite,1311,ok,23.38666321,77.48365068,0.416773991,0.503473352,-0.503473352,0.625075313,21.09836044,10.66431179,6.77454022,Linseed,2023,2,34,0.8660254037844386,0.5000000000000001,0.5524353131676196,0.8335557718385699,6,0.4004172562,0.4322790252,0.6005449620000001,24.900903226,9.7669659306,10.4574045758,0.08429955546504,0.06458952365824226,0.12643051095212662,4.002197328904205,4.500167006093559,2.977477317653882,34.29226113
Field_73,2023-02-15,dataset1_field_satellite,1310,ok,23.38666321,77.48365068,0.510254669,0.545596213,-0.545596213,0.765271983,17.99267669,9.006498059,7.510228382,Linseed,2023,2,46,0.8660254037844386,0.5000000000000001,0.7116566222817746,0.7025274741691571,7,0.40314337866666666,0.4441447463333333,0.6046333538333334,24.267146095,9.268228312166666,10.491889111499999,0.07569493050067669,0.06467006479974416,0.11352545514724813,3.901788740328014,4.206380598380248,2.6644759411429018,37.24471319
Field_73,2023-03-17,dataset1_field_satellite,1312,ok,23.38666321,77.48365068,0.118309837,0.110901792,-0.110901792,0.177452469,44.19295692,21.227882,5.030338364,Linseed,2023,3,76,1.0,6.123233995736766e-17,0.9657399376548549,0.2595117970697999,8,0.41844499157142856,0.45863781300000006,0.6275817294285714,23.370793322857143,9.017085465,10.279690389714286,0.0800858555259841,0.07039548236570561,0.12011003178702036,4.279108262635572,3.8969484501516054,2.496275515670008,29.19067437
Field_73,2023-04-16,dataset1_field_satellite,1314,ok,23.38666321,77.48365068,0.241527522,0.338583789,-0.338583789,0.362242744,31.30811236,17.7986293,5.595745761,Linseed,2023,4,106,0.8660254037844387,-0.4999999999999998,0.9679377830240642,-0.25119006388481935,9,0.38092809725,0.41517081037500003,0.571315571875,25.9735637725,8.518742077375,11.648214341,0.12945128022618402,0.1391496837367694,0.194145683746768,8.360039216398489,3.8734375048942438,4.50822083681405,30.10875133
Field_73,2023-05-16,dataset1_field_satellite,1316,ok,23.38666321,77.48365068,0.278027674,0.353180855,-0.353180855,0.416990685,30.18995087,26.75619612,5.887386848,Linseed,2023,5,136,0.49999999999999994,-0.8660254037844387,0.717676913675962,-0.6963762255968722,10,0.3654391444444445,0.40666114133333336,0.5480852576666666,26.566291393333334,8.19396470888889,12.33159378088889,0.1297000333048832,0.1326425096955191,0.19451942238957423,8.019719947089442,3.751986326335431,4.6889887346915735,31.28764562
Field_73,2023-05-31,dataset1_field_satellite,1317,ok,23.38666321,77.48365068,0.285042084,0.375362603,-0.375362603,0.427512322,28.98561664,24.33512303,5.897735403,Linseed,2023,5,151,0.49999999999999994,-0.8660254037844387,0.5160623910158528,-0.8565509959010036,11,0.3566979974,0.40131311270000003,0.5349758004,26.928657341,7.963306922799999,13.7740540148,0.12536767160947765,0.12619491535375515,0.18802176404122864,7.647403927263354,3.611824445554918,6.352210115908536,31.21461677
Field_73,2023-06-15,dataset1_field_satellite,1318,ok,23.38666321,77.48365068,0.2468282,0.349086816,-0.349086816,0.370200289,30.71764671,26.07205104,5.618324426,Linseed,2023,6,166,1.2246467991473532e-16,-1.0,0.2802306751992159,-0.9599326896597447,12,0.35018382345454546,0.3989539754545455,0.5252063932727272,27.11565364090909,7.775527693727272,14.734151198000001,0.12088063062547147,0.11997442147807623,0.18129208435466893,7.281425129878579,3.482616784910437,6.815802860563088,30.1504821
Field_73,2023-08-29,dataset1_field_satellite,1319,ok,23.38666321,77.48365068,0.442117047,0.450056544,-0.450056544,0.663085463,23.5672307,28.47564904,13.7362952,Linseed,2023,8,241,-0.8660254037844384,-0.5000000000000004,-0.8452490573530633,-0.5343725582809785,13,0.3415708548333333,0.39479837883333335,0.5122892179166667,27.41581973,7.59576075475,15.678976184833333,0.1190544011488998,0.115293350704239,0.1785529841985441,7.020001794337832,3.378433321896425,7.27628356748446,48.93976178
Field_73,2023-09-13,dataset1_field_satellite,1320,ok,23.38666321,77.48365068,0.442117047,0.450056544,-0.450056544,0.663085463,23.5672307,16.99178063,13.81720208,Linseed,2023,9,256,-1.0,-1.8369701987210297e-16,-0.9536809966304455,-0.300819807635668,14,0.3493051773076923,0.39904900692307693,0.5238889290769231,27.11977442,8.06810955823077,16.66333563523077,0.11734753755674676,0.1114438224664706,0.17599317327491137,6.805371395124574,3.6555621773636116,7.81849110763718,48.98149255
Field_73,2023-09-28,dataset1_field_satellite,1321,ok,23.38666321,77.48365068,0.510764607,0.515536496,-0.515536496,0.766042538,19.52244929,20.20435916,7.585490598,Linseed,2023,9,271,-1.0,-1.8369701987210297e-16,-0.9988797155850335,-0.04732138832243232,15,0.35593459657142856,0.40269240242857146,0.5338315386428572,26.866021297142858,8.478759024071428,16.686795992,0.11544032397954346,0.10793610467400819,0.17313286643921008,6.606966345203269,3.833544463945229,7.51227615348193,37.73504975
Field_73,2023-10-13,dataset1_field_satellite,1322,ok,23.38666321,77.48365068,0.449236386,0.489302043,-0.489302043,0.673756686,21.49047509,27.02172,7.097226971,Linseed,2023,10,286,-0.8660254037844386,0.5000000000000001,-0.9778483415056568,0.20931464596304888,16,0.36625659726666665,0.410215342,0.5493122719333333,26.376449830000002,8.419207795666667,16.9213002032,0.11820631656452857,0.10801372437783964,0.17728145790022826,6.642981808048672,3.7012889095801564,7.295762842446217,35.76327081
Field_73,2023-10-28,dataset1_field_satellite,1323,ok,23.38666321,77.48365068,0.379253598,0.449318739,-0.449318739,0.568797529,24.24692276,24.88139799,6.566628348,Linseed,2023,10,301,-0.8660254037844386,0.5000000000000001,-0.8919813464595487,0.45207220393230374,17,0.3714428340625,0.4151582608125,0.5570900478125,26.07107640875,8.336583994125,17.5525764405,0.11606709506865384,0.10620774996470475,0.17407288240726393,6.532940147520827,3.5910254850114156,7.487039919808894,33.68716495
Field_73,2023-11-27,dataset1_field_satellite,1325,ok,23.38666321,77.48365068,0.295971312,0.379565024,-0.379565024,0.443892426,28.65940378,19.80367787,12.68920962,Linseed,2023,11,331,-0.5000000000000004,0.8660254037844384,-0.5524353131676203,0.8335557718385695,18,0.3719022907647059,0.4171677007058823,0.5577787231764706,25.963773252941177,8.232468956117646,17.983683590470587,0.11239744706024962,0.10316842635068588,0.16856926030297692,6.3409453339851005,3.503395000744851,7.4640330056283375,43.81730963
Field_73,2023-12-11,dataset1_field_satellite,1324,ok,23.38666321,77.48365068,0.328169847,0.418148584,-0.418148584,0.4921825,26.36031901,10.74807914,12.91687783,Linseed,2023,12,345,-2.4492935982947064e-16,1.0,-0.33752289959411347,0.941317317512847,19,0.36768390305555554,0.4150786631111111,0.5514517066666667,26.113530504444444,8.480065659666668,18.084794383777776,0.11050051501588454,0.10047973018327827,0.1657246221380474,6.184345214172587,3.5574237832194093,7.253871086035004,44.5893289
Field_73,2023-12-12,dataset1_field_satellite,1326,ok,23.38666321,77.48365068,0.424344447,0.453964459,-0.453964459,0.636414753,23.54918481,8.333124009,6.957991871,Linseed,2023,12,346,-2.4492935982947064e-16,1.0,-0.32126966169236515,0.9469877530760751,20,0.36560421589473685,0.41524023789473685,0.5483322747368421,26.126519373157894,8.71358208968421,17.69865147621053,0.10776913819985197,0.09765128531140099,0.1616283475395776,6.010369911152562,3.603923180555385,7.247648459519302,35.3563958
Field_73,2023-12-27,dataset1_field_satellite,1327,ok,23.38666321,77.48365068,0.470161203,0.497357648,-0.497357648,0.705133785,20.86541814,10.53993332,7.265626179,Linseed,2023,12,361,-2.4492935982947064e-16,1.0,-0.06880242680232064,0.9976303053065857,21,0.36854122745,0.41717644895,0.55273639865,25.997652645,8.625802578750001,17.230375102849997,0.10571392944189746,0.09544039485972779,0.15854562782380935,5.878383044851306,3.5296989092506745,7.358628293843136,36.45182854
Field_74,2023-01-04,dataset1_field_satellite,1333,ok,26.75810493,81.02145185,0.343599071,0.38850655,-0.38850655,0.515328796,27.71639408,9.806826761,6.390702918,Linseed,2023,1,4,0.49999999999999994,0.8660254037844387,0.06880242680231986,0.9976303053065857,1,,,,,,,,,,,,,33.26985724
Field_74,2023-01-05,dataset1_field_satellite,1335,ok,26.75810493,81.02145185,0.265752478,0.34516001,-0.34516001,0.398583986,30.72489531,5.779095432,12.95733127,Linseed,2023,1,5,0.49999999999999994,0.8660254037844387,0.08596479873744647,0.9962981749346078,2,0.343599071,0.38850655,0.515328796,27.71639408,6.390702918,9.806826761,,,,,,,43.33740576
Field_74,2023-01-16,dataset1_field_satellite,1328,ok,26.75810493,81.02145185,0.373886083,0.341447041,-0.341447041,0.560748962,29.81014086,13.70423022,13.62810577,Linseed,2023,1,16,0.49999999999999994,0.8660254037844387,0.2719581575341055,0.9623090774541486,3,0.3046757745,0.36683328000000004,0.456956391,29.220644695,9.674017094,7.7929610965,0.0550458538025692,0.03065063237497394,0.08255104681933509,2.127331620941069,4.643307437231043,2.8480361355334054,47.94865597
Field_74,2023-01-31,dataset1_field_satellite,1329,ok,26.75810493,81.02145185,0.546676141,0.507101543,-0.507101543,0.819899937,19.58641486,4.302808815,7.926992903,Linseed,2023,1,31,0.49999999999999994,0.8660254037844387,0.5086709438521044,0.8609610158889943,4,0.3277458773333333,0.3583712003333333,0.4915539146666667,29.417143416666665,10.992046652666666,9.763384137666668,0.05578272084300508,0.026163925725088376,0.08365586409260684,1.5422727241242973,3.9989695836402284,3.9627459921288812,39.2477902
Field_74,2023-02-03,dataset1_field_satellite,1331,ok,26.75810493,81.02145185,0.549128117,0.541995451,-0.541995451,0.823579057,17.77953768,8.606039632,7.86678313,Linseed,2023,2,34,0.8660254037844386,0.5000000000000001,0.5524353131676196,0.8335557718385699,5,0.38247844324999997,0.395553786,0.5736404202500001,26.9594612775,10.225783215249999,8.398240307,0.11856259830593625,0.07737277329268553,0.17781539114181757,5.074105119043215,3.6069114825114417,4.233600663625631,38.79918441
Field_74,2023-02-15,dataset1_field_satellite,1330,ok,26.75810493,81.02145185,0.556999633,0.539045922,-0.539045922,0.83539144,17.84976274,14.718002,7.943926901,Linseed,2023,2,46,0.8660254037844386,0.5000000000000001,0.7116566222817746,0.7025274741691571,6,0.41580837800000003,0.424842119,0.6236281476000001,25.123476558,9.7539831982,8.439800172,0.12687489917232403,0.0936960073047162,0.19028294569739526,6.013659993756954,3.297018973625503,3.66758327051788,39.14346327
Field_74,2023-03-17,dataset1_field_satellite,1332,ok,26.75810493,81.02145185,0.427271422,0.447641954,-0.447641954,0.640809293,23.84214671,26.19781332,8.919513377,Linseed,2023,3,76,1.0,6.123233995736766e-17,0.9657399376548549,0.2595117970697999,7,0.4393402538333333,0.4438760861666667,0.6589220296666667,23.91119092166667,9.452307148666666,9.486167143333333,0.12728034849654685,0.09590049459980282,0.1908927138647176,6.144029947906422,3.0401180771689575,4.16296008497918,45.99774242
Field_74,2023-04-16,dataset1_field_satellite,1334,ok,26.75810493,81.02145185,0.287086032,0.360348116,-0.360348116,0.430579979,29.73144736,13.78113567,5.951359732,Linseed,2023,4,106,0.8660254037844387,-0.4999999999999998,0.9679377830240642,-0.25119006388481935,8,0.43761613499999996,0.4444140672857143,0.6563344958571429,23.901327462857143,9.376193752714284,11.873545168571427,0.11628003853382944,0.08755634387560678,0.17439483217889645,5.608767037598101,2.7825320026752123,7.371491079738874,31.52759755
Field_74,2023-05-16,dataset1_field_satellite,1336,ok,26.75810493,81.02145185,0.297431078,0.37468151,-0.37468151,0.446097314,28.89386898,12.03570931,6.010628727,Linseed,2023,5,136,0.49999999999999994,-0.8660254037844387,0.717676913675962,-0.6963762255968722,9,0.418799872125,0.433905823375,0.62811518125,24.63009245,8.948089500125,12.11199398125,0.1200911452005844,0.08633851876857132,0.1801094147973311,5.586861076994593,2.8465068351084053,6.85791850202603,31.69452063
Field_74,2023-05-31,dataset1_field_satellite,1337,ok,26.75810493,81.02145185,0.281559923,0.328480567,-0.328480567,0.42229631,31.41518117,17.90484608,5.977701508,Linseed,2023,5,151,0.49999999999999994,-0.8660254037844387,0.5160623910158528,-0.8565509959010036,10,0.40531445055555554,0.4273253441111111,0.6078909737777778,25.10384539777778,8.621704969777777,12.103517906666667,0.11939789409905899,0.08314007283698589,0.17906882265548862,5.415844006864096,2.836990971412987,6.415045752170452,31.80928025
Field_74,2023-06-15,dataset1_field_satellite,1338,ok,26.75810493,81.02145185,0.260679652,0.313419532,-0.313419532,0.390981187,32.39751099,33.69166497,12.4540152,Linseed,2023,6,166,1.2246467991473532e-16,-1.0,0.2802306751992159,-0.9599326896597447,11,0.39293899779999997,0.41744086640000005,0.5893315074000001,25.734978975,8.3573046236,12.683650724,0.1191779816090995,0.08438762064073753,0.1787381658175166,5.482300751410494,2.8023763933556665,6.320270420873894,43.35827115
Field_74,2023-08-29,dataset1_field_satellite,1339,ok,26.75810493,81.02145185,0.107425589,0.05199789,-0.05199789,0.161119315,47.31200706,34.84112176,12.58007941,Linseed,2023,8,241,-0.8660254037844384,-0.5000000000000004,-0.8452490573530633,-0.5343725582809785,12,0.3809154209090909,0.4079843814545454,0.571299660090909,26.340663703636366,8.729732857818181,14.593470200909088,0.1198886257496707,0.08598150759566979,0.1798032853398155,5.575433012023445,2.9315035035123196,8.721969453734092,42.33586726
Field_74,2023-09-28,dataset1_field_satellite,1340,ok,26.75810493,81.02145185,0.654534078,0.576446741,-0.576446741,0.981649777,14.94380643,19.40310774,8.727594726,Linseed,2023,9,271,-1.0,-1.8369701987210297e-16,-0.9988797155850335,-0.04732138832243232,13,0.3581246015833333,0.3783188405,0.5371179646666667,28.08827565,9.0505950705,16.2807744975,0.13892328054545952,0.13145827085596734,0.2083527319592907,8.056629143445848,3.0079722219556304,10.164693599574473,42.32543457
Field_74,2023-10-13,dataset1_field_satellite,1341,ok,26.75810493,81.02145185,0.603683047,0.549117638,-0.549117638,0.905395939,16.85868508,11.40800167,8.33717198,Linseed,2023,10,286,-0.8660254037844386,0.5000000000000001,-0.9778483415056568,0.20931464596304888,14,0.38092533053846156,0.39355944823076927,0.5713127194615384,27.077162633076924,9.025748890153846,16.520953977692308,0.15636407362059748,0.13733448282852653,0.23450787938414774,8.531747241196022,2.881307134883394,9.770405997226108,40.79182873
Field_74,2023-10-28,dataset1_field_satellite,1342,ok,26.75810493,81.02145185,0.382825467,0.328988384,-0.328988384,0.574174474,30.35503754,13.08069584,13.7447622,Linseed,2023,10,301,-0.8660254037844386,0.5000000000000001,-0.8919813464595487,0.45207220393230374,15,0.396836596,0.4046707475,0.5951758065714285,26.34727137928572,8.976564825142857,16.155743098571428,0.16159620266712882,0.1383415558261843,0.2423549029080453,8.640011743054501,2.774380607465418,9.48604227962619,48.54331946
Field_74,2023-11-27,dataset1_field_satellite,1344,ok,26.75810493,81.02145185,0.452125524,0.538563783,-0.538563783,0.678070992,18.94544893,17.59879119,13.63186888,Linseed,2023,11,331,-0.5000000000000004,0.8660254037844384,-0.5524353131676203,0.8335557718385695,16,0.3959025207333333,0.39962525660000003,0.5937757177333334,26.61445579,9.294444650133332,15.950739948,0.155760014491264,0.13473386051184036,0.23360197203864927,8.38978466827619,2.943314861980782,9.175396048156673,47.88605981
Field_74,2023-12-11,dataset1_field_satellite,1343,ok,26.75810493,81.02145185,0.390285527,0.429983387,-0.429983387,0.585347535,25.12160261,6.217637162,14.04110718,Linseed,2023,12,345,-2.4492935982947064e-16,1.0,-0.33752289959411347,0.941317317512847,17,0.3994164584375,0.4083089145,0.599044172375,26.13514286125,9.5655336645,16.053743150625,0.1511334976250613,0.13472005637463008,0.22666273421092023,8.328972033413038,3.043253239162186,8.873844771039774,47.41658864
Field_74,2023-12-12,dataset1_field_satellite,1345,ok,26.75810493,81.02145185,0.39220092,0.407738128,-0.407738128,0.588208263,26.23798111,9.875571157,6.780184886,Linseed,2023,12,346,-2.4492935982947064e-16,1.0,-0.32126966169236515,0.9469877530760751,18,0.3988793448235294,0.4095838834705883,0.5982384878235294,26.07552284647059,9.828802694823528,15.475148680705884,0.14635113621165946,0.13054801614779868,0.2194903883012016,8.068238126896079,3.1401963768025793,8.917099723973307,34.84519385
Field_74,2023-12-27,dataset1_field_satellite,1346,ok,26.75810493,81.02145185,0.353094814,0.357127563,-0.357127563,0.529564025,29.22176349,5.825738497,13.17182858,Linseed,2023,12,361,-2.4492935982947064e-16,1.0,-0.06880242680232064,0.9976303053065857,19,0.3985083212222222,0.40948134150000004,0.5976812531111111,26.084548305555558,9.659435038777778,15.164061040499998,0.14199018289014242,0.12665092597786676,0.21295007770758934,7.827434370377996,3.1300353864750377,8.750959573879848,46.64456937
Field_75,2023-01-04,dataset1_field_satellite,1352,ok,25.41662535,82.83942679,0.342822621,0.38286738,-0.38286738,0.51416797,28.01228455,5.948556055,13.14736836,Linseed,2023,1,4,0.49999999999999994,0.8660254037844387,0.06880242680231986,0.9976303053065857,1,,,,,,,,,,,,,45.83081934
Field_75,2023-01-05,dataset1_field_satellite,1354,ok,25.41662535,82.83942679,0.320161095,0.307698648,-0.307698648,0.480049086,32.08216783,8.117804051,13.37127345,Linseed,2023,1,5,0.49999999999999994,0.8660254037844387,0.08596479873744647,0.9962981749346078,2,0.342822621,0.38286738,0.51416797,28.01228455,13.14736836,5.948556055,,,,,,,46.25855974
Field_75,2023-01-16,dataset1_field_satellite,1347,ok,25.41662535,82.83942679,0.549443544,0.469921874,-0.469921874,0.824065513,21.45670815,10.75625463,15.53506217,Linseed,2023,1,16,0.49999999999999994,0.8660254037844387,0.2719581575341055,0.9623090774541486,3,0.33149185800000003,0.345283014,0.49710852800000005,30.047226190000003,13.259320905,7.033180053000001,0.016024118706635268,0.053152320130394205,0.024125694242917228,2.877842065925749,0.15832480748118527,1.5338899680469287,53.77009853
Field_75,2023-01-31,dataset1_field_satellite,1348,ok,25.41662535,82.83942679,0.684560799,0.630583584,-0.630583584,1.026717369,11.87268349,12.23573767,8.868711381,Linseed,2023,1,31,0.49999999999999994,0.8660254037844387,0.5086709438521044,0.8609610158889943,4,0.40414241999999995,0.3868293006666667,0.6060941896666666,27.183720176666668,14.017901326666667,8.274204912,0.12634357390429357,0.08118415100860814,0.18953798539637048,5.360968899685427,1.318660737543934,2.407662210320504,42.63841535
Field_75,2023-02-03,dataset1_field_satellite,1350,ok,25.41662535,82.83942679,0.579397295,0.556192961,-0.556192961,0.868977695,16.74541546,12.72293346,15.26035508,Linseed,2023,2,34,0.8660254037844386,0.5000000000000001,0.5524353131676196,0.8335557718385699,5,0.47424701475,0.4477678715,0.7112499845,23.355961005,12.73060384025,9.264588101500001,0.17407014658326692,0.1387369762446037,0.2611144002543653,8.818557297013465,2.7906600237157653,2.7906977014443988,53.42581967
Field_75,2023-02-15,dataset1_field_satellite,1349,ok,25.41662535,82.83942679,0.620374045,0.593373426,-0.593373426,0.930442762,14.42832806,13.95350622,8.38232931,Linseed,2023,2,46,0.8660254037844386,0.5000000000000001,0.7116566222817746,0.7025274741691571,6,0.4952770708,0.4694528894,0.7427955265999999,22.033851896,13.2365540882,9.956257173200001,0.15791335673707507,0.12956527868120535,0.23687792984375308,8.189327022474798,2.6684763054929475,2.869324967543235,40.73966526
Field_75,2023-03-17,dataset1_field_satellite,1351,ok,25.41662535,82.83942679,0.573698385,0.579173693,-0.579173693,0.86041615,15.63012112,27.73707077,15.12488309,Linseed,2023,3,76,1.0,6.123233995736766e-17,0.9657399376548549,0.2595117970697999,7,0.5161265665,0.49010631216666667,0.7740700658333334,20.766264590000002,12.427516625166668,10.622465347666667,0.1501915823687949,0.1264480620004226,0.22529426034232086,7.955672638741666,3.1022350545905297,3.0412860118461142,52.76856003
Field_75,2023-04-16,dataset1_field_satellite,1353,ok,25.41662535,82.83942679,0.275205158,0.331928693,-0.331928693,0.412759931,31.30400518,10.40247996,5.912787846,Linseed,2023,4,106,0.8660254037844387,-0.4999999999999998,0.9679377830240642,-0.25119006388481935,8,0.524351112,0.5028302237142858,0.7864052207142856,20.032529808571432,12.81285469157143,13.067408979428572,0.13882156971981363,0.12023953507569948,0.20823787385476764,7.517480055534914,3.009864325217863,7.0393249706436585,31.50673216
Field_75,2023-05-16,dataset1_field_satellite,1355,ok,25.41662535,82.83942679,0.307603295,0.35256168,-0.35256168,0.461358393,29.91951658,13.10203588,6.153626938,Linseed,2023,5,136,0.49999999999999994,-0.8660254037844387,0.717676913675962,-0.6963762255968722,9,0.49320786775000003,0.481467532375,0.7396995595,21.44146423,11.950346335875,12.734292852,0.15581264500862535,0.12666135464398612,0.2337084645619373,8.019978853996188,3.7035746574183452,6.584903645002089,32.43524182
Field_75,2023-05-31,dataset1_field_satellite,1356,ok,25.41662535,82.83942679,0.29804196,0.340065558,-0.340065558,0.447018837,30.65527192,28.67601972,6.097180276,Linseed,2023,5,151,0.49999999999999994,-0.8660254037844387,0.5160623910158528,-0.8565509959010036,10,0.47258513744444447,0.4671446598888889,0.7087727632222223,22.383470046666666,11.306266402777778,12.775153188444444,0.15833684299243822,0.12603179559737698,0.2374876652775372,8.01663444619575,3.9667943896368243,6.160832948235632,32.26831874
Field_75,2023-06-15,dataset1_field_satellite,1357,ok,25.41662535,82.83942679,0.2399751,0.29571482,-0.29571482,0.359927669,33.51304398,29.14704247,12.30913543,Linseed,2023,6,166,1.2246467991473532e-16,-1.0,0.2802306751992159,-0.9599326896597447,11,0.4551308197,0.4544367497,0.6825973706,23.210650234000003,10.785357790099999,14.365239841600001,0.15915863348093198,0.12543537350417636,0.23871571548491596,7.99799876608011,4.086628361508942,7.682597229651464,42.76360766
Field_75,2023-08-29,dataset1_field_satellite,1358,ok,25.41662535,82.83942679,0.664728701,0.599028618,-0.599028618,0.996966369,13.68656073,31.69163857,15.62349527,Linseed,2023,8,241,-0.8660254037844384,-0.5000000000000004,-0.8452490573530633,-0.5343725582809785,12,0.4355712088181818,0.4400074833636364,0.6532637613636364,24.147231483636368,10.923883030090908,15.709040080545456,0.16433710994993012,0.1282609474102772,0.24647868158661568,8.19879348714624,3.904044043276185,8.543059175601677,56.24264672
Field_75,2023-09-28,dataset1_field_satellite,1359,ok,25.41662535,82.83942679,0.701795706,0.621580621,-0.621580621,1.052546217,12.15639622,6.793016751,16.46831364,Linseed,2023,9,271,-1.0,-1.8369701987210297e-16,-0.9988797155850335,-0.04732138832243232,13,0.4546676665,0.4532592445833334,0.6819056453333333,23.275508920833335,11.315517383416667,17.040923288,0.1700812418009519,0.1306240676214724,0.2550943848594077,8.380220090116426,3.9618800005168273,9.361405783679762,57.79711794
Field_75,2023-10-13,dataset1_field_satellite,1360,ok,25.41662535,82.83942679,0.644192991,0.584069901,-0.584069901,0.966159775,14.6601468,10.50058801,8.617523735,Linseed,2023,10,286,-0.8660254037844386,0.5000000000000001,-0.9778483415056568,0.20931464596304888,14,0.47367751569230765,0.46620704276923075,0.7104164585384615,22.42019255923077,11.711886326230768,16.252622785153847,0.17667727595890775,0.13349213834790508,0.26498612641595015,8.595702824575623,4.0534997777697015,9.402731248723654,41.80379993
Field_75,2023-10-28,dataset1_field_satellite,1361,ok,25.41662535,82.83942679,0.578257085,0.589229019,-0.589229019,0.867261217,15.07009479,20.90642856,14.65731657,Linseed,2023,10,301,-0.8660254037844386,0.5000000000000001,-0.8919813464595487,0.45207220393230374,15,0.48585719250000003,0.47462581835714285,0.7286838382857143,21.865903576428572,11.490860426857143,15.841763158357143,0.17575704866543015,0.13206676761427746,0.2636058610808482,8.51492032979568,3.9813166642344466,9.163719787300979,52.52860809
Field_75,2023-11-27,dataset1_field_satellite,1363,ok,25.41662535,82.83942679,0.319587025,0.376130433,-0.376130433,0.479311543,28.59360474,16.33738795,8.963729928,Linseed,2023,11,331,-0.5000000000000004,0.8660254037844384,-0.5524353131676203,0.8335557718385695,16,0.49201718533333333,0.4822660317333333,0.7379223302,21.412849657333332,11.701957503066668,16.179407518466668,0.1710358315593928,0.13065754176914102,0.2565245872160139,8.39070249125086,3.9226401989378616,8.926684172204949,42.96182882
Field_75,2023-12-11,dataset1_field_satellite,1362,ok,25.41662535,82.83942679,0.280222327,0.319569181,-0.319569181,0.420282004,31.88389615,11.17103735,5.986168507,Linseed,2023,12,345,-2.4492935982947064e-16,1.0,-0.33752289959411347,0.941317317512847,17,0.4812403003125,0.4756325568125,0.721759156,21.86164685,11.530818279625,16.1892812954375,0.1707667960819715,0.12898584485186623,0.2561207608273279,8.302589864969777,3.8509631517026817,8.624086665834328,31.8927418
Field_75,2023-12-12,dataset1_field_satellite,1364,ok,25.41662535,82.83942679,0.388508449,0.388233409,-0.388233409,0.582681928,27.27168806,7.397793909,6.792414996,Linseed,2023,12,346,-2.4492935982947064e-16,1.0,-0.32126966169236515,0.9469877530760751,18,0.46941571364705886,0.46645235823529413,0.704025205882353,22.451190926470588,11.20466241064706,15.894090475117647,0.1723823422673862,0.13049983406877652,0.2585427617320286,8.398407216223008,3.9637693469480486,8.438470296232692,35.00168424
Field_75,2023-12-27,dataset1_field_satellite,1365,ok,25.41662535,82.83942679,0.278559927,0.236199296,-0.236199296,0.417790087,36.15810475,5.20523916,12.82468161,Linseed,2023,12,361,-2.4492935982947064e-16,1.0,-0.06880242680232064,0.9976303053065857,19,0.4649208656111111,0.4621068610555555,0.6972839126666667,22.71899632277778,10.959537554277778,15.422073999222224,0.1683192118674446,0.1279387746191446,0.2524487058878518,8.226492847828073,3.9835681220200057,8.42789890228926,45.46567509
Field_76,2023-01-01,dataset1_field_satellite,1366,ok,23.48186345,77.41652187,0.696992827,0.608757968,-0.608757968,1.045356957,12.8602281,5.514456868,9.031465923,Sesame,2023,1,1,0.49999999999999994,0.8660254037844387,0.017213356155834685,0.9998518392091162,1,,,,,,,,,,,,,43.46259808
Field_76,2023-01-04,dataset1_field_satellite,1372,ok,23.48186345,77.41652187,0.18433107,0.304228752,-0.304228752,0.276456653,33.64657087,11.33939827,5.165810352,Sesame,2023,1,4,0.49999999999999994,0.8660254037844387,0.06880242680231986,0.9976303053065857,2,0.696992827,0.608757968,1.045356957,12.8602281,9.031465923,5.514456868,,,,,,,28.43952049
Field_76,2023-01-05,dataset1_field_satellite,1374,ok,23.48186345,77.41652187,0.189278034,0.297060414,-0.297060414,0.283868118,33.96209479,13.4707071,5.226020125,Sesame,2023,1,5,0.49999999999999994,0.8660254037844387,0.08596479873744647,0.9962981749346078,3,0.4406619485,0.45649336,0.660906805,23.253399485,7.0986381375,8.426927569,0.36250660482971003,0.2153346737030229,0.5436946190147979,14.698163928734962,2.7334312679856554,4.1188555653684755,28.74206858
Field_76,2023-01-16,dataset1_field_satellite,1367,ok,23.48186345,77.41652187,0.744142425,0.682506521,-0.682506521,1.116062258,8.612771749,6.156274418,9.278890458,Sesame,2023,1,16,0.49999999999999994,0.8660254037844387,0.2719581575341055,0.9623090774541486,4,0.35686731033333335,0.4033490446666667,0.5352272426666667,26.822964586666668,6.474432133333334,10.108187412666666,0.2945677229925735,0.1779254495740842,0.44180083356385574,12.09311359754354,2.2146608443086686,4.118542165616571,44.13029041
Field_76,2023-01-31,dataset1_field_satellite,1368,ok,23.48186345,77.41652187,0.57317352,0.483897759,-0.483897759,0.859646537,20.50068708,5.59534981,8.217693212,Sesame,2023,1,31,0.49999999999999994,0.8660254037844387,0.5086709438521044,0.8609610158889943,5,0.453686089,0.47313841375,0.6804359965,22.27041637725,7.1755467145,9.120209164,0.30877542955364773,0.20146265465082822,0.46310651739219805,13.431246347664338,2.2882442455386394,3.9003414969283865,40.63533834
Field_76,2023-02-03,dataset1_field_satellite,1370,ok,23.48186345,77.41652187,0.425261799,0.508710789,-0.508710789,0.637795428,20.74422914,14.23302356,6.837572326,Sesame,2023,2,34,0.8660254037844386,0.5000000000000001,0.5524353131676196,0.8335557718385699,6,0.4775835752,0.47529028279999996,0.7162781046,21.9164705178,7.383976014000001,8.4152372932,0.27269424023148287,0.17453811508166603,0.4089914649520306,11.658695132640014,2.035745602937859,3.727522573720035,34.53221307
Field_76,2023-02-15,dataset1_field_satellite,1369,ok,23.48186345,77.41652187,0.615654558,0.608450713,-0.608450713,0.923334619,13.70661539,8.606551721,8.305185538,Sesame,2023,2,46,0.8660254037844386,0.5000000000000001,0.7116566222817746,0.7025274741691571,7,0.4688632791666667,0.4808603671666667,0.7031976585,21.72109695483333,7.2929087326666675,9.384868337666667,0.2448386822007388,0.15670672586752435,0.3672135661218639,10.438829567116846,1.8344393220494724,4.093488219652655,40.32235755
Field_76,2023-03-17,dataset1_field_satellite,1371,ok,23.48186345,77.41652187,0.239742292,0.333761736,-0.333761736,0.359555155,31.5725798,20.3536802,13.09468481,Sesame,2023,3,76,1.0,6.123233995736766e-17,0.9657399376548549,0.2595117970697999,8,0.4898334618571428,0.4990875594285714,0.7346457957142858,20.576171017,7.437519704857143,9.273680249571429,0.23028943423295015,0.15096283883028944,0.3453902140473683,9.999181138037864,1.7177580412210456,3.7483877921362145,42.58625188
Field_76,2023-04-16,dataset1_field_satellite,1373,ok,23.48186345,77.41652187,0.156521636,0.263615845,-0.263615845,0.234747388,36.00445762,13.98489268,5.012463587,Sesame,2023,4,106,0.8660254037844387,-0.4999999999999998,0.9679377830240642,-0.25119006388481935,9,0.458572065625,0.4784218315,0.687759465625,21.950722114875,8.144665343,10.658680243374999,0.23081431473355485,0.1514948003124638,0.3461776515266698,10.040685953696006,2.555309137785978,5.233450995829273,28.00134739
Field_76,2023-05-16,dataset1_field_satellite,1375,ok,23.48186345,77.41652187,0.169189392,0.271738621,-0.271738621,0.253744357,35.46029901,23.95474102,5.106541357,Sesame,2023,5,136,0.49999999999999994,-0.8660254037844387,0.717676913675962,-0.6963762255968722,10,0.4250109067777778,0.45455449966666667,0.6374247903333333,23.512248282111113,7.796642925666666,11.028259403,0.23822889066756112,0.15877243452841913,0.35729723123040436,10.495652831378456,2.6083482546709105,5.019430441503318,28.35605895
Field_76,2023-05-31,dataset1_field_satellite,1376,ok,23.48186345,77.41652187,0.189655412,0.308183608,-0.308183608,0.284436318,33.39024178,10.50939241,5.20344146,Sesame,2023,5,151,0.49999999999999994,-0.8660254037844387,0.5160623910158528,-0.8565509959010036,11,0.3994287553,0.4362729118,0.599056747,24.7070533549,7.527632768800001,12.320907564699999,0.2387290927368071,0.16046770830296458,0.35804718791892864,10.592188691206818,2.602153525787756,6.253372334205819,28.5751455
Field_76,2023-06-15,dataset1_field_satellite,1377,ok,23.48186345,77.41652187,0.170584643,0.303716783,-0.303716783,0.255834638,33.81310476,34.99593293,5.043509251,Sesame,2023,6,166,1.2246467991473532e-16,-1.0,0.2802306751992159,-0.9599326896597447,12,0.3803584513636364,0.42462842963636366,0.5704548898181818,25.496434120818183,7.316342649818182,12.156224368818181,0.23514434537433232,0.1570555012747293,0.3526708642285718,10.384091538152674,2.5661569189676507,5.95756033123073,27.91788585
Field_76,2023-08-29,dataset1_field_satellite,1378,ok,23.48186345,77.41652187,0.795712002,0.710268538,-0.710268538,1.193434218,6.668448221,27.38559242,16.89354516,Sesame,2023,8,241,-0.8660254037844384,-0.5000000000000004,-0.8452490573530633,-0.5343725582809785,13,0.3628773006666666,0.4145524590833333,0.5442365355,26.189490007416666,7.126939866583334,14.059533415583333,0.2322354985656379,0.15376062532623277,0.348308178899816,10.18776745864008,2.5331780975840243,8.702698193049018,58.40221412
Field_76,2023-09-13,dataset1_field_satellite,1379,ok,23.48186345,77.41652187,0.795712002,0.710268538,-0.710268538,1.193434218,6.668448221,28.00970171,16.33472321,Sesame,2023,9,256,-1.0,-1.8369701987210297e-16,-0.9536809966304455,-0.300819807635668,14,0.3961722776923077,0.43729984976923075,0.5941748187692307,24.68787140846154,7.878217196846153,15.084614877461538,0.2526857818147301,0.16851974638463108,0.3789835391731553,11.155919866129913,3.635886570261546,9.115143383294257,58.08923334
Field_76,2023-09-28,dataset1_field_satellite,1380,ok,23.48186345,77.41652187,0.562817539,0.54076129,-0.54076129,0.844111043,17.70275103,26.74410164,7.991906564,Sesame,2023,9,271,-1.0,-1.8369701987210297e-16,-0.9988797155850335,-0.04732138832243232,15,0.4247108294285714,0.45679761321428575,0.6369790615714285,23.400769752214284,8.482253340642858,16.0078353655,0.2652184815150413,0.1775856207150795,0.39778262891943844,11.750487254361214,4.160625992934119,9.41420870252612,39.34168443
Field_76,2023-10-13,dataset1_field_satellite,1381,ok,23.48186345,77.41652187,0.420587916,0.476810978,-0.476810978,0.630780291,22.42090666,20.07529779,6.871440323,Sesame,2023,10,286,-0.8660254037844386,0.5000000000000001,-0.9778483415056568,0.20931464596304888,16,0.4339179434,0.46239519166666665,0.6507878603333332,23.0209018374,8.449563555533334,16.723586450466666,0.25804662607425366,0.17249355902121977,0.3870259009598158,11.41823191892777,4.0112780571127,9.485847167204422,34.85562654
Field_76,2023-10-28,dataset1_field_satellite,1382,ok,23.48186345,77.41652187,0.30292666,0.380042297,-0.380042297,0.454312412,28.56399805,20.21502358,6.047319058,Sesame,2023,10,301,-0.8660254037844386,0.5000000000000001,-0.8919813464595487,0.45207220393230374,17,0.4330848166875,0.4632961783125,0.64953738725,22.9834021388125,8.3509308535,16.9330684091875,0.24931899796911577,0.16668357589915314,0.3739359977408178,11.032079818228565,3.8952940967200314,9.202427203591185,31.83014564
Field_76,2023-11-27,dataset1_field_satellite,1384,ok,23.48186345,77.41652187,0.402746967,0.418728921,-0.418728921,0.604015623,25.56903773,26.09794831,13.67608543,Sesame,2023,11,331,-0.5000000000000004,0.8660254037844384,-0.5524353131676203,0.8335557718385695,18,0.4254284545294118,0.4583988911764706,0.6380535651764706,23.311672486529414,8.215424277294117,17.126124595705882,0.2434573947572396,0.16264891401988188,0.3651449042997859,10.767174894384494,3.812759944057748,8.945695978215404,47.87562712
Field_76,2023-12-11,dataset1_field_satellite,1383,ok,23.48186345,77.41652187,0.301848316,0.350419384,-0.350419384,0.452688883,30.08768645,6.778696802,13.01565948,Sesame,2023,12,345,-2.4492935982947064e-16,1.0,-0.33752289959411347,0.941317317512847,19,0.4241683718888889,0.4561950039444444,0.636162568388889,23.43708166672222,8.518794341333333,17.6245592465,0.2362488615994444,0.15806941626695423,0.3543334283881326,10.459235960224396,3.916454228878149,8.932522789338565,44.68322313
Field_76,2023-12-12,dataset1_field_satellite,1385,ok,23.48186345,77.41652187,0.664338963,0.580176406,-0.580176406,0.99634526,14.65321737,13.23834048,8.806620053,Sesame,2023,12,346,-2.4492935982947064e-16,1.0,-0.32126966169236515,0.9469877530760751,20,0.41773047421052634,0.45062786605263155,0.626506058631579,23.787113497421053,8.755471453894737,17.053724381000002,0.23130122620470536,0.15552073824116674,0.34691320655195806,10.278424294051543,3.9434469156367933,9.030414390732194,42.64884804
Field_76,2023-12-27,dataset1_field_satellite,1386,ok,23.48186345,77.41652187,0.639455512,0.55172756,-0.55172756,0.959055586,16.36007136,5.173416502,8.651391732,Sesame,2023,12,361,-2.4492935982947064e-16,1.0,-0.06880242680232064,0.9976303053065857,21,0.43006089865,0.45710529304999997,0.6449980187,23.33041869105,8.758028883849999,16.86295518595,0.23178706082980577,0.15411961919710715,0.3476401568900549,10.21063625775921,3.8382864169084,8.830867543442166,42.1272134
Field_77,2023-01-01,dataset1_field_satellite,1387,ok,21.18610765,81.67666203,0.350835591,0.431175018,-0.431175018,0.526163305,25.46364996,10.80773173,6.354953366,Sesame,2023,1,1,0.49999999999999994,0.8660254037844387,0.017213356155834685,0.9998518392091162,1,,,,,,,,,,,,,32.87341492
Field_77,2023-01-04,dataset1_field_satellite,1393,ok,21.18610765,81.67666203,0.27098191,0.355887422,-0.355887422,0.406415419,30.12369924,5.846112594,13.1332567,Sesame,2023,1,4,0.49999999999999994,0.8660254037844387,0.06880242680231986,0.9976303053065857,2,0.350835591,0.431175018,0.526163305,25.46364996,6.354953366,10.80773173,,,,,,,43.47303077
Field_77,2023-01-05,dataset1_field_satellite,1394,ok,21.18610765,81.67666203,0.279908332,0.297900944,-0.297900944,0.419811955,32.99357787,8.570139833,13.44841723,Sesame,2023,1,5,0.49999999999999994,0.8660254037844387,0.08596479873744647,0.9962981749346078,3,0.3109087505,0.39353122,0.466289362,27.793674600000003,9.744105033,8.326922162,0.056465079337807374,0.0532363696708332,0.08467454222335362,3.2951524465514863,4.7929842524107835,3.5083945367305396,44.90230968
Field_77,2023-01-16,dataset1_field_satellite,1388,ok,21.18610765,81.67666203,0.274051631,0.293155091,-0.293155091,0.411015735,33.29573557,9.634637425,12.90370694,Sesame,2023,1,16,0.49999999999999994,0.8660254037844387,0.2719581575341055,0.9623090774541486,4,0.30057527766666664,0.3616544613333333,0.450796893,29.52697569,10.978875765333333,8.407994719,0.04375493771797824,0.06682393850367943,0.06561203271896954,3.8002648366650296,4.007533568943606,2.4847805519151795,44.4432712
Field_77,2023-01-31,dataset1_field_satellite,1389,ok,21.18610765,81.67666203,0.387668351,0.444596819,-0.444596819,0.581411047,24.40210579,14.02309395,6.652239119,Sesame,2023,1,31,0.49999999999999994,0.8660254037844387,0.5086709438521044,0.8609610158889943,5,0.293944366,0.34452961875,0.44085160349999997,30.46916566,11.460083559000001,8.7146553955,0.03810781645009302,0.06442049445203606,0.057145379147970715,3.6302749635258826,3.4107370611372865,2.1194934951924287,34.08360728
Field_77,2023-02-03,dataset1_field_satellite,1391,ok,21.18610765,81.67666203,0.324940835,0.403624124,-0.403624124,0.487335395,27.13497889,11.41815908,12.80586606,Sesame,2023,2,34,0.8660254037844386,0.5000000000000001,0.5524353131676196,0.8335557718385699,6,0.31268916300000005,0.3645430588,0.4689634922,29.255753686000002,10.498514670999999,9.7763431064,0.05334783340306832,0.07152054944041136,0.08000366991507286,4.152832205415363,3.6534804101034046,3.000848794008567,44.62062697
Field_77,2023-02-15,dataset1_field_satellite,1390,ok,21.18610765,81.67666203,0.344330689,0.404727387,-0.404727387,0.516416538,26.88061536,13.40705203,6.358716476,Sesame,2023,2,46,0.8660254037844386,0.5000000000000001,0.7116566222817746,0.7025274741691571,7,0.31473110833333334,0.3710565696666666,0.472025476,28.90229122,10.883073235833335,10.049979102,0.047977185281205856,0.06592955434907602,0.07194945606919292,3.8139777857628943,3.4008303433613842,2.7664661097020793,33.040338
Field_77,2023-03-17,dataset1_field_satellite,1392,ok,21.18610765,81.67666203,0.256040372,0.314363555,-0.314363555,0.384005433,32.39668547,19.35244118,5.782019746,Sesame,2023,3,76,1.0,6.123233995736766e-17,0.9657399376548549,0.2595117970697999,8,0.3189596198571429,0.37586668642857146,0.4783670562857143,28.613480382857144,10.236736555857144,10.529560948857142,0.045203289971028585,0.06151597903579124,0.06778972149855553,3.564534194365672,3.5443330704263816,2.826264350979838,31.04769368
Field_77,2023-05-16,dataset1_field_satellite,1395,ok,21.18610765,81.67666203,0.366158086,0.418046896,-0.418046896,0.549168349,25.97754256,11.24058923,13.76734087,Sesame,2023,5,136,0.49999999999999994,-0.8660254037844387,0.717676913675962,-0.6963762255968722,9,0.311094713875,0.368178795,0.466571853375,29.08638101875,9.679896954625,11.63242097775,0.0473950002294913,0.06096263473750781,0.07107720098655908,3.5608783983885903,3.639813978934509,4.0714938416151725,46.51937706
Field_77,2023-05-31,dataset1_field_satellite,1396,ok,21.18610765,81.67666203,0.280147836,0.37083187,-0.37083187,0.420169805,29.26695997,21.03765836,5.219434681,Sesame,2023,5,151,0.49999999999999994,-0.8660254037844387,0.5160623910158528,-0.8565509959010036,10,0.31721286633333334,0.3737196951111111,0.4757492417777778,28.740954523333333,10.134057389666667,11.588884116888888,0.04798318868562183,0.059398667040963506,0.07196174371589541,3.488373298647845,3.66722925147942,3.8107726859266022,31.08942445
Field_77,2023-06-15,dataset1_field_satellite,1397,ok,21.18610765,81.67666203,0.227453562,0.326392658,-0.326392658,0.341137005,32.07438035,29.43566132,12.22916933,Sesame,2023,6,166,1.2246467991473532e-16,-1.0,0.2802306751992159,-0.9599326896597447,11,0.31350636330000003,0.3734309126,0.47019129809999993,28.793555068,9.6425951188,12.533761541199999,0.04673272229482812,0.056009045648826604,0.07008574659526333,3.293073534332405,3.7907303282691864,4.672939937531427,41.75163646
Field_77,2023-09-28,dataset1_field_satellite,1398,ok,21.18610765,81.67666203,0.647222039,0.585175394,-0.585175394,0.970690843,14.57276019,16.49376938,15.87374214,Sesame,2023,9,271,-1.0,-1.8369701987210297e-16,-0.9988797155850335,-0.04732138832243232,12,0.3056833813636364,0.36915470763636365,0.4584590896363636,29.091811911818183,9.877738228909092,14.070297884727273,0.0513686880299698,0.05499506425893527,0.07703831876417311,3.2769541598863845,3.67979454372705,6.754488446846317,55.92966594
Field_77,2023-10-13,dataset1_field_satellite,1399,ok,21.18610765,81.67666203,0.665008313,0.610305847,-0.610305847,0.997371361,13.10784044,19.9385903,8.741706391,Sesame,2023,10,286,-0.8660254037844386,0.5000000000000001,-0.9778483415056568,0.20931464596304888,13,0.33414493616666663,0.3871564315,0.5011450690833333,27.881890935,10.3774052215,14.272253842666666,0.11008895351139791,0.08147546374701868,0.16510748032113207,5.227725416374282,3.912275976745657,6.478039275238348,42.20024225
Field_77,2023-10-28,dataset1_field_satellite,1400,ok,21.18610765,81.67666203,0.516517531,0.501869669,-0.501869669,0.774668643,20.1615833,27.77096038,14.71564479,Sesame,2023,10,301,-0.8660254037844386,0.5000000000000001,-0.8919813464595487,0.45207220393230374,14,0.3595959651538462,0.40432177115384615,0.5393163223076923,26.74542551230769,10.25158223453846,14.708125877846154,0.13975130150632978,0.09957659917875879,0.20959568896289196,6.4685303186993615,3.7730915556952884,6.398258178408609,51.53750228
Field_77,2023-11-27,dataset1_field_satellite,1402,ok,21.18610765,81.67666203,0.386380478,0.453357601,-0.453357601,0.579482334,23.96789487,19.06529345,13.97431196,Sesame,2023,11,331,-0.5000000000000004,0.8660254037844384,-0.5524353131676203,0.8335557718385695,15,0.3708046484285714,0.41128947814285716,0.5561272023571429,26.27515106857143,10.570443845642856,15.641185485142858,0.14066616480426336,0.09915872918349102,0.21096818374865636,6.459062681164282,3.816352214962886,7.069445275870014,46.86365592
Field_77,2023-12-11,dataset1_field_satellite,1401,ok,21.18610765,81.67666203,0.459332057,0.506160261,-0.506160261,0.688901947,20.52651498,6.678210135,7.148028967,Sesame,2023,12,345,-2.4492935982947064e-16,1.0,-0.33752289959411347,0.941317317512847,16,0.37184303706666666,0.4140940196666667,0.5576842111333333,26.121333988666667,10.7973683866,15.869459349466666,0.13560895505407258,0.0961671319021681,0.20338344630521485,6.252553279058476,3.7810899024250153,6.869417814845163,35.88846313
Field_77,2023-12-12,dataset1_field_satellite,1403,ok,21.18610765,81.67666203,0.351239475,0.405897731,-0.405897731,0.526776234,26.75029392,12.34228433,6.417985471,Sesame,2023,12,346,-2.4492935982947064e-16,1.0,-0.32126966169236515,0.9469877530760751,17,0.3773111008125,0.41984815975,0.565885319625,25.771657800625,10.569284672875,15.2950062735625,0.13282393728612923,0.09571487949798803,0.1992066817072004,6.200363106896846,3.7650878273515906,7.02302753494318,33.29072263
Field_77,2023-12-27,dataset1_field_satellite,1404,ok,21.18610765,81.67666203,0.3622456,0.429262912,-0.429262912,0.543280641,25.44476146,14.28586182,6.461261246,Sesame,2023,12,361,-2.4492935982947064e-16,1.0,-0.06880242680232064,0.9976303053065857,18,0.3757774757647059,0.41902754629411765,0.5635847851764706,25.82922463117647,10.325090602176472,15.121316747470587,0.12876158208025604,0.09273727638889229,0.1931141306539349,6.008165961500868,3.7820121763070897,6.837623154053097,33.34288609
Field_78,2023-01-01,dataset1_field_satellite,1405,ok,19.64200253,75.40278594,0.483129313,0.524099827,-0.524099827,0.724568173,19.36740393,19.5016076,7.318309731,Sesame,2023,1,1,0.49999999999999994,0.8660254037844387,0.017213356155834685,0.9998518392091162,1,,,,,,,,,,,,,36.52485739
Field_78,2023-01-04,dataset1_field_satellite,1411,ok,19.64200253,75.40278594,0.309855573,0.393440851,-0.393440851,0.464714774,27.80904521,24.53373559,6.077423944,Sesame,2023,1,4,0.49999999999999994,0.8660254037844387,0.06880242680231986,0.9976303053065857,2,0.483129313,0.524099827,0.724568173,19.36740393,7.318309731,19.5016076,,,,,,,31.8823091
Field_78,2023-01-05,dataset1_field_satellite,1413,ok,19.64200253,75.40278594,0.2718705,0.362012764,-0.362012764,0.407593254,29.80183749,19.0806694,12.90464772,Sesame,2023,1,5,0.49999999999999994,0.8660254037844387,0.08596479873744647,0.9962981749346078,3,0.39649244299999997,0.45877033899999997,0.5946414735,23.58822457,6.6978668375,22.017671595,0.12252303655555472,0.09238984795249038,0.1837441005472736,5.9691417934322875,0.8774387546657056,3.5582518255276305,43.2852423
Field_78,2023-01-16,dataset1_field_satellite,1406,ok,19.64200253,75.40278594,0.456841385,0.504163535,-0.504163535,0.685146059,20.65391343,19.97587343,7.131094968,Sesame,2023,1,16,0.49999999999999994,0.8660254037844387,0.2719581575341055,0.9623090774541486,4,0.3549517953333334,0.42651781400000005,0.532292067,25.659428876666666,8.766793798333333,21.038670863333333,0.11261804237818783,0.08595707131451734,0.16894760346234572,5.539403281483815,3.6368015744447497,3.034123485415015,35.82586697
Field_78,2023-01-31,dataset1_field_satellite,1407,ok,19.64200253,75.40278594,0.437331418,0.479632938,-0.479632938,0.655889876,22.1058058,18.60967263,7.014438533,Sesame,2023,1,31,0.49999999999999994,0.8660254037844387,0.5086709438521044,0.8609610158889943,5,0.38042419275,0.44592924425,0.5705055649999999,24.408050015,8.35786909075,20.772971505,0.10512177589193386,0.08020573485344927,0.15770208472950095,5.169183239640516,3.0800045660914748,2.5337037736430346,35.46072272
Field_78,2023-02-03,dataset1_field_satellite,1409,ok,19.64200253,75.40278594,0.475269251,0.573378022,-0.573378022,0.712794771,16.93131775,21.56568831,7.132976524,Sesame,2023,2,34,0.8660254037844386,0.5000000000000001,0.5524353131676196,0.8335557718385699,6,0.3918056378,0.452669983,0.5875824272,23.947601172,8.0891829792,20.34031173,0.0945284469466008,0.07107677343559647,0.14181169471877828,4.593517955645271,2.734187672428055,2.3980645349833623,35.45029003
Field_78,2023-02-15,dataset1_field_satellite,1408,ok,19.64200253,75.40278594,0.42075058,0.491057919,-0.491057919,0.631026937,21.69173433,15.85105083,6.838513103,Sesame,2023,2,46,0.8660254037844386,0.5000000000000001,0.7116566222817746,0.7025274741691571,7,0.40571624,0.4727879895,0.6084511511666667,22.778220601666664,7.929815236666666,20.544541159999998,0.09115662865150799,0.08043588310459669,0.13675330799359534,5.008495909622676,2.4764923271851784,2.202459709421429,34.63653999
Field_78,2023-03-17,dataset1_field_satellite,1410,ok,19.64200253,75.40278594,0.377300035,0.43753023,-0.43753023,0.565863594,24.86884703,28.42633353,13.96678574,Sesame,2023,3,76,1.0,6.123233995736766e-17,0.9657399376548549,0.2595117970697999,8,0.40786400285714286,0.4753979794285715,0.6116762634285714,22.623008277142855,7.773914931857143,19.87404254142857,0.08340802910766103,0.07375156771895991,0.12512939495993408,4.590515089875844,2.2980381939349486,2.6812937347912165,46.75932899
Field_78,2023-04-16,dataset1_field_satellite,1412,ok,19.64200253,75.40278594,0.253420019,0.338192518,-0.338192518,0.380073137,31.20663579,31.36472393,5.702994419,Sesame,2023,4,106,0.8660254037844387,-0.4999999999999998,0.9679377830240642,-0.25119006388481935,9,0.404043506875,0.47066451075,0.60594967975,22.90373812125,8.548023782875,20.943078915,0.07797323948685626,0.06958087081843575,0.11697413846865294,4.3235284942331615,3.052951031034382,3.9121603013175257,30.56778981
Field_78,2023-05-16,dataset1_field_satellite,1414,ok,19.64200253,75.40278594,0.205614034,0.316378998,-0.316378998,0.308375286,32.80876597,23.20295477,5.326683339,Sesame,2023,5,136,0.49999999999999994,-0.8660254037844387,0.717676913675962,-0.6963762255968722,10,0.3873075637777778,0.4559454004444444,0.5808522861111112,23.82628230666667,8.231909409111111,22.101039472222222,0.0885475800840794,0.07865227434444835,0.13282128196889686,4.90061998902233,3.0091196260465254,5.045763303410676,29.06548206
Field_78,2023-05-31,dataset1_field_satellite,1415,ok,19.64200253,75.40278594,0.166332908,0.273410208,-0.273410208,0.249461907,35.40411335,26.18125761,5.077377249,Sesame,2023,5,151,0.49999999999999994,-0.8660254037844387,0.5160623910158528,-0.8565509959010036,11,0.3691382108,0.4419887602,0.5536045861,24.724530673,7.9413868021,22.211231001999998,0.10134466844320536,0.08629429278063598,0.15200558746363568,5.423663396023506,2.9820707208521875,4.769936106065149,28.22043394
Field_78,2023-06-15,dataset1_field_satellite,1416,ok,19.64200253,75.40278594,0.143464957,0.25584066,-0.25584066,0.215165188,36.53483876,42.65291668,11.73526103,Sesame,2023,6,166,1.2246467991473532e-16,-1.0,0.2802306751992159,-0.9599326896597447,12,0.3507013650909091,0.42666343727272726,0.5259552516363637,25.69540182545455,7.681022297272728,22.572142511818182,0.11394190500595454,0.0963615858158022,0.1708931579006334,6.069844389387697,2.9578975024265053,4.680800114025507,39.34168443
Field_78,2023-09-28,dataset1_field_satellite,1417,ok,19.64200253,75.40278594,0.68312944,0.620295912,-0.620295912,1.024554818,12.41263528,32.20607019,19.07238632,Sesame,2023,9,271,-1.0,-1.8369701987210297e-16,-0.9988797155850335,-0.04732138832243232,13,0.33343166441666666,0.41242820583333334,0.5000560796666667,26.598688236666664,8.018875525,24.245540359166668,0.12402184384789433,0.10427423270785575,0.186007324519276,6.579115622273224,3.0534435167338945,7.315818875448185,58.53783913
Field_78,2023-10-13,dataset1_field_satellite,1418,ok,19.64200253,75.40278594,0.688485854,0.639393539,-0.639393539,1.032586297,11.38272262,28.70526527,8.882823046,Sesame,2023,10,286,-0.8660254037844386,0.5000000000000001,-0.9778483415056568,0.20931464596304888,14,0.3603314933076923,0.4284180293846154,0.5404021364615385,25.507453393846156,8.869145586153847,24.85788880769231,0.15331811134232037,0.11528569114678743,0.22994989366356805,7.426844155407771,4.236157083217042,7.344094459145604,42.64884804
Field_78,2023-10-28,dataset1_field_satellite,1419,ok,19.64200253,75.40278594,0.597537449,0.580078672,-0.580078672,0.896175094,15.34044356,36.09356932,8.209226213,Sesame,2023,10,301,-0.8660254037844386,0.5000000000000001,-0.8919813464595487,0.45207220393230374,15,0.38377109049999997,0.44348770864285714,0.5755581479285714,24.49854405285714,8.870122547571428,25.132701412142858,0.17143529786364659,0.12428899926397745,0.2571239538019631,8.072525178851665,4.069969719362279,7.130506936315952,40.07197293
Field_78,2023-11-27,dataset1_field_satellite,1421,ok,19.64200253,75.40278594,0.541967605,0.573940309,-0.573940309,0.812837489,16.22142302,26.14175783,14.95366155,Sesame,2023,11,331,-0.5000000000000004,0.8660254037844384,-0.5524353131676203,0.8335557718385695,16,0.39802218106666665,0.4525937728666667,0.596932611,23.88800402,8.826062791933333,25.863425939333336,0.17417570149708525,0.12485251430062907,0.26123438710395336,8.130335758235395,3.9256315301661324,7.431135894084791,51.52706959
Field_78,2023-12-11,dataset1_field_satellite,1420,ok,19.64200253,75.40278594,0.512648158,0.52269924,-0.52269924,0.768862638,19.13745182,24.35951628,14.3186366,Sesame,2023,12,345,-2.4492935982947064e-16,1.0,-0.33752289959411347,0.941317317512847,17,0.4070187700625,0.460177931375,0.6104266658749999,23.4088427075,9.2090377143125,25.8808216825,0.17207473514772825,0.12437544641065053,0.2580838564176092,8.085113764601333,4.090223389416946,7.179496529795814,50.84894456
Field_78,2023-12-12,dataset1_field_satellite,1422,ok,19.64200253,75.40278594,0.590541272,0.569887264,-0.569887264,0.885667397,15.93231246,20.7721109,8.170654327,Sesame,2023,12,346,-2.4492935982947064e-16,1.0,-0.32126966169236515,0.9469877530760751,18,0.4132322634705882,0.4638556554117647,0.6197464289411765,23.157584420000003,9.50960235464706,25.791333129411765,0.16856878366723424,0.12137693174579431,0.25282584491263527,7.896627154014754,4.149707419289418,6.961302801149422,39.95721331
Field_78,2023-12-27,dataset1_field_satellite,1423,ok,19.64200253,75.40278594,0.57095669,0.566788782,-0.566788782,0.856291277,16.29054942,23.42827863,8.003195896,Sesame,2023,12,361,-2.4492935982947064e-16,1.0,-0.06880242680232064,0.9976303053065857,19,0.42308276394444444,0.46974630033333337,0.6345198160555555,22.756180422222222,9.43521635311111,25.51248745,0.16879135384637348,0.12037584778848096,0.2531588589314419,7.8478615611049145,4.038158647656926,6.856292903278045,39.2477902
Field_79,2023-01-04,dataset1_field_satellite,1429,ok,25.33597136,83.14864732,0.140235734,0.193775547,-0.193775547,0.210330004,39.73713436,14.16384568,5.031279141,Pulses,2023,1,4,0.49999999999999994,0.8660254037844387,0.06880242680231986,0.9976303053065857,1,,,,,,,,,,,,,28.46038588
Field_79,2023-01-05,dataset1_field_satellite,1431,ok,25.33597136,83.14864732,0.144744429,0.185429673,-0.185429673,0.217094776,40.11726444,10.52402793,12.158611,Pulses,2023,1,5,0.49999999999999994,0.8660254037844387,0.08596479873744647,0.9962981749346078,2,0.140235734,0.193775547,0.210330004,39.73713436,5.031279141,14.16384568,,,,,,,40.72923257
Field_79,2023-01-16,dataset1_field_satellite,1424,ok,25.33597136,83.14864732,0.180654707,0.209638122,-0.209638122,0.270953075,38.51432805,10.39775573,5.35490667,Pulses,2023,1,16,0.49999999999999994,0.8660254037844387,0.2719581575341055,0.9623090774541486,3,0.1424900815,0.18960261,0.21371238999999997,39.9271994,8.5949450705,12.343936805,0.003188128808801886,0.005901424100328508,0.004783416154380895,0.2687925573009853,5.039784689265823,2.573739813308161,29.77490516
Field_79,2023-01-31,dataset1_field_satellite,1425,ok,25.33597136,83.14864732,0.20993463,0.238578469,-0.238578469,0.314867769,36.7374753,6.581249121,5.548706876,Pulses,2023,1,31,0.49999999999999994,0.8660254037844387,0.5086709438521044,0.8609610158889943,4,0.15521162333333335,0.196281114,0.2327926183333333,39.45624228333333,7.5149322703333326,11.695209779999999,0.02214937837733841,0.01229718058093062,0.033220564035088336,0.8375718098450647,4.02479785860739,2.1388334606041246,30.45303019
Field_79,2023-02-03,dataset1_field_satellite,1427,ok,25.33597136,83.14864732,0.183608907,0.225831268,-0.225831268,0.275379005,37.6572644,7.990538402,12.36370054,Pulses,2023,2,34,0.8660254037844386,0.5000000000000001,0.5524353131676196,0.8335557718385699,5,0.168892375,0.20685545275,0.253311406,38.7765505375,7.02337592175,10.41671961525,0.032798097094115325,0.023411115454537487,0.04919166432549264,1.5217121393945097,3.4301373797217036,3.0964314062454443,41.70990569
Field_79,2023-02-15,dataset1_field_satellite,1426,ok,25.33597136,83.14864732,0.173374548,0.215925555,-0.215925555,0.260033733,38.26761562,6.295595559,5.274940566,Pulses,2023,2,46,0.8660254037844386,0.5000000000000001,0.7116566222817746,0.7025274741691571,6,0.1718356814,0.21065061580000002,0.2577249258,38.55269331,8.0914408454,9.9314833726,0.029156502577772712,0.021979002661624333,0.0437294027452802,1.4097042838501255,3.8115869711290147,2.892781817920737,29.39932822
Field_79,2023-03-17,dataset1_field_satellite,1428,ok,25.33597136,83.14864732,0.137965482,0.194726986,-0.194726986,0.206923653,39.71173553,23.22465849,11.92341657,Pulses,2023,3,76,1.0,6.123233995736766e-17,0.9657399376548549,0.2595117970697999,7,0.17209215916666665,0.21152977233333334,0.25810972699999996,38.50518036166667,7.622024132166666,9.325502070333334,0.026085934890720315,0.019776216616440256,0.03912412252496232,1.266237661689255,3.597869994143907,2.982922953925407,40.18673255
Field_79,2023-04-16,dataset1_field_satellite,1430,ok,25.33597136,83.14864732,0.123423469,0.187665864,-0.187665864,0.18511693,40.22082304,23.60456342,4.894866375,Pulses,2023,4,106,0.8660254037844387,-0.4999999999999998,0.9679377830240642,-0.25119006388481935,8,0.16721691957142856,0.2091293742857143,0.2507974307142857,38.67754538571428,8.236508766142856,11.311095844571428,0.027082080060055528,0.01913763295776326,0.040618573849665336,1.2426179717991017,3.6647460080316887,5.9171729943386655,27.97004931
Field_79,2023-05-16,dataset1_field_satellite,1432,ok,25.33597136,83.14864732,0.115722088,0.169450055,-0.169450055,0.173566823,41.22965507,20.87590226,4.869465377,Pulses,2023,5,136,0.49999999999999994,-0.8660254037844387,0.717676913675962,-0.6963762255968722,9,0.16174273825,0.2064464355,0.242587368125,38.8704550925,7.8188034672499995,12.8477792915,0.0294685483333107,0.019274672355630115,0.04419744401433781,1.2732741384471924,3.5927095218114538,6.993014824698637,28.2830301
Field_79,2023-05-31,dataset1_field_satellite,1433,ok,25.33597136,83.14864732,0.111053878,0.168462527,-0.168462527,0.166565064,41.3277584,26.48282274,4.829952713,Pulses,2023,5,151,0.49999999999999994,-0.8660254037844387,0.5160623910158528,-0.8565509959010036,10,0.15662933266666668,0.20233572655555554,0.23491841866666668,39.13258842333333,7.491099234999999,13.739792954666667,0.03154628620298379,0.021843882950341047,0.04731334243504362,1.4272345991068298,3.5015178236175535,7.0675787702460156,28.31432818
Field_79,2023-06-15,dataset1_field_satellite,1434,ok,25.33597136,83.14864732,0.070365894,0.125516098,-0.125516098,0.105538395,43.93633204,34.29703681,11.60543371,Pulses,2023,6,166,1.2246467991473532e-16,-1.0,0.2802306751992159,-0.9599326896597447,11,0.1520717872,0.1989484066,0.22808308319999998,39.352105421,7.2249845828,15.0140959332,0.03305005504596285,0.023213731717103808,0.04956856302556424,1.5141144427212565,3.4068321434580167,7.787109609889929,40.76053065
Field_79,2023-08-29,dataset1_field_satellite,1435,ok,25.33597136,83.14864732,0.04135757,0.03872566,-0.03872566,0.062036309,48.66448948,33.31892155,11.18866919,Pulses,2023,8,241,-0.8660254037844384,-0.5000000000000004,-0.8452490573530633,-0.5343725582809785,12,0.14464397872727272,0.1922727421818182,0.21694265699999998,39.76885329545455,7.623207230727272,16.767090558363638,0.03987444357567597,0.031228177274318633,0.05980416583710128,1.993427949683055,3.491453677033846,9.40096059895874,41.9811557
Field_79,2023-10-13,dataset1_field_satellite,1436,ok,25.33597136,83.14864732,0.203133009,0.224600934,-0.224600934,0.304663017,37.52069341,13.29397585,5.520483545,Pulses,2023,10,286,-0.8660254037844386,0.5000000000000001,-0.9778483415056568,0.20931464596304888,13,0.136036778,0.179477152,0.20403379466666668,40.51015631083333,7.920329060666667,18.146409807666668,0.04831599385123666,0.05339728582487744,0.07246421966267265,3.1948186903492526,3.484454179114508,10.15745785979877,30.41129942
Field_79,2023-10-28,dataset1_field_satellite,1437,ok,25.33597136,83.14864732,0.182803255,0.229771388,-0.229771388,0.274171522,37.46429266,21.31551001,12.25268877,Pulses,2023,10,301,-0.8660254037844386,0.5000000000000001,-0.8919813464595487,0.45207220393230374,14,0.14119802653846153,0.18294821215384616,0.21177450407692305,40.28019762615384,7.735725559461538,17.773145657076924,0.04986180215554159,0.052633560118040594,0.07478245854012704,3.1691871537396246,3.401860628199859,9.817706485323177,41.5534153
Field_79,2023-11-27,dataset1_field_satellite,1439,ok,25.33597136,83.14864732,0.13285262,0.194305302,-0.194305302,0.199257672,39.78548558,13.39727902,12.40791709,Pulses,2023,11,331,-0.5000000000000004,0.8660254037844384,-0.5524353131676203,0.8335557718385695,15,0.14416982857142857,0.18629272471428573,0.21623143392857141,40.07906155714286,8.058365788785714,18.026171682285714,0.04917922036419699,0.05209407828813576,0.0737585885364323,3.13648391218266,3.484222365548147,9.479939801903482,40.27019409
Field_79,2023-12-11,dataset1_field_satellite,1438,ok,25.33597136,83.14864732,0.121965762,0.157643741,-0.157643741,0.182931247,41.76877123,13.76112624,4.953194592,Pulses,2023,12,345,-2.4492935982947064e-16,1.0,-0.33752289959411347,0.941317317512847,16,0.143415348,0.18682689653333331,0.2150998498,40.05948982533334,8.348335875533333,17.71757883813333,0.047480285306529736,0.05024172299049509,0.0712105446304602,3.0233419112443554,3.5403271454706142,9.212951157967446,28.44995318
Field_79,2023-12-12,dataset1_field_satellite,1440,ok,25.33597136,83.14864732,0.131074032,0.184864881,-0.184864881,0.196587832,40.28571922,14.58794567,4.970128591,Pulses,2023,12,346,-2.4492935982947064e-16,1.0,-0.32126966169236515,0.9469877530760751,17,0.142074748875,0.1850029493125,0.21308931212499999,40.166319913125,8.1361395453125,17.47030055075,0.04618269108832923,0.0490833700542275,0.06926438534107668,2.951919021132202,3.5240258793184336,8.955347523076208,28.25173202
Field_79,2023-12-27,dataset1_field_satellite,1441,ok,25.33597136,83.14864732,0.102406362,0.128467162,-0.128467162,0.153593671,43.45841258,11.6393317,11.8970748,Pulses,2023,12,361,-2.4492935982947064e-16,1.0,-0.06880242680232064,0.9976303053065857,18,0.14142764788235296,0.18499482764705882,0.2121186368235294,40.17334340176471,7.94990360682353,17.30075026364706,0.04479572492113152,0.047524780496414336,0.06718426499992301,2.8583299998058114,3.4974577938221327,8.699112758088564,40.78139604
Field_8,2023-01-01,dataset1_field_satellite,137,ok,15.17150083,75.82808825,0.326479626,0.42268151,-0.42268151,0.489645494,26.14611,21.4186911,6.157390048,Maize,2023,1,1,0.49999999999999994,0.8660254037844387,0.017213356155834685,0.9998518392091162,1,,,,,,,,,,,,,32.07009757
Field_8,2023-01-04,dataset1_field_satellite,143,ok,15.17150083,75.82808825,0.221793112,0.389083678,-0.389083678,0.332648799,28.93091237,17.76317655,5.300341564,Maize,2023,1,4,0.49999999999999994,0.8660254037844387,0.06880242680231986,0.9976303053065857,2,0.326479626,0.42268151,0.489645494,26.14611,6.157390048,21.4186911,,,,,,,28.55428011
Field_8,2023-01-05,dataset1_field_satellite,145,ok,15.17150083,75.82808825,0.066829053,0.093085181,-0.093085181,0.100231307,45.62851775,20.38358033,4.611692287,Maize,2023,1,5,0.49999999999999994,0.8660254037844387,0.08596479873744647,0.9962981749346078,3,0.274136369,0.405882594,0.4111471465,27.538511185,5.728865806,19.590933825,0.07402454394818046,0.02375725484036638,0.11101342765837616,1.96915264009137,0.6060247948420502,2.58483912703109,29.62884747
Field_8,2023-01-16,dataset1_field_satellite,138,ok,15.17150083,75.82808825,0.320010118,0.458136494,-0.458136494,0.47994592,24.40169586,23.17752637,12.99119926,Maize,2023,1,16,0.49999999999999994,0.8660254037844387,0.2719581575341055,0.9623090774541486,4,0.20503393033333336,0.30161678966666666,0.30750853333333333,33.56851337333333,5.356474633,19.855149326666666,0.1306340600395216,0.18137330960923084,0.1959205884473622,10.536676906591746,0.774376254263147,1.884177844652232,43.68168463
Field_8,2023-01-31,dataset1_field_satellite,139,ok,15.17150083,75.82808825,0.2788471,0.414264912,-0.414264912,0.418210248,27.0623633,20.62948484,5.750974082,Maize,2023,1,31,0.49999999999999994,0.8660254037844387,0.5086709438521044,0.8609610158889943,5,0.23377797725,0.34074671575,0.35061788,31.276808995,7.2651557897500005,20.6857435875,0.12116814499225045,0.16749763009334132,0.18172391440079602,9.74792333371359,3.869370416657963,2.2641329623874356,30.35913596
Field_8,2023-02-03,dataset1_field_satellite,141,ok,15.17150083,75.82808825,0.27436763,0.431399129,-0.431399129,0.411500597,26.23316352,17.5463765,5.671007977,Maize,2023,2,34,0.8660254037844386,0.5000000000000001,0.5524353131676196,0.8335557718385699,6,0.2427918018,0.355450355,0.3641363536,30.433919856,6.962319448200001,20.674491838,0.10685286465854898,0.14873660309801032,0.16025427121056823,8.64978713571549,3.418708793506374,1.960958072693303,29.92096286
Field_8,2023-02-15,dataset1_field_satellite,140,ok,15.17150083,75.82808825,0.279485097,0.4311989,-0.4311989,0.419172337,26.19112406,25.0657269,5.717106085,Maize,2023,2,46,0.8660254037844386,0.5000000000000001,0.7116566222817746,0.7025274741691571,7,0.24805443983333333,0.36810848399999996,0.37203039416666667,29.7337938,6.747100869666667,20.153139281666668,0.09643754405318433,0.13659952803575817,0.14463416059767265,7.924399848587402,3.1028970448781727,2.169593551396351,30.11918403
Field_8,2023-03-17,dataset1_field_satellite,142,ok,15.17150083,75.82808825,0.231650821,0.387156783,-0.387156783,0.347430209,28.92863251,21.55383881,5.393478556,Maize,2023,3,76,1.0,6.123233995736766e-17,0.9657399376548549,0.2595117970697999,8,0.2525445337142857,0.37712140057142857,0.3787649574285714,29.22769812285714,6.599958757571429,20.85493751285714,0.08883295102190358,0.12695729415381363,0.13322917875898901,7.356835187397874,2.8591719082030864,2.7148220536525836,28.96115513
Field_8,2023-04-16,dataset1_field_satellite,144,ok,15.17150083,75.82808825,0.213143222,0.392511307,-0.392511307,0.319680212,28.84422285,23.76538371,5.21567157,Maize,2023,4,106,0.8660254037844387,-0.4999999999999998,0.9679377830240642,-0.25119006388481935,9,0.249932819625,0.378375823375,0.374848113875,29.19031492125,6.449148732375,20.942300175,0.0825744148810836,0.11759315305691817,0.1238427675888518,6.811926558385956,2.681226509617565,2.5255539093503843,28.16827048
Field_8,2023-05-16,dataset1_field_satellite,146,ok,15.17150083,75.82808825,0.202823854,0.393883743,-0.393883743,0.304203517,28.87953068,38.09060325,5.119712245,Maize,2023,5,136,0.49999999999999994,-0.8660254037844387,0.717676913675962,-0.6963762255968722,10,0.24584508655555556,0.37994643266666667,0.368718347,29.151860246666665,6.312095714333334,21.255976123333333,0.0782087162575721,0.1100991928310918,0.11729479347368617,6.373018073504439,2.541536034405268,2.5429614891836203,27.75096277
Field_8,2023-05-31,dataset1_field_satellite,147,ok,15.17150083,75.82808825,0.187829785,0.37315718,-0.37315718,0.281715014,30.0910521,30.46293682,10.37019259,Maize,2023,5,151,0.49999999999999994,-0.8660254037844387,0.5160623910158528,-0.8565509959010036,11,0.2415429633,0.3813401637,0.362266864,29.12462729,6.1928573674,22.939438836,0.0749804198106254,0.10389603877266414,0.11245270391947676,6.009156180135136,2.4256692963567144,5.838544610586508,28.02221278
Field_8,2023-10-13,dataset1_field_satellite,148,ok,15.17150083,75.82808825,0.600550598,0.592059602,-0.592059602,0.900724571,14.69787199,39.72765406,15.86809747,Maize,2023,10,286,-0.8660254037844386,0.5000000000000001,-0.9778483415056568,0.20931464596304888,12,0.2366599470909091,0.3805962560909091,0.35494396854545457,29.212484090909093,6.57261511490909,23.623393198181816,0.07295299404246926,0.09859531210572506,0.10941171021943484,5.708228200558947,2.623329906146742,5.985438339658241,54.01005047
Field_8,2023-10-28,dataset1_field_satellite,149,ok,15.17150083,75.82808825,0.326504803,0.397942506,-0.397942506,0.489708003,27.40913453,24.27023032,6.215718266,Maize,2023,10,301,-0.8660254037844386,0.5000000000000001,-0.8919813464595487,0.45207220393230374,13,0.266984168,0.3982182015833333,0.4004256854166666,28.002933082500004,7.3472386445,24.965414936666665,0.1259881302965147,0.11208791468391129,0.18895950757008648,6.868614341091326,3.6683423408635463,7.360766208420068,32.45610721
Field_8,2023-11-27,dataset1_field_satellite,151,ok,15.17150083,75.82808825,0.338060403,0.449166417,-0.449166417,0.507011967,24.67540187,29.39259057,6.198784267,Maize,2023,11,331,-0.5000000000000004,0.8660254037844384,-0.5524353131676203,0.8335557718385695,14,0.2715626783846154,0.3981969942307692,0.407293556,27.95725627076923,7.260198615384615,24.911939196923075,0.12174881548947546,0.10731603521117225,0.18260175321879532,6.578259436262771,3.5261634206287877,7.050034143326433,32.10139565
Field_8,2023-12-11,dataset1_field_satellite,150,ok,15.17150083,75.82808825,0.329842604,0.40207887,-0.40207887,0.494685874,27.16382519,19.07415708,13.27719568,Maize,2023,12,345,-2.4492935982947064e-16,1.0,-0.33752289959411347,0.941317317512847,15,0.27631251585714284,0.40183766728571424,0.4144162996428572,27.722838099285717,7.184383304785714,25.231985723571427,0.11831489368236185,0.1040018846037355,0.17745081575495197,6.380759591444286,3.3996840417470695,6.878494898443107,45.10053084
Field_8,2023-12-12,dataset1_field_satellite,152,ok,15.17150083,75.82808825,0.317818615,0.418534164,-0.418534164,0.476659077,26.44634545,15.53484293,6.089654054,Maize,2023,12,346,-2.4492935982947064e-16,1.0,-0.32126966169236515,0.9469877530760751,16,0.27988118840000004,0.40185374746666663,0.4197676046,27.685570572,7.590570796466666,24.821463814,0.11484580403203418,0.1002187430127716,0.17224732089013017,6.1503476727127575,3.6341594533361925,6.8163088404251795,31.79884756
Field_8,2023-12-27,dataset1_field_satellite,153,ok,15.17150083,75.82808825,0.288806183,0.418179605,-0.418179605,0.433148215,26.7607511,20.80115625,5.830940186,Maize,2023,12,361,-2.4492935982947064e-16,1.0,-0.06880242680232064,0.9976303053065857,17,0.2822522775625,0.4028962735,0.423323321625,27.608119001875,7.4967635000625,24.24105000875,0.11135622035272436,0.09691026668765355,0.16701343327378082,5.949871538697083,3.5309258764795914,6.982455019025743,30.68254943
Field_80,2023-01-01,dataset1_field_satellite,1442,ok,23.62917775,77.551669,0.749457692,0.664826082,-0.664826082,1.124051309,9.461328123,8.231628394,9.36826434,Pulses,2023,1,1,0.49999999999999994,0.8660254037844387,0.017213356155834685,0.9998518392091162,1,,,,,,,,,,,,,44.61019428
Field_80,2023-01-04,dataset1_field_satellite,1448,ok,23.62917775,77.551669,0.193201274,0.316857122,-0.316857122,0.289764826,32.91112079,11.32775002,5.214730793,Pulses,2023,1,4,0.49999999999999994,0.8660254037844387,0.06880242680231986,0.9976303053065857,2,0.749457692,0.664826082,1.124051309,9.461328123,9.36826434,8.231628394,,,,,,,28.58557819
Field_80,2023-01-05,dataset1_field_satellite,1450,ok,23.62917775,77.551669,0.173151883,0.274513403,-0.274513403,0.259687389,35.2781381,9.283681707,5.135705466,Pulses,2023,1,5,0.49999999999999994,0.8660254037844387,0.08596479873744647,0.9962981749346078,3,0.471329483,0.49084160200000004,0.7069080674999999,21.1862244565,7.2914975665,9.779689207,0.39333268524633874,0.24605121125843055,0.5899296295815752,16.581507412254272,2.9369917369695133,2.1892885971229195,28.47081857
Field_80,2023-01-16,dataset1_field_satellite,1443,ok,23.62917775,77.551669,0.778483731,0.706049314,-0.706049314,1.167589048,7.059850434,9.874995733,9.530078104,Pulses,2023,1,16,0.49999999999999994,0.8660254037844387,0.2719581575341055,0.9623090774541486,4,0.3719369496666667,0.41873220233333336,0.557834508,25.883529004333337,6.572900199666667,9.614353373666667,0.32709620555549257,0.21417258424394944,0.4905886895915227,14.271201914226035,2.4211787952096806,1.5743252821759244,43.96336733
Field_80,2023-01-31,dataset1_field_satellite,1444,ok,23.62917775,77.551669,0.687775236,0.59576376,-0.59576376,1.031549189,13.61790726,6.824039816,8.978782372,Pulses,2023,1,31,0.49999999999999994,0.8660254037844387,0.5086709438521044,0.8609610158889943,5,0.473573645,0.49056148025,0.710273143,21.17760936175,7.31219467575,9.6795139635,0.33563078396603807,0.22631330324413848,0.5033901647821544,14.97868000796062,2.4686628894439977,1.2920205129699947,43.30610769
Field_80,2023-02-03,dataset1_field_satellite,1446,ok,23.62917775,77.551669,0.585639005,0.620247274,-0.620247274,0.878346816,13.41077649,11.55232112,8.008840563,Pulses,2023,2,34,0.8660254037844386,0.5000000000000001,0.5524353131676196,0.8335557718385699,6,0.5164139632,0.5116019362,0.7745283521999999,19.6656689414,7.645512214999999,9.108419134,0.30604326765447604,0.2015608775330036,0.4590151446806872,13.405240029895028,2.2641168821743425,1.6978616774812978,38.97654019
Field_80,2023-02-15,dataset1_field_satellite,1445,ok,23.62917775,77.551669,0.761737774,0.720074895,-0.720074895,1.142463556,6.514667279,12.44146017,9.34756723,Pulses,2023,2,46,0.8660254037844386,0.5000000000000001,0.7116566222817746,0.7025274741691571,7,0.5279514701666667,0.5297094925,0.7918314295000001,18.623186866166666,7.706066939666666,9.515736131666666,0.2751884258891327,0.18565756502886058,0.4127375695781575,12.258914367527689,2.0305126084302523,1.8170388659070584,43.81730963
Field_80,2023-03-17,dataset1_field_satellite,1447,ok,23.62917775,77.551669,0.39229344,0.495468696,-0.495468696,0.588352681,21.75712997,27.48922547,13.92256919,Pulses,2023,3,76,1.0,6.123233995736766e-17,0.9657399376548549,0.2595117970697999,8,0.5613495135714286,0.5569045499999999,0.8419217332857143,16.893398353714286,7.940566981142857,9.933696708571429,0.2662991361401311,0.18412208163073798,0.39940395697983894,12.090464395960955,1.954673825389171,1.9935385224369095,46.40461744
Field_80,2023-04-16,dataset1_field_satellite,1449,ok,23.62917775,77.551669,0.161171898,0.271468923,-0.271468923,0.241724026,35.55595261,16.1195463,5.035042252,Pulses,2023,4,106,0.8660254037844387,-0.4999999999999998,0.9679377830240642,-0.25119006388481935,9,0.540217504375,0.54922506825,0.81022560175,17.50136480575,8.68831725725,12.12813780375,0.2536867700148144,0.17184220930897937,0.3804886390925225,11.324908548611187,2.7835179489630044,6.475417155611534,28.05351086
Field_80,2023-05-16,dataset1_field_satellite,1451,ok,23.62917775,77.551669,0.147505257,0.244855872,-0.244855872,0.221225438,37.05450702,16.48186341,12.10028278,Pulses,2023,5,136,0.49999999999999994,-0.8660254037844387,0.717676913675962,-0.6963762255968722,10,0.49810132588888895,0.5183632743333333,0.74705876,19.50743011733333,8.282397812222221,12.571627636666667,0.26884253296855093,0.18550088868105302,0.4032190508751983,12.183617760712428,2.8744409914519453,6.201596408094751,39.87375176
Field_80,2023-05-31,dataset1_field_satellite,1452,ok,23.62917775,77.551669,0.161347452,0.268637699,-0.268637699,0.241986206,35.69873435,20.4045557,5.043509251,Pulses,2023,5,151,0.49999999999999994,-0.8660254037844387,0.5160623910158528,-0.8565509959010036,11,0.463041719,0.49101253409999995,0.6944754277999999,21.2621378076,8.664186309,12.962651214,0.27665387589547086,0.19510974314463772,0.4149344577671363,12.756846749702106,2.9668147747894187,5.97624309238858,28.10567432
Field_80,2023-06-15,dataset1_field_satellite,1453,ok,23.62917775,77.551669,0.133355971,0.246778122,-0.246778122,0.200006313,37.10085337,30.34082194,4.845005157,Pulses,2023,6,166,1.2246467991473532e-16,-1.0,0.2802306751992159,-0.9599326896597447,12,0.4356149674545455,0.47079664,0.653340044,22.57455567509091,8.33503384918182,13.639187985454544,0.27777351214052964,0.19686679963837583,0.4166135638962838,12.861192493071938,3.0188649650101724,6.097430227876456,27.36495313
Field_80,2023-08-29,dataset1_field_satellite,1454,ok,23.62917775,77.551669,0.662925212,0.614488787,-0.614488787,0.994275742,12.91551571,28.03930068,16.21524444,Pulses,2023,8,241,-0.8660254037844384,-0.5000000000000004,-0.8452490573530633,-0.5343725582809785,13,0.41042671775,0.45212843016666665,0.6155622330833334,23.785080483,8.044198124833333,15.030990815000001,0.27884964445319665,0.19853271763911634,0.4182272253120246,12.959838678965317,3.0496010472194754,7.552758371457725,56.26351211
Field_80,2023-09-13,dataset1_field_satellite,1455,ok,23.62917775,77.551669,0.662925212,0.614488787,-0.614488787,0.994275742,12.91551571,10.63277834,15.64607393,Pulses,2023,9,256,-1.0,-1.8369701987210297e-16,-0.9536809966304455,-0.300819807635668,14,0.4298496788461538,0.46461768838461537,0.6446940414615384,22.948960115846152,8.672740149076922,16.031630035384616,0.2760102032377726,0.19534174429170315,0.41396914582874017,12.769073244557532,3.6960664215791525,8.08128109530441,55.95053132
Field_80,2023-10-13,dataset1_field_satellite,1456,ok,23.62917775,77.551669,0.327947969,0.406041754,-0.406041754,0.491848825,26.98081269,19.73494114,6.209132822,Pulses,2023,10,286,-0.8660254037844386,0.5000000000000001,-0.9778483415056568,0.20931464596304888,15,0.4464979312142857,0.47532276685714286,0.6696641629285713,22.232285515428572,9.170835419142858,15.64599777142857,0.2724000863202232,0.1919049702895525,0.40855502521827664,12.557774393036782,4.01041800391846,7.897180012377333,32.38307836
Field_80,2023-10-28,dataset1_field_satellite,1457,ok,23.62917775,77.551669,0.272020208,0.366373585,-0.366373585,0.407964537,29.57762593,29.78828099,5.802716855,Pulses,2023,10,301,-0.8660254037844386,0.5000000000000001,-0.8919813464595487,0.45207220393230374,16,0.4385946004,0.47070403266666666,0.6578098070666666,22.548853993733335,8.973388579333333,15.918593996,0.26426997090719473,0.18578743561306826,0.39636149808634547,12.162927709376127,3.9394686626466924,7.682799458480622,30.84947252
Field_80,2023-11-27,dataset1_field_satellite,1459,ok,23.62917775,77.551669,0.314604746,0.353043648,-0.353043648,0.471832125,29.82340024,22.02307502,8.854599715,Pulses,2023,11,331,-0.5000000000000004,0.8660254037844384,-0.5524353131676203,0.8335557718385695,17,0.428183700875,0.4641833796875,0.6421944776875,22.98815223975,8.7752215965625,16.785449433125,0.2586830086246832,0.18137293750896272,0.3879824191121977,11.881165078217796,3.8875581329001663,8.192276480518236,43.12875191
Field_80,2023-12-11,dataset1_field_satellite,1458,ok,23.62917775,77.551669,0.285246842,0.381408978,-0.381408978,0.427796128,28.67477109,12.8156794,12.6393484,Pulses,2023,12,345,-2.4492935982947064e-16,1.0,-0.33752289959411347,0.941317317512847,18,0.42150258588235295,0.4576457484117647,0.6321731628235294,23.390225651529413,8.779890897647059,17.093545055882352,0.25197902060476696,0.17767026803237998,0.37792785683400176,11.6227245030453,3.7641612096482198,8.03321208044342,43.34783846
Field_80,2023-12-12,dataset1_field_satellite,1460,ok,23.62917775,77.551669,0.589230551,0.521889905,-0.521889905,0.883719742,18.39665363,9.315554855,8.272258319,Pulses,2023,12,346,-2.4492935982947064e-16,1.0,-0.32126966169236515,0.9469877530760751,19,0.41393282233333334,0.45341037227777775,0.6208188831111111,23.683811509222224,8.994305203333333,16.855885852777778,0.24655616627460836,0.17329959438668902,0.3697949239209838,11.344287369486183,3.7633717915728124,7.858316694833666,40.65620372
Field_80,2023-12-27,dataset1_field_satellite,1461,ok,23.62917775,77.551669,0.589230551,0.521889905,-0.521889905,0.883719742,18.39665363,7.077692517,8.272258319,Pulses,2023,12,361,-2.4492935982947064e-16,1.0,-0.06880242680232064,0.9976303053065857,20,0.4231590185789474,0.4570145582105263,0.6346557704210527,23.40554004189474,8.956302735736843,16.459026326578947,0.24296101603231107,0.1691480898636493,0.36440209704297566,11.091191008894306,3.6610893585800977,7.830380794862808,40.65620372
Field_81,2023-01-01,dataset1_field_satellite,1462,ok,22.25718307,73.17715686,0.2411602,0.290529096,-0.290529096,0.361677897,33.76574639,7.028183008,5.705816752,Pulses,2023,1,1,0.49999999999999994,0.8660254037844387,0.017213356155834685,0.9998518392091162,1,,,,,,,,,,,,,30.83903983
Field_81,2023-01-04,dataset1_field_satellite,1468,ok,22.25718307,73.17715686,0.232497516,0.29293115,-0.29293115,0.348696004,33.73155792,7.140760979,5.622087537,Pulses,2023,1,4,0.49999999999999994,0.8660254037844387,0.06880242680231986,0.9976303053065857,2,0.2411602,0.290529096,0.361677897,33.76574639,5.705816752,7.028183008,,,,,,,30.47389558
Field_81,2023-01-05,dataset1_field_satellite,1470,ok,22.25718307,73.17715686,0.209583076,0.28322113,-0.28322113,0.314332109,34.46141631,7.958101803,12.2470441,Pulses,2023,1,5,0.49999999999999994,0.8660254037844387,0.08596479873744647,0.9962981749346078,3,0.23682885799999998,0.291730123,0.35518695050000004,33.748652155,5.6639521445,7.0844719935,0.006125442599676199,0.0016985086721762422,0.009179584572938208,0.02417489897539294,0.05920549570992637,0.07960464670632272,41.75163646
Field_81,2023-01-16,dataset1_field_satellite,1463,ok,22.25718307,73.17715686,0.240910109,0.297644384,-0.297644384,0.361303692,33.40496285,7.29342851,5.687001198,Pulses,2023,1,16,0.49999999999999994,0.8660254037844387,0.2719581575341055,0.9623090774541486,4,0.22774693066666665,0.288893792,0.34156867,33.986240206666665,7.858316129666666,7.37568193,0.01631578180121335,0.005057349748575036,0.02446436342511089,0.4118694693158522,3.800980471345615,0.5075215574117234,30.72428021
Field_81,2023-01-31,dataset1_field_satellite,1464,ok,22.25718307,73.17715686,0.245825042,0.305948378,-0.305948378,0.368673035,32.93072905,5.198502396,13.0024886,Pulses,2023,1,31,0.49999999999999994,0.8660254037844387,0.5086709438521044,0.8609610158889943,5,0.23103772525,0.29108143999999997,0.3465024255,33.840920867499996,7.31548739675,7.3551185750000005,0.014858907759836209,0.006016178693646882,0.022279388648084354,0.44447926218556916,3.287900114382047,0.4164254560348566,43.21221345
Field_81,2023-02-03,dataset1_field_satellite,1466,ok,22.25718307,73.17715686,0.207978607,0.268866917,-0.268866917,0.31192012,35.21079137,11.57187714,5.460273773,Pulses,2023,2,34,0.8660254037844386,0.5000000000000001,0.5524353131676196,0.8335557718385699,6,0.23399518860000001,0.2940548276,0.3509365474,33.658882504,8.4528876374,6.923795339200001,0.014468009614126493,0.008446950553577736,0.021692983981453327,0.5602331566531579,3.8178674556312844,1.0296874715321587,29.90009748
Field_81,2023-02-15,dataset1_field_satellite,1465,ok,22.25718307,73.17715686,0.229592305,0.30156442,-0.30156442,0.344329807,33.32037598,9.647279136,5.57598943,Pulses,2023,2,46,0.8660254037844386,0.5000000000000001,0.7116566222817746,0.7025274741691571,7,0.22965909166666668,0.2898568425,0.34443380949999997,33.917533981666665,7.95411866,7.698475639333334,0.01674123834867485,0.012760064746019189,0.025103426945185196,0.8077700621128224,3.626777148366666,2.1092611113165343,30.22351095
Field_81,2023-03-17,dataset1_field_satellite,1467,ok,22.25718307,73.17715686,0.247669237,0.299030182,-0.299030182,0.371446259,33.26516781,26.97400732,12.91405549,Pulses,2023,3,76,1.0,6.123233995736766e-17,0.9657399376548549,0.2595117970697999,8,0.22964955071428572,0.29152935357142856,0.344418952,33.832225695714286,7.614385912857143,7.9768761388571425,0.01528261065441234,0.012460488082623122,0.022916222395441884,0.7711590324114255,3.430625129569075,2.061560872261427,43.33740576
Field_81,2023-04-16,dataset1_field_satellite,1469,ok,22.25718307,73.17715686,0.217933601,0.28739795,-0.28739795,0.326855306,34.16284677,20.13875421,5.505431102,Pulses,2023,4,106,0.8660254037844387,-0.4999999999999998,0.9679377830240642,-0.25119006388481935,9,0.2319020115,0.292466957125,0.347797365375,33.76134346,8.27684461,10.3515175365,0.015517131489293928,0.011837061672492063,0.02326887989654034,0.7415695550317839,3.687639936353348,6.982425063324471,29.99399171
Field_81,2023-05-16,dataset1_field_satellite,1471,ok,22.25718307,73.17715686,0.210006279,0.271949227,-0.271949227,0.314968979,35.03268682,28.78369561,12.95544971,Pulses,2023,5,136,0.49999999999999994,-0.8660254037844387,0.717676913675962,-0.6963762255968722,10,0.2303499658888889,0.2919037341111111,0.3454704698888889,33.80595493888889,7.968909775777778,11.438988278,0.015243467737354115,0.011200736889997448,0.02285805456757475,0.7064675404922489,3.5710316467110474,7.300911642862901,42.33586726
Field_81,2023-05-31,dataset1_field_satellite,1472,ok,22.25718307,73.17715686,0.229068744,0.295974123,-0.295974123,0.343557907,33.61118808,21.14969025,5.584456429,Pulses,2023,5,151,0.49999999999999994,-0.8660254037844387,0.5160623910158528,-0.8565509959010036,11,0.2283155972,0.2899082834,0.3424203208,33.928628127,8.4675637692,13.1734590112,0.015745847797957124,0.012301834432646583,0.023610807602344294,0.7707972123770669,3.7177824728448035,8.801398069022833,30.2965398
Field_81,2023-06-15,dataset1_field_satellite,1473,ok,22.25718307,73.17715686,0.147767077,0.176030066,-0.176030066,0.221596235,40.56637952,26.78620106,12.52081041,Pulses,2023,6,166,1.2246467991473532e-16,-1.0,0.2802306751992159,-0.9599326896597447,12,0.22838406509090908,0.29045972336363635,0.34252373772727274,33.89976994090909,8.205463101909091,13.898570942,0.014939548753617997,0.011812982846676458,0.0224018047875777,0.7374796622934522,3.632544593200551,8.689177613936344,41.18827105
Field_81,2023-09-28,dataset1_field_satellite,1474,ok,22.25718307,73.17715686,0.354123558,0.355221359,-0.355221359,0.531113049,29.30859615,27.34497894,13.92445074,Pulses,2023,9,271,-1.0,-1.8369701987210297e-16,-0.9988797155850335,-0.04732138832243232,13,0.22166598275000002,0.2809239185833333,0.3324464458333333,34.455320739166666,8.565075377583334,14.9725401185,0.027285374661156093,0.034900421002958655,0.04092481770967793,2.048920015512735,3.680713526917471,9.081790815686881,47.12447324
Field_81,2023-10-13,dataset1_field_satellite,1475,ok,22.25718307,73.17715686,0.329324017,0.329602316,-0.329602316,0.493919293,30.87009107,29.55687667,6.401992251,Pulses,2023,10,286,-0.8660254037844386,0.5000000000000001,-0.9778483415056568,0.20931464596304888,14,0.231855027,0.2866391063076923,0.3477284922307692,34.05941884769231,8.977335020846153,15.924266181692307,0.045078451541022455,0.03925760975177174,0.06761141096789919,2.426073328217153,3.8246745268913958,9.347772633622974,33.63500149
Field_81,2023-10-28,dataset1_field_satellite,1476,ok,22.25718307,73.17715686,0.313651312,0.340463057,-0.340463057,0.470405963,30.47555753,15.54369097,6.236415375,Pulses,2023,10,301,-0.8660254037844386,0.5000000000000001,-0.8919813464595487,0.45207220393230374,15,0.2388170977142857,0.289707907,0.3581706922857143,33.83160972071429,8.793381965857142,16.898024073714286,0.0505404784693386,0.03942657337037716,0.07580381122880804,2.48186089028617,3.7385339686511925,9.691961162153495,32.86298222
Field_81,2023-11-27,dataset1_field_satellite,1478,ok,22.25718307,73.17715686,0.301243381,0.356345441,-0.356345441,0.451792087,29.7912542,23.92495704,12.67886107,Pulses,2023,11,331,-0.5000000000000004,0.8660254037844384,-0.5524353131676203,0.8335557718385695,16,0.24380604533333333,0.29309158366666666,0.3656530436666667,33.607872908,8.622917526466667,16.807735200133333,0.052394952853578515,0.04018906849882091,0.07858471480694955,2.543724057219225,3.662536955661177,9.34595169096691,44.38067504
Field_81,2023-12-11,dataset1_field_satellite,1477,ok,22.25718307,73.17715686,0.275674818,0.319107182,-0.319107182,0.413451436,31.95393097,13.38520094,5.946655844,Pulses,2023,12,345,-2.4492935982947064e-16,1.0,-0.33752289959411347,0.941317317512847,17,0.2473958788125,0.29704494975,0.371036733875,33.36933423875,8.8764139979375,17.252561565125,0.052615645481394614,0.04192313759613335,0.07891514112441175,2.636204548518903,3.6807697381003783,9.202696347398875,31.72581871
Field_81,2023-12-12,dataset1_field_satellite,1479,ok,22.25718307,73.17715686,0.290254307,0.296391052,-0.296391052,0.435316537,32.96501738,10.14163213,6.130107495,Pulses,2023,12,346,-2.4492935982947064e-16,1.0,-0.32126966169236515,0.9469877530760751,18,0.24905934582352943,0.29834272811764706,0.3735317163529412,33.28607522294118,8.704075283,17.025069763647057,0.05140449248392719,0.040943064272735676,0.0770986281890082,2.5754749277382776,3.6340366679060296,8.95970488599381,32.64389568
Field_81,2023-12-27,dataset1_field_satellite,1480,ok,22.25718307,73.17715686,0.296363448,0.313604195,-0.313604195,0.444471821,32.02364717,5.562849422,6.144219161,Pulses,2023,12,361,-2.4492935982947064e-16,1.0,-0.06880242680232064,0.9976303053065857,19,0.25134795477777777,0.29823430166666665,0.3769642063888889,33.26823867611111,8.561077072555555,16.642656561777777,0.050806145546400526,0.03972327042028693,0.07620115167385683,2.499723387400612,3.577353585158636,8.842312655091261,32.6125976
Field_82,2023-01-01,dataset1_field_satellite,1481,ok,27.06816255,75.98283023,0.717100143,0.719598192,-0.719598192,1.075509707,6.994888352,13.59468449,8.949618263,Millets,2023,1,1,0.49999999999999994,0.8660254037844387,0.017213356155834685,0.9998518392091162,1,,,,,,,,,,,,,42.50279034
Field_82,2023-01-04,dataset1_field_satellite,1487,ok,27.06816255,75.98283023,0.345064449,0.437784631,-0.437784631,0.5175315,25.18507419,9.16200694,6.288158149,Millets,2023,1,4,0.49999999999999994,0.8660254037844387,0.06880242680231986,0.9976303053065857,2,0.717100143,0.719598192,1.075509707,6.994888352,8.949618263,13.59468449,,,,,,,32.55000144
Field_82,2023-01-05,dataset1_field_satellite,1489,ok,27.06816255,75.98283023,0.122777109,0.097588063,-0.097588063,0.184145209,44.82719046,14.61087459,5.100896691,Millets,2023,1,5,0.49999999999999994,0.8660254037844387,0.08596479873744647,0.9962981749346078,3,0.531082296,0.5786914114999999,0.7965206035,16.089981271,7.618888205999999,11.378345715,0.26306896207084335,0.19927228001342873,0.39455017392401104,12.862403757093304,1.8819364944669212,3.1343763544183725,29.38889553
Field_82,2023-01-16,dataset1_field_satellite,1482,ok,27.06816255,75.98283023,0.688770775,0.693340481,-0.693340481,1.03302161,8.625046124,11.22721263,8.75864039,Millets,2023,1,16,0.49999999999999994,0.8660254037844387,0.2719581575341055,0.9623090774541486,4,0.394980567,0.41832362866666667,0.592395472,25.669051000666666,6.779557700999999,12.45585534,0.30028932933569874,0.31146139103187837,0.4503733204813653,18.92079400719464,1.9708550363925517,2.8974538031643275,41.81423262
Field_82,2023-01-31,dataset1_field_satellite,1483,ok,27.06816255,75.98283023,0.668755298,0.672548189,-0.672548189,1.002994957,9.891206937,14.80866564,15.34596585,Millets,2023,1,31,0.49999999999999994,0.8660254037844387,0.5086709438521044,0.8609610158889943,5,0.468428119,0.48707784175,0.7025520064999999,21.408049781499997,7.27432837325,12.1486946625,0.28582155118376446,0.28910326759800214,0.4286746243634432,17.643379007456435,1.8891016706689254,2.444221025505533,55.09505052
Field_82,2023-02-03,dataset1_field_satellite,1485,ok,27.06816255,75.98283023,0.48623496,0.55584983,-0.55584983,0.729250269,17.71439244,12.35079777,7.272211623,Millets,2023,2,34,0.8660254037844386,0.5000000000000001,0.5524353131676196,0.8335557718385699,6,0.5084935548,0.5241719112000001,0.7626405966,19.1046812126,8.8886558686,12.680688858,0.2632425973698778,0.26375248708531385,0.3948096294176264,16.12433412335368,3.9631799294011514,2.4281168498181778,36.14928045
Field_82,2023-02-15,dataset1_field_satellite,1484,ok,27.06816255,75.98283023,0.622915019,0.640112271,-0.640112271,0.934248959,12.0156877,10.08422643,8.294836984,Millets,2023,2,46,0.8660254037844386,0.5000000000000001,0.7116566222817746,0.7025274741691571,7,0.504783789,0.5294515643333333,0.7570755419999999,18.872966417166666,8.619248494333332,12.62570701,0.23562662461992018,0.2362616091924391,0.3533914738373192,14.433207239410603,3.6056785938436127,2.1759455808346244,40.1137037
Field_82,2023-03-17,dataset1_field_satellite,1486,ok,27.06816255,75.98283023,0.290752969,0.34892956,-0.34892956,0.436070718,30.27707878,17.27782769,3.102684856,Millets,2023,3,76,1.0,6.123233995736766e-17,0.9657399376548549,0.2595117970697999,8,0.521659679,0.5452602367142857,0.7823860301428571,17.89335517185714,8.572903992857144,12.262638355714286,0.21968194775142239,0.21969453529610614,0.3294778047471006,13.428155495948442,3.2938022291577527,2.2064333005332353,42.2732711
Field_82,2023-04-16,dataset1_field_satellite,1488,ok,27.06816255,75.98283023,0.280791592,0.381025161,-0.381025161,0.421122755,28.7398714,25.99311892,5.846933407,Millets,2023,4,106,0.8660254037844387,-0.4999999999999998,0.9679377830240642,-0.25119006388481935,9,0.49279634024999996,0.520718902125,0.739096616125,19.441320622875,7.88912660075,12.8895370225,0.21915882014772436,0.21491581435713558,0.3286935723267277,13.180500718012723,3.6110482051300528,2.704974148532489,30.95379945
Field_82,2023-05-16,dataset1_field_satellite,1490,ok,27.06816255,75.98283023,0.305515358,0.403522908,-0.403522908,0.458225364,27.33853739,12.63734092,13.27625491,Millets,2023,5,136,0.49999999999999994,-0.8660254037844387,0.717676913675962,-0.6963762255968722,10,0.46924025711111106,0.5051973753333333,0.703766187111111,20.474492931444445,7.662216245888889,14.345490566666667,0.21684272265421078,0.20635761798075627,0.3252209777313596,12.712863739264046,3.4457372621240454,5.047819430817998,44.14072311
Field_82,2023-05-31,dataset1_field_satellite,1491,ok,27.06816255,75.98283023,0.457608036,0.48083426,-0.48083426,0.686346131,21.83737848,10.25173417,7.192245519,Millets,2023,5,151,0.49999999999999994,-0.8660254037844387,0.5160623910158528,-0.8565509959010036,11,0.4528677672,0.4950299286,0.6792121048,21.1608973773,8.2236201123,14.174675601999999,0.21089528451468698,0.19719467526231796,0.3162999176388353,12.180762753533775,3.702109448928962,4.789686208035584,36.2223093
Field_82,2023-06-15,dataset1_field_satellite,1492,ok,27.06816255,75.98283023,0.413541131,0.460066277,-0.460066277,0.62024923,23.34793224,27.83295585,6.846980103,Millets,2023,6,166,1.2246467991473532e-16,-1.0,0.2802306751992159,-0.9599326896597447,12,0.4532987007272727,0.49373941327272725,0.6798606526363636,21.222395659363634,8.129858785636364,13.818044562727273,0.20007793898436654,0.18712425199460148,0.30007615844274793,11.557486126219347,3.5258695359895507,4.695319717995981,34.84519385
Field_82,2023-08-14,dataset1_field_satellite,1493,ok,27.06816255,75.98283023,0.583990113,0.564514321,-0.564514321,0.875889017,16.27358459,26.62569167,15.57269327,Millets,2023,8,226,-0.8660254037844384,-0.5000000000000004,-0.680773409477016,-0.732494071613579,13,0.44998556991666666,0.49093331858333333,0.6748930340833333,21.399523707750003,8.02295222875,14.985953836666667,0.19111176144856842,0.17868058014817256,0.28662842648425535,11.036700219914417,3.382121300707468,6.03406892769788,53.64490622
Field_82,2023-08-29,dataset1_field_satellite,1494,ok,27.06816255,75.98283023,0.513209492,0.524879026,-0.524879026,0.76972557,19.02040956,29.22385974,7.585490598,Millets,2023,8,241,-0.8660254037844384,-0.5000000000000004,-0.8452490573530633,-0.5343725582809785,14,0.46029361169230765,0.4965933956923077,0.6903542635384615,21.00522069869231,8.603701539615384,15.881318285384616,0.1867120448137684,0.17228656765018233,0.28003067446478747,10.662044628053886,3.8561668392190054,6.617977759146337,37.68288628
Field_82,2023-09-13,dataset1_field_satellite,1495,ok,27.06816255,75.98283023,0.563700899,0.584153533,-0.584153533,0.845355815,15.47793177,17.1609929,14.65543502,Millets,2023,9,256,-1.0,-1.8369701987210297e-16,-0.9536809966304455,-0.300819807635668,15,0.46407331742857144,0.4986137978571429,0.6960236425714286,20.863448474499997,8.530972186642858,16.834356960714285,0.17994373823180304,0.1657001149540863,0.269879739879021,10.25748669161999,3.714865894684382,7.290030124878977,52.03827153
Field_82,2023-09-28,dataset1_field_satellite,1496,ok,27.06816255,75.98283023,0.473889461,0.511261158,-0.511261158,0.710745547,20.11736792,12.84731138,7.266566957,Millets,2023,9,271,-1.0,-1.8369701987210297e-16,-0.9988797155850335,-0.04732138832243232,16,0.4707151562,0.5043164468666667,0.7059791207333334,20.504414027533336,8.939269708866668,16.85613269,0.17529580729047084,0.16119289873754833,0.26290538581995326,9.981692656833289,3.9134512900901997,7.02535504025243,36.36836699
Field_82,2023-10-13,dataset1_field_satellite,1497,ok,27.06816255,75.98283023,0.385050247,0.470434022,-0.470434022,0.577500096,23.10948368,10.19658341,6.568509904,Millets,2023,10,286,-0.8660254037844386,0.5000000000000001,-0.9778483415056568,0.20931464596304888,17,0.47091355025,0.5047504913125,0.706277022375,20.4802236458125,8.834725786875,16.605581358125,0.16935369835513456,0.1557368128493751,0.25399352818488435,9.643716704096287,3.8038092976104623,6.860732812945684,33.58283802
Field_82,2023-10-28,dataset1_field_satellite,1498,ok,27.06816255,75.98283023,0.317938886,0.429462033,-0.429462033,0.476844133,25.88709238,27.77490385,13.28942579,Millets,2023,10,301,-0.8660254037844386,0.5000000000000001,-0.8919813464595487,0.45207220393230374,18,0.46586276770588236,0.5027318754705883,0.6987019090588236,20.634886000764705,8.701418970235293,16.228581478823532,0.16529310276940526,0.15102103981000095,0.2479035450474989,9.359238212895898,3.7238094573253164,6.822315791785934,44.21375196
Field_82,2023-11-27,dataset1_field_satellite,1500,ok,27.06816255,75.98283023,0.253383181,0.275782719,-0.275782719,0.380029663,34.39392912,18.56042387,12.73530773,Millets,2023,11,331,-0.5000000000000004,0.8660254037844384,-0.5524353131676203,0.8335557718385695,19,0.4576447742777778,0.4986613286666667,0.6863764770555556,20.926675244055556,8.956308238,16.870043832777778,0.16410448509148637,0.14752624750258045,0.2461210919348483,9.163798895451627,3.7710076892528157,7.156300857520918,43.82774232
Field_82,2023-12-11,dataset1_field_satellite,1499,ok,27.06816255,75.98283023,0.328904275,0.425268649,-0.425268649,0.493291415,25.98923674,5.956764449,6.172442492,Millets,2023,12,345,-2.4492935982947064e-16,1.0,-0.33752289959411347,0.941317317512847,20,0.44689416410526317,0.4869308755263158,0.6702529605263158,21.63547807963158,9.155202948105263,16.959011203157896,0.16622301889450308,0.1522148154012647,0.24929835369384648,9.426322107567891,3.765912144361964,6.965478006172111,32.12226104
Field_82,2023-12-12,dataset1_field_satellite,1501,ok,27.06816255,75.98283023,0.495283352,0.540223161,-0.540223161,0.74281432,18.41994837,9.620786646,7.389808836,Millets,2023,12,346,-2.4492935982947064e-16,1.0,-0.32126966169236515,0.9469877530760751,21,0.44099466964999995,0.4838477642,0.66140488325,21.85316601265,9.0060649253,16.408898865450002,0.16392668281273615,0.1487952353454613,0.2458544353180544,9.226413245934378,3.7256558162679485,7.212266128062016,36.74394393
Field_82,2023-12-27,dataset1_field_satellite,1502,ok,27.06816255,75.98283023,0.617939402,0.649122045,-0.649122045,0.926778383,11.60642462,5.950935888,8.229923322,Millets,2023,12,361,-2.4492935982947064e-16,1.0,-0.06880242680232064,0.9976303053065857,22,0.44357984500000003,0.4865323069047619,0.6652815230952381,21.689679458238096,8.929100349619048,16.085655426428573,0.16021455999528642,0.14554849060929198,0.24028686660648949,9.023948760850688,3.6484078941822506,7.184020900941862,39.77985753
Field_83,2023-01-01,dataset1_field_satellite,1503,ok,22.47174656,73.30337934,0.502442624,0.506798962,-0.506798962,0.753546258,20.05361733,13.9073947,7.531866269,Millets,2023,1,1,0.49999999999999994,0.8660254037844387,0.017213356155834685,0.9998518392091162,1,,,,,,,,,,,,,37.54726128
Field_83,2023-01-04,dataset1_field_satellite,1509,ok,22.47174656,73.30337934,0.344354397,0.422075511,-0.422075511,0.516452115,25.9945022,10.02870216,6.318263035,Millets,2023,1,4,0.49999999999999994,0.8660254037844387,0.06880242680231986,0.9976303053065857,2,0.502442624,0.506798962,0.753546258,20.05361733,7.531866269,13.9073947,,,,,,,32.76908799
Field_83,2023-01-05,dataset1_field_satellite,1511,ok,22.47174656,73.30337934,0.307179709,0.386661992,-0.386661992,0.460711391,28.18253163,5.272941858,6.069897722,Millets,2023,1,5,0.49999999999999994,0.8660254037844387,0.08596479873744647,0.9962981749346078,3,0.4233985105,0.4644372365,0.6349991865,23.024059765,6.925064652,11.96804843,0.11178525733745825,0.059908526727626164,0.167650876294913,4.200839977825559,0.8581470764313239,2.7426497971716737,31.8927418
Field_83,2023-01-16,dataset1_field_satellite,1504,ok,22.47174656,73.30337934,0.516390678,0.537942327,-0.537942327,0.774468472,18.32085128,6.530646043,7.583609042,Millets,2023,1,16,0.49999999999999994,0.8660254037844387,0.2719581575341055,0.9623090774541486,4,0.38465890999999997,0.438512155,0.5769032546666667,24.74355038666667,6.6400090086666665,9.736346239333333,0.10368337291822485,0.061732044674401285,0.1554954020155453,4.206360927648457,0.7822904587059435,4.324644258021936,37.59942474
Field_83,2023-01-31,dataset1_field_satellite,1505,ok,22.47174656,73.30337934,0.528239872,0.556442999,-0.556442999,0.792226655,17.25511179,14.44590141,15.00540432,Millets,2023,1,31,0.49999999999999994,0.8660254037844387,0.5086709438521044,0.8609610158889943,5,0.417591852,0.463369698,0.626294559,23.137875610000002,6.875909017,8.93492119025,0.1072620275535627,0.0707965630223359,0.16086397092049287,4.701958541160543,0.7940911976896844,3.877820746607682,51.29755035
Field_83,2023-02-03,dataset1_field_satellite,1507,ok,22.47174656,73.30337934,0.34763051,0.408877011,-0.408877011,0.521363822,26.63501672,6.504497594,6.378472808,Millets,2023,2,34,0.8660254037844386,0.5000000000000001,0.5524353131676196,0.8335557718385699,6,0.439721456,0.48198435819999996,0.6594809782000001,21.961322846,8.5018080776,10.0371172342,0.10524948352443357,0.07410561971698912,0.1578436091573635,4.847957572470558,3.700091133875758,4.1656093076056555,33.10293416
Field_83,2023-02-15,dataset1_field_satellite,1506,ok,22.47174656,73.30337934,0.454227394,0.505656386,-0.505656386,0.681225062,20.6043783,6.044313592,7.103812415,Millets,2023,2,46,0.8660254037844386,0.5000000000000001,0.7116566222817746,0.7025274741691571,7,0.42437296500000005,0.4697998003333333,0.6364614521666666,22.740271824999997,8.147918866,9.448347294166666,0.10136774675206357,0.0726917808376442,0.1520232726731466,4.73737513512394,3.4211058100722362,3.9952147597607097,35.70067466
Field_83,2023-03-17,dataset1_field_satellite,1508,ok,22.47174656,73.30337934,0.359103241,0.445204111,-0.445204111,0.538573681,24.66282671,16.73180338,13.10032948,Millets,2023,3,76,1.0,6.123233995736766e-17,0.9657399376548549,0.2595117970697999,8,0.4286378834285714,0.4749221697142857,0.6428562535714286,22.435144178571427,7.998760801571429,8.962056765285714,0.09322111763119265,0.06772800881207008,0.13980516415207744,4.39931693259087,3.1478629312143744,3.8674022499859952,45.4552424
Field_83,2023-04-16,dataset1_field_satellite,1510,ok,22.47174656,73.30337934,0.338531228,0.412975178,-0.412975178,0.507727581,26.51867628,9.16384497,6.288158149,Millets,2023,4,106,0.8660254037844387,-0.4999999999999998,0.9679377830240642,-0.25119006388481935,9,0.419946053125,0.47120741237499997,0.629820932,22.713604495,8.636456886375,9.933275092125,0.08973910106518512,0.06357814842820782,0.13458316686075394,4.148428017566456,3.427347971212359,4.512896490360178,32.68562645
Field_83,2023-05-16,dataset1_field_satellite,1512,ok,22.47174656,73.30337934,0.259893672,0.355363158,-0.355363158,0.389792229,30.26371324,24.89017791,12.45307442,Millets,2023,5,136,0.49999999999999994,-0.8660254037844387,0.717676913675962,-0.6963762255968722,10,0.4108999614444444,0.4647371641111111,0.6162550041111111,23.13639024888889,8.375534804444445,9.847782856333332,0.0882210516244633,0.06255945453112213,0.13230593258567297,4.082524131347741,3.300166336240125,4.229212183438303,42.66971343
Field_83,2023-05-31,dataset1_field_satellite,1513,ok,22.47174656,73.30337934,0.253910145,0.364610581,-0.364610581,0.380815702,29.85260845,20.79664499,5.64560698,Millets,2023,5,151,0.49999999999999994,-0.8660254037844387,0.5160623910158528,-0.8565509959010036,11,0.3957993325,0.4537997635,0.5936087266000001,23.849122548,8.783288766,11.3520223617,0.09590866089057579,0.06837469374407654,0.1438346767178826,4.460379729499272,3.3680274339012515,6.206951028178558,30.18178018
Field_83,2023-06-15,dataset1_field_satellite,1514,ok,22.47174656,73.30337934,0.195439555,0.253938959,-0.253938959,0.293097928,36.10113792,26.52637106,12.21129455,Millets,2023,6,166,1.2246467991473532e-16,-1.0,0.2802306751992159,-0.9599326896597447,12,0.38290031545454545,0.445691656,0.5742639061818182,24.394893993636366,8.498044967272728,12.210624418818183,0.10054280261942826,0.07021925910805207,0.15078466649833053,4.602392831754725,3.3323043360107905,6.540855401012125,41.63687684
Field_83,2023-09-28,dataset1_field_satellite,1515,ok,22.47174656,73.30337934,0.606073231,0.541475463,-0.541475463,0.908981897,17.22451725,29.12110485,6.104706497,Millets,2023,9,271,-1.0,-1.8369701987210297e-16,-0.9988797155850335,-0.04732138832243232,13,0.3672785854166667,0.42971226458333334,0.550833408,25.370414320833333,8.8074824325,13.403603305583333,0.11008328537288699,0.08687108992014174,0.16509683242831324,5.538597342420195,3.3531765916536256,7.481432241178486,51.43317535
Field_83,2023-10-13,dataset1_field_satellite,1516,ok,22.47174656,73.30337934,0.073525315,0.016366102,-0.016366102,0.110276945,49.47774113,13.23539907,4.852531378,Millets,2023,10,286,-0.8660254037844386,0.5000000000000001,-0.9778483415056568,0.20931464596304888,14,0.38564740430769234,0.43830943369230774,0.5783832917692308,24.743806853846156,8.599576591307692,14.612641885923077,0.124478289293681,0.08876120319262151,0.18668824186001368,5.764026550473941,3.2967762113925465,8.385140136067026,30.80774175
Field_83,2023-10-28,dataset1_field_satellite,1517,ok,22.47174656,73.30337934,0.541035592,0.535619967,-0.535619967,0.811433885,18.18774568,11.99445032,7.80939569,Millets,2023,10,301,-0.8660254037844386,0.5000000000000001,-0.8919813464595487,0.45207220393230374,15,0.36335296935714284,0.4081706242857143,0.5449471241428572,26.510516445,8.331930504642857,14.514267399071429,0.14581330188420744,0.14138379838955803,0.21868520849587308,8.623571679991063,3.321981180175464,8.064586466752749,38.58009786
Field_83,2023-11-27,dataset1_field_satellite,1519,ok,22.47174656,73.30337934,0.519957324,0.552532702,-0.552532702,0.779825054,17.53937722,16.15767729,14.41647748,Millets,2023,11,331,-0.5000000000000004,0.8660254037844384,-0.5524353131676203,0.8335557718385695,16,0.3751984775333333,0.41666724713333336,0.5627129082,25.955665060666668,8.297094850333334,14.3462795938,0.14780926911608472,0.14015867685612943,0.22167909767727345,8.583241408555393,3.2039830823642204,7.79841738984672,50.71331955
Field_83,2023-12-11,dataset1_field_satellite,1518,ok,22.47174656,73.30337934,0.492227621,0.519371735,-0.519371735,0.738242703,19.51592113,13.34917543,7.411446723,Millets,2023,12,345,-2.4492935982947064e-16,1.0,-0.33752289959411347,0.941317317512847,17,0.3842459054375,0.4251588380625,0.5762824173125,25.429647070625002,8.6795562646875,14.459491949812499,0.14731181190845916,0.13960135475341826,0.22093351812572562,8.55498001279159,3.452762394777215,7.547584523190751,36.95259779
Field_83,2023-12-12,dataset1_field_satellite,1520,ok,22.47174656,73.30337934,0.498848466,0.495265486,-0.495265486,0.748157996,20.6792737,9.919882082,7.52716238,Millets,2023,12,346,-2.4492935982947064e-16,1.0,-0.32126966169236515,0.9469877530760751,18,0.39059777105882354,0.4307007731764706,0.5858094929411765,25.08178083882353,8.604961585764705,14.39417921335294,0.14501847176853594,0.13708620050958703,0.2174946001801747,8.406583038870872,3.357240588521259,7.312877199607175,37.58899205
Field_83,2023-12-27,dataset1_field_satellite,1521,ok,22.47174656,73.30337934,0.474431631,0.484134786,-0.484134786,0.7115343,21.49702197,13.38390283,7.335243729,Millets,2023,12,361,-2.4492935982947064e-16,1.0,-0.06880242680232064,0.9976303053065857,19,0.39661169855555556,0.43428770166666664,0.5948288542222222,24.83719710888889,8.545083852111112,14.1456071505,0.1429835275559241,0.13386099793455017,0.21444252957836582,8.221333446020777,3.2668940534650055,7.172487945313829,36.81697278
Field_84,2023-01-04,dataset1_field_satellite,1527,ok,27.41230827,80.5007479,0.357447519,0.394136183,-0.394136183,0.536098467,27.28748795,12.42381039,4.721763278,Millets,2023,1,4,0.49999999999999994,0.8660254037844387,0.06880242680231986,0.9976303053065857,1,,,,,,,,,,,,,33.70803034
Field_84,2023-01-05,dataset1_field_satellite,1529,ok,27.41230827,80.5007479,0.347862449,0.393588316,-0.393588316,0.521724897,27.41335556,13.69605437,13.57071833,Millets,2023,1,5,0.49999999999999994,0.8660254037844387,0.08596479873744647,0.9962981749346078,2,0.357447519,0.394136183,0.536098467,27.28748795,4.721763278,12.42381039,,,,,,,46.09163666
Field_84,2023-01-16,dataset1_field_satellite,1522,ok,27.41230827,80.5007479,0.54791799,0.518912802,-0.518912802,0.821758233,18.97059749,5.909900817,15.39112318,Millets,2023,1,16,0.49999999999999994,0.8660254037844387,0.2719581575341055,0.9623090774541486,3,0.352654984,0.3938622495,0.5289116819999999,27.350421755,9.146240804,13.05993238,0.006777667995147722,0.00038740047088831585,0.010163648816859447,0.08900184056274388,6.257156123684157,0.8996123455817635,52.86245426
Field_84,2023-01-31,dataset1_field_satellite,1523,ok,27.41230827,80.5007479,0.604943594,0.554799746,-0.554799746,0.907269184,16.55565796,7.332423009,8.335290425,Millets,2023,1,31,0.49999999999999994,0.8660254037844387,0.5086709438521044,0.8609610158889943,4,0.4177426526666667,0.435545767,0.626527199,24.557147,11.227868262666666,10.676588525666666,0.11283697190686909,0.07219848982548627,0.16922770859456818,4.838503098539125,5.707496825062999,4.176797214388912,40.75009796
Field_84,2023-02-03,dataset1_field_satellite,1525,ok,27.41230827,80.5007479,0.581039467,0.56127057,-0.56127057,0.871433968,16.46935928,10.66461205,8.106681444,Millets,2023,2,34,0.8660254037844386,0.5000000000000001,0.5524353131676196,0.8335557718385699,5,0.464542888,0.46535926175,0.69671269525,22.55677474,10.50472380325,9.8405471465,0.1313360940301481,0.08384783339808893,0.19696707112158057,5.622576355256711,4.879422606771854,3.7981948428343677,39.72769407
Field_84,2023-02-15,dataset1_field_satellite,1524,ok,27.41230827,80.5007479,0.641884683,0.629235192,-0.629235192,0.962679466,12.37738409,7.374559164,8.490518745,Millets,2023,2,46,0.8660254037844386,0.5000000000000001,0.7116566222817746,0.7025274741691571,6,0.4878422038,0.4845415234,0.7316569498,21.339291648,10.025115331399999,10.005360127200001,0.12510462733273528,0.08433647007203089,0.1876233593131098,5.578651185506071,4.359666863759046,3.3099138419506153,41.01091528
Field_84,2023-03-17,dataset1_field_satellite,1526,ok,27.41230827,80.5007479,0.582980455,0.582971743,-0.582971743,0.87433148,15.34137947,22.50512553,15.02704221,Millets,2023,3,76,1.0,6.123233995736766e-17,0.9657399376548549,0.2595117970697999,7,0.5135159503333333,0.5086571348333333,0.7701607025,19.845640388333333,9.769349233666667,9.5668933,0.12835802191681334,0.09580964688479734,0.19250260725466967,6.187329290789488,3.949411843662969,3.149276530290415,53.00851196
Field_84,2023-04-16,dataset1_field_satellite,1528,ok,27.41230827,80.5007479,0.273872805,0.349776583,-0.349776583,0.4107612,30.40622107,12.67939087,5.85822274,Millets,2023,4,106,0.8660254037844387,-0.4999999999999998,0.9679377830240642,-0.25119006388481935,8,0.523439451,0.5192735074285715,0.7850422421428572,19.20217454285714,10.520448230285714,11.415212190000002,0.12007976189613974,0.09186144602819557,0.18008683013534935,5.899226603599154,4.116704933735567,5.6726476405743895,31.18331869
Field_84,2023-05-16,dataset1_field_satellite,1530,ok,27.41230827,80.5007479,0.338600349,0.400644798,-0.400644798,0.507846514,27.14761341,13.19117922,6.317322258,Millets,2023,5,136,0.49999999999999994,-0.8660254037844387,0.717676913675962,-0.6963762255968722,9,0.49224362025,0.498086391875,0.738257111875,20.60268035875,9.937670044,11.573234525,0.14193205982764623,0.1040392838342794,0.21285914508468784,6.746899535376615,4.152501144330154,5.270835753637733,32.88384761
Field_84,2023-05-31,dataset1_field_satellite,1531,ok,27.41230827,80.5007479,0.387827565,0.404344546,-0.404344546,0.581679634,26.45593677,12.91164043,6.749139222,Millets,2023,5,151,0.49999999999999994,-0.8660254037844387,0.5160623910158528,-0.8565509959010036,10,0.47517214566666666,0.48725954811111116,0.7126559343333333,21.32989514222222,9.535409178888889,11.75300615777778,0.14230087176858155,0.10259695863496622,0.2134108041175296,6.677585173145453,4.06745396616296,4.959824231629777,34.72000154
Field_84,2023-06-15,dataset1_field_satellite,1532,ok,27.41230827,80.5007479,0.363745728,0.383567277,-0.383567277,0.545560599,27.76285971,32.25721788,6.582621569,Millets,2023,6,166,1.2246467991473532e-16,-1.0,0.2802306751992159,-0.9599326896597447,11,0.46643768759999993,0.4789680479,0.6995583043,21.842499305,9.256782183199999,11.868869585,0.13697626438484337,0.10022003303106883,0.20542440692295535,6.501024042834718,3.9347515011219616,4.690499159748191,34.12533805
Field_84,2023-08-29,dataset1_field_satellite,1533,ok,27.41230827,80.5007479,0.750451874,0.685835762,-0.685835762,1.125544472,8.37832854,34.91344014,16.37893976,Millets,2023,8,241,-0.8660254037844384,-0.5000000000000004,-0.8452490573530633,-0.5343725582809785,12,0.4571020549090909,0.47029525054545457,0.6855585129090909,22.380713887272726,9.013676672818182,13.722355793636364,0.13358496067851028,0.09933298078763564,0.20033772488615778,6.420545658060896,3.818919430805188,7.588822472063493,58.60043529
Field_84,2023-09-13,dataset1_field_satellite,1534,ok,27.41230827,80.5007479,0.756246664,0.676711847,-0.676711847,1.134227895,8.785054091,20.03124453,16.54263508,Millets,2023,9,256,-1.0,-1.8369701987210297e-16,-0.9536809966304455,-0.300819807635668,13,0.48154787316666664,0.48825695983333334,0.7222240095,21.213848441666666,9.62744859675,15.488279489166667,0.15295048432033378,0.11332040127369655,0.22938799616681024,7.335851944501873,4.216503989605323,9.475050889373685,58.80908914
Field_84,2023-09-28,dataset1_field_satellite,1535,ok,27.41230827,80.5007479,0.722635874,0.643179296,-0.643179296,1.083818249,10.84063543,26.19860722,9.179168022,Millets,2023,9,271,-1.0,-1.8369701987210297e-16,-0.9988797155850335,-0.04732138832243232,14,0.5026785493846154,0.5027534896153847,0.7539166160769231,20.25778733776923,10.159386018538461,15.837738338461538,0.1650725122662779,0.12042976840111835,0.24757105129225898,7.823864153091287,4.469426906466596,9.158754623060155,43.91120387
Field_84,2023-10-13,dataset1_field_satellite,1536,ok,27.41230827,80.5007479,0.660012413,0.624714037,-0.624714037,0.989892564,12.42311783,29.54891876,8.662681064,Millets,2023,10,286,-0.8660254037844386,0.5000000000000001,-0.9778483415056568,0.20931464596304888,15,0.5183897868571429,0.5127839043571428,0.7774810184285714,19.58513363007143,10.089370447357142,16.577800401428572,0.16914095954874425,0.12163970360992968,0.2536742699189863,7.92708342592081,4.302070335805227,9.224855024614161,41.78293454
Field_84,2023-10-28,dataset1_field_satellite,1537,ok,27.41230827,80.5007479,0.544587688,0.527055758,-0.527055758,0.816774566,18.58879453,18.91051837,7.861138464,Millets,2023,10,301,-0.8660254037844386,0.5000000000000001,-0.8919813464595487,0.45207220393230374,16,0.5278312952666666,0.5202459132,0.7916417881333333,19.107665910066665,9.9942578218,17.442541625333334,0.16703987367901157,0.1207251773894311,0.2505235962024155,7.859377066851799,4.161912898864426,9.499272918169666,38.85134787
Field_84,2023-11-27,dataset1_field_satellite,1539,ok,27.41230827,80.5007479,0.396473387,0.391571676,-0.391571676,0.594634001,27.01987665,27.23244477,14.33462982,Millets,2023,11,331,-0.5000000000000004,0.8660254037844384,-0.5524353131676203,0.8335557718385695,17,0.5288785698125,0.5206715285,0.79321258675,19.0752364488125,9.8609378619375,17.534290171875,0.16143021190505122,0.1166440265628712,0.24211033153630077,7.59398758270919,4.056000299932061,9.184504612387123,48.41812714
Field_84,2023-12-11,dataset1_field_satellite,1538,ok,27.41230827,80.5007479,0.553863745,0.543857013,-0.543857013,0.830666951,17.63611384,14.82543739,15.39488629,Millets,2023,12,345,-2.4492935982947064e-16,1.0,-0.33752289959411347,0.941317317512847,18,0.5210900296470588,0.5130774195294118,0.7815314934705883,19.54256822535294,10.124096212411764,18.104769854117645,0.15956887014053092,0.11720009800538429,0.23931869824622626,7.6011275323231215,4.074338188859279,9.198670002641888,52.70596387
Field_84,2023-12-12,dataset1_field_satellite,1540,ok,27.41230827,80.5007479,0.497277849,0.483918118,-0.483918118,0.745807301,21.2747604,13.00557387,7.53939249,Millets,2023,12,346,-2.4492935982947064e-16,1.0,-0.32126966169236515,0.9469877530760751,19,0.5229107916111111,0.5147873969444444,0.7842612411111111,19.436654092833336,10.416917883388889,17.92258471722222,0.15499715981658013,0.11393201236962823,0.23246191276544265,7.387855233076655,4.143325840285849,8.95743218475544,37.70375167
Field_84,2023-12-27,dataset1_field_satellite,1541,ok,27.41230827,80.5007479,0.448249148,0.437383769,-0.437383769,0.672271882,24.15173161,5.067288419,14.23302583,Millets,2023,12,361,-2.4492935982947064e-16,1.0,-0.06880242680232064,0.9976303053065857,20,0.5215616893684211,0.5131626980526316,0.7822373495263157,19.53339653005263,10.265469178473683,17.663794672631578,0.15074490937729712,0.11094826562745881,0.22608455571311467,7.192077801981885,4.080345084907211,8.777843240137416,49.64918489
Field_85,2023-01-01,dataset1_field_satellite,1542,ok,10.04232101,76.10666307,-0.302413581,-0.630167676,0.630167676,-0.45289335,86.33199821,24.08984983,6.701159559,Coconut,2023,1,1,0.49999999999999994,0.8660254037844387,0.017213356155834685,0.9998518392091162,1,,,,,,,,,,,,,46.94711746
Field_85,2023-01-04,dataset1_field_satellite,1548,ok,10.04232101,76.10666307,-0.001692345,-0.03510966,0.03510966,-0.002537987,52.87450703,23.56083267,6.701159559,Coconut,2023,1,4,0.49999999999999994,0.8660254037844387,0.06880242680231986,0.9976303053065857,2,-0.302413581,-0.630167676,-0.45289335,86.33199821,6.701159559,24.08984983,,,,,,,42.28370379
Field_85,2023-01-16,dataset1_field_satellite,1543,ok,10.04232101,76.10666307,-0.14480064,-0.407134608,0.407134608,-0.216896684,73.33327383,18.23413977,6.701159559,Coconut,2023,1,16,0.49999999999999994,0.8660254037844387,0.2719581575341055,0.9623090774541486,3,-0.15205296299999999,-0.332638668,-0.2277156685,69.60325261999999,6.701159559,23.82534125,0.2126420252224001,0.4207695583130131,0.3184493311210292,23.6580188948671,0.0,0.3740716212000491,46.94711746
Field_85,2023-01-31,dataset1_field_satellite,1544,ok,10.04232101,76.10666307,-0.135597448,-0.339384635,0.339384635,-0.203195103,69.77967307,18.01607391,6.701159559,Coconut,2023,1,31,0.49999999999999994,0.8660254037844387,0.5086709438521044,0.8609610158889943,4,-0.149635522,-0.357470648,-0.22410934033333332,70.84659302333333,6.701159559,21.961607423333334,0.1504189067514698,0.3006216763535612,0.22526430044339588,16.866790301969953,0.0,3.238900449053406,46.94711746
Field_85,2023-02-03,dataset1_field_satellite,1546,ok,10.04232101,76.10666307,-0.116682616,-0.197952686,0.197952686,-0.174944535,62.36436482,23.4715933,6.701159559,Coconut,2023,2,34,0.8660254037844386,0.5000000000000001,0.5524353131676196,0.8335557718385699,5,-0.1461260035,-0.35294914475,-0.218880781,70.57986303499999,6.701159559,20.975224044999997,0.1230169306204595,0.245623093707227,0.18422455871474835,13.782004798787087,0.0,3.2993119619290363,45.19442508
Field_85,2023-02-15,dataset1_field_satellite,1545,ok,10.04232101,76.10666307,-0.040239505,-0.176904125,0.176904125,-0.060324331,60.5088294,20.94377754,6.701159559,Coconut,2023,2,46,0.8660254037844386,0.5000000000000001,0.7116566222817746,0.7025274741691571,6,-0.140237326,-0.321949853,-0.21009353179999998,68.936763392,6.701159559,21.474497896,0.10734643230193651,0.2237248501323445,0.1607485451497068,12.488259461969724,0.0,3.0676483595839126,44.62062697
Field_85,2023-03-17,dataset1_field_satellite,1547,ok,10.04232101,76.10666307,0.026570766,-0.001083764,0.001083764,0.03984321,50.84834846,26.56335144,6.701159559,Coconut,2023,3,76,1.0,6.123233995736766e-17,0.9657399376548549,0.2595117970697999,7,-0.1235710225,-0.29777556499999996,-0.18513199833333335,67.53210772666667,6.701159559,21.386044503333334,0.10433215830456141,0.20868307084005083,0.15623874273765448,11.68775618929909,0.0,2.752329410243577,41.66817492
Field_85,2023-04-16,dataset1_field_satellite,1549,ok,10.04232101,76.10666307,0.00195559,0.073611749,-0.073611749,0.002938383,47.2854608,35.00517127,6.701159559,Coconut,2023,4,106,0.8660254037844387,-0.4999999999999998,0.9679377830240642,-0.25119006388481935,8,-0.10212219557142857,-0.255391022,-0.15299268285714285,65.14871354571429,6.701159559,22.12565978,0.11086642691405453,0.22105579938843498,0.16605020266518547,12.393560641303463,0.0,3.1846474877282893,40.57274218
Field_85,2023-10-13,dataset1_field_satellite,1550,ok,10.04232101,76.10666307,-0.352513099,-0.578320008,0.578320008,-0.528017762,84.19608973,25.79888269,6.701159559,Coconut,2023,10,286,-0.8660254037844386,0.5000000000000001,-0.9778483415056568,0.20931464596304888,9,-0.089112472375,-0.21426567562499998,-0.133501299625,62.9158069525,6.701159559,23.73559871625,0.10903888557260341,0.2354043539679662,0.16331879603481106,13.09749646766297,0.0,5.424790541314889,46.94711746
Field_85,2023-11-27,dataset1_field_satellite,1552,ok,10.04232101,76.10666307,-0.18844467,-0.578668325,0.578668325,-0.281553557,82.53826612,39.28893725,6.701159559,Coconut,2023,11,331,-0.5000000000000004,0.8660254037844384,-0.5524353131676203,0.8335557718385695,10,-0.11837920866666668,-0.25471615700000005,-0.1773364621111111,65.28028281666667,6.701159559,23.96485249111111,0.13458146389657274,0.2514249025552443,0.2015752805470739,14.156909161799014,0.0,5.120822590618587,46.94711746
Field_85,2023-12-11,dataset1_field_satellite,1551,ok,10.04232101,76.10666307,-0.234013263,-0.453306065,0.453306065,-0.350720145,76.6021075,18.10002519,6.701159559,Coconut,2023,12,345,-2.4492935982947064e-16,1.0,-0.33752289959411347,0.941317317512847,11,-0.1253857548,-0.2871113738,-0.1877581716,67.006081147,6.701159559,25.497260967,0.1288045959243103,0.2582346821177337,0.19288333618520812,14.419889062031842,0.0,6.840463015230011,46.94711746
Field_85,2023-12-27,dataset1_field_satellite,1553,ok,10.04232101,76.10666307,-0.146819312,-0.404804679,0.404804679,-0.219849955,73.23491393,19.75252006,6.701159559,Coconut,2023,12,361,-2.4492935982947064e-16,1.0,-0.06880242680232064,0.9976303053065857,12,-0.13526098281818183,-0.3022199820909091,-0.20257289645454543,67.87844717909091,6.701159559,24.824784987272725,0.1265080351227711,0.25005520677036835,0.18946720042745435,13.98252938271833,0.0,6.862011673909365,46.94711746
Field_86,2023-01-04,dataset1_field_satellite,1558,ok,11.03270965,79.94212518,-0.070223682,-0.268442105,0.268442105,-0.105097898,65.48938337,17.37680771,6.701159559,Coconut,2023,1,4,0.49999999999999994,0.8660254037844387,0.06880242680231986,0.9976303053065857,1,,,,,,,,,,,,,46.15423281
Field_86,2023-01-16,dataset1_field_satellite,1554,ok,11.03270965,79.94212518,-0.132738559,-0.368302027,0.368302027,-0.198851589,71.227124,24.33056132,6.701159559,Coconut,2023,1,16,0.49999999999999994,0.8660254037844387,0.2719581575341055,0.9623090774541486,2,-0.070223682,-0.268442105,-0.105097898,65.48938337,6.701159559,17.37680771,,,,,,,46.94711746
Field_86,2023-01-31,dataset1_field_satellite,1555,ok,11.03270965,79.94212518,-0.132738559,-0.368302027,0.368302027,-0.198851589,71.227124,21.85185077,6.701159559,Coconut,2023,1,31,0.49999999999999994,0.8660254037844387,0.5086709438521044,0.8609610158889943,3,-0.1014811205,-0.318372066,-0.1519747435,68.358253685,6.701159559,20.853684515,0.044204693451742945,0.07061162801495968,0.06629387066736818,4.057195308162582,0.0,4.917046332331434,46.94711746
Field_86,2023-02-03,dataset1_field_satellite,1557,ok,11.03270965,79.94212518,-0.07545558,-0.271762631,0.271762631,-0.113060954,65.71237665,24.09932031,6.701159559,Coconut,2023,2,34,0.8660254037844386,0.5000000000000001,0.5524353131676196,0.8335557718385699,4,-0.11190026666666668,-0.33501538633333333,-0.16760035866666667,69.31454379,6.701159559,21.1864066,0.036092981064306355,0.057654152847955005,0.054128718736370984,3.3126860972707597,0.0,3.524313305409615,46.21682897
Field_86,2023-02-15,dataset1_field_satellite,1556,ok,11.03270965,79.94212518,-0.130650203,-0.300246141,0.300246141,-0.195765224,67.73056492,21.60943679,6.701159559,Coconut,2023,2,46,0.8660254037844386,0.5000000000000001,0.7116566222817746,0.7025274741691571,5,-0.102789095,-0.3192021975,-0.1539655075,68.414002005,6.701159559,21.9146350275,0.03464855915181461,0.05671180351618352,0.05193183474558464,3.249588919462164,0.0,3.2251805252214933,46.84279053
Field_86,2023-04-16,dataset1_field_satellite,1559,ok,11.03270965,79.94212518,-0.072289832,-0.151997122,0.151997122,-0.108362286,59.56429492,32.19990791,6.701159559,Coconut,2023,4,106,0.8660254037844387,-0.4999999999999998,0.9679377830240642,-0.25119006388481935,6,-0.10836131660000001,-0.31541098619999997,-0.1623254508,68.277314588,6.701159559,21.85359538,0.032490617973041536,0.04984012348650325,0.0487045157549904,2.830775222257873,0.0,2.7964211517644495,44.33894427
Field_86,2023-05-16,dataset1_field_satellite,1560,ok,11.03270965,79.94212518,-0.077672068,-0.160241275,0.160241275,-0.116419932,60.04024554,25.98460789,6.701159559,Coconut,2023,5,136,0.49999999999999994,-0.8660254037844387,0.717676913675962,-0.6963762255968722,7,-0.1023494025,-0.2881753421666667,-0.15333159,66.82514464333333,6.701159559,23.577980801666666,0.0325786873874743,0.0802366011417644,0.04881640171582853,4.366167195186003,0.0,4.908870287669827,44.48500197
Field_86,2023-05-31,dataset1_field_satellite,1561,ok,11.03270965,79.94212518,-0.042415011,-0.086956528,0.086956528,-0.06358752,55.93793015,31.10780011,6.701159559,Coconut,2023,5,151,0.49999999999999994,-0.8660254037844387,0.5160623910158528,-0.8565509959010036,8,-0.098824069,-0.26989904685714283,-0.14805849599999998,65.85587334285715,6.701159559,23.921784671428572,0.031168438532900602,0.08776723531025277,0.04669589067641971,4.739471274071927,0.0,4.572553694638172,43.22264614
Field_86,2023-06-15,dataset1_field_satellite,1562,ok,11.03270965,79.94212518,-0.101258413,-0.27254529,0.27254529,-0.151782855,66.01586372,38.73352141,6.701159559,Coconut,2023,6,166,1.2246467991473532e-16,-1.0,0.2802306751992159,-0.9599326896597447,9,-0.09177293675,-0.247031232,-0.137499624,64.61613044375,6.701159559,24.82003660125,0.035077594517352643,0.1038563534882286,0.05254449107929986,5.616880492588726,0.0,4.937226656304396,46.3107232
Field_86,2023-06-30,dataset1_field_satellite,1563,ok,11.03270965,79.94212518,-0.14402648,-0.399600628,0.399600628,-0.215849228,72.9406495,43.27351799,6.701159559,Coconut,2023,6,181,1.2246467991473532e-16,-1.0,0.02581844022713308,-0.9996666485105112,10,-0.09282687855555555,-0.24986612733333333,-0.13908664966666665,64.77165636333334,6.701159559,26.36597935777778,0.032964072449392715,0.09752027519365652,0.049380927027899375,5.2747865325983545,0.0,6.545122782034245,46.94711746
Field_86,2023-07-30,dataset1_field_satellite,1564,ok,11.03270965,79.94212518,-0.020855411,-0.07219993,0.07219993,-0.031265133,54.96420829,38.29371969,6.701159559,Coconut,2023,7,211,-0.4999999999999997,-0.8660254037844388,-0.47115950767386394,-0.8820480249558535,11,-0.09794683870000001,-0.26483957739999997,-0.1467629075,65.588555677,6.701159559,28.056733221000002,0.03504330630147893,0.10341932508626035,0.05250508094166888,5.604028191063047,0.0,8.164880309358203,42.93053075
Field_86,2023-09-13,dataset1_field_satellite,1565,ok,11.03270965,79.94212518,-0.006283685,-0.06562088,0.06562088,-0.00943002,54.47943403,27.38459041,6.701159559,Coconut,2023,9,256,-1.0,-1.8369701987210297e-16,-0.9536809966304455,-0.300819807635668,12,-0.09093852709090909,-0.24732688218181817,-0.1362631098181818,64.62270591454545,6.701159559,28.987368354545456,0.04056489532337842,0.11401596621974508,0.06077670966062855,6.20694306157024,0.0,8.338203804729865,42.77404035
Field_86,2023-09-28,dataset1_field_satellite,1566,ok,11.03270965,79.94212518,-0.090365246,-0.206118308,0.206118308,-0.135412218,62.51256116,28.31472291,6.701159559,Coconut,2023,9,271,-1.0,-1.8369701987210297e-16,-0.9988797155850335,-0.04732138832243232,13,-0.08388395691666667,-0.23218471533333332,-0.12569368566666667,63.7774332575,6.701159559,28.85380352583333,0.04575065433340669,0.12070326280018327,0.0685460457859697,6.60284756644349,0.0,7.963617549775471,45.23615585
Field_86,2023-10-13,dataset1_field_satellite,1567,ok,11.03270965,79.94212518,-0.235094933,-0.526132247,0.526132247,-0.352390634,80.3319776,29.43894688,6.701159559,Coconut,2023,10,286,-0.8660254037844386,0.5000000000000001,-0.9778483415056568,0.20931464596304888,14,-0.08438251761538461,-0.2301796070769231,-0.12644126507692308,63.68013540384615,6.701159559,28.812335786153845,0.043839785852817975,0.11579048815980073,0.06568317187952237,6.331471576743807,0.0,7.62604912304822,46.94711746
Field_87,2023-01-01,dataset1_field_satellite,1568,ok,12.53538658,74.74685314,-0.199627334,-0.405669895,0.405669895,-0.298901093,73.8184173,23.75003549,6.701159559,Coconut,2023,1,1,0.49999999999999994,0.8660254037844387,0.017213356155834685,0.9998518392091162,1,,,,,,,,,,,,,46.94711746
Field_87,2023-01-04,dataset1_field_satellite,1574,ok,12.53538658,74.74685314,-0.008603867,-0.043236184,0.043236184,-0.012905564,53.36006934,23.10398175,6.701159559,Coconut,2023,1,4,0.49999999999999994,0.8660254037844387,0.06880242680231986,0.9976303053065857,2,-0.199627334,-0.405669895,-0.298901093,73.8184173,6.701159559,23.75003549,,,,,,,42.42976149
Field_87,2023-01-05,dataset1_field_satellite,1576,ok,12.53538658,74.74685314,-0.11627209,-0.239316503,0.239316503,-0.174202771,64.47238942,22.74409367,6.701159559,Coconut,2023,1,5,0.49999999999999994,0.8660254037844387,0.08596479873744647,0.9962981749346078,3,-0.10411560049999999,-0.2244530395,-0.1559033285,63.589243319999994,6.701159559,23.42700862,0.13507398888146466,0.2562793347787054,0.20222937794493392,14.466236574389962,0.0,0.45682898056493015,45.84125203
Field_87,2023-01-16,dataset1_field_satellite,1569,ok,12.53538658,74.74685314,-0.138280306,-0.357239161,0.357239161,-0.207072671,70.71880287,21.12056653,6.701159559,Coconut,2023,1,16,0.49999999999999994,0.8660254037844387,0.2719581575341055,0.9623090774541486,4,-0.10816776366666665,-0.22940752733333336,-0.16200314266666668,63.883625353333336,6.701159559,23.199370303333335,0.09576926080513982,0.18141992604556925,0.14338753031767115,10.241873981735829,0.0,0.5097096903007591,46.94711746
Field_87,2023-01-31,dataset1_field_satellite,1570,ok,12.53538658,74.74685314,-0.144624946,-0.313407952,0.313407952,-0.216673277,68.5453868,19.28961547,6.701159559,Coconut,2023,1,31,0.49999999999999994,0.8660254037844387,0.5086709438521044,0.8609610158889943,5,-0.11569589925,-0.26136543575000004,-0.17327052475000002,65.5924197325,6.701159559,22.67966936,0.07963160288616235,0.16132996627737442,0.11922445846573594,9.03385676365626,0.0,1.119624458288233,46.94711746
Field_87,2023-02-03,dataset1_field_satellite,1572,ok,12.53538658,74.74685314,-0.125454071,-0.292623088,0.292623088,-0.187888309,67.28823105,17.906698,6.701159559,Coconut,2023,2,34,0.8660254037844386,0.5000000000000001,0.5524353131676196,0.8335557718385699,6,-0.1214817086,-0.271773939,-0.1819510752,66.18301314600001,6.701159559,22.001658581999997,0.07016603225804728,0.14164110707637234,0.10506004665385872,7.934225161919808,0.0,1.79962837028058,46.70716553
Field_87,2023-02-15,dataset1_field_satellite,1571,ok,12.53538658,74.74685314,-0.141478891,-0.28669266,0.28669266,-0.21198584,67.14905698,19.48128366,6.701159559,Coconut,2023,2,46,0.8660254037844386,0.5000000000000001,0.7116566222817746,0.7025274741691571,7,-0.122143769,-0.27524879716666667,-0.18294061416666665,66.36721613,6.701159559,21.319165151666667,0.06277935656017314,0.12697326650412283,0.09399981833242066,7.11091608528185,0.0,2.3207140090032525,46.65500206
Field_87,2023-03-17,dataset1_field_satellite,1573,ok,12.53538658,74.74685314,-0.135338804,-0.238377424,0.238377424,-0.202812514,64.61916191,21.82524585,6.701159559,Coconut,2023,3,76,1.0,6.123233995736766e-17,0.9657399376548549,0.2595117970697999,8,-0.12490592928571428,-0.27688363471428573,-0.18708993214285716,66.47890768,6.701159559,21.05661065285714,0.05777352087706186,0.11599087979487398,0.08650909056150978,6.498071354357636,0.0,2.2294929125033036,45.8829828
Field_87,2023-04-16,dataset1_field_satellite,1575,ok,12.53538658,74.74685314,-0.116326992,-0.189318259,0.189318259,-0.174268086,61.91982128,25.26804617,6.701159559,Coconut,2023,4,106,0.8660254037844387,-0.4999999999999998,0.9679377830240642,-0.25119006388481935,9,-0.126210038625,-0.272070358375,-0.189055254875,66.24643945875,6.701159559,21.1526900525,0.05361492003517478,0.10824620904227004,0.08028452629011729,6.051869964798878,0.0,2.0819215691078616,45.05880007
Field_87,2023-10-13,dataset1_field_satellite,1577,ok,12.53538658,74.74685314,-0.193417394,-0.346740108,0.346740108,-0.289777018,70.74578348,31.79267592,6.701159559,Coconut,2023,10,286,-0.8660254037844386,0.5000000000000001,-0.9778483415056568,0.20931464596304888,10,-0.12511192233333335,-0.26287568066666667,-0.18741223611111113,65.76570410555556,6.701159559,21.609951843333334,0.05026024700089651,0.10494505912124243,0.07526088035859922,5.841827379363353,0.0,2.3820984132969696,46.94711746
Field_87,2023-11-27,dataset1_field_satellite,1578,ok,12.53538658,74.74685314,-0.229424354,-0.497254088,0.497254088,-0.343576583,78.79941972,42.430097,6.701159559,Coconut,2023,11,331,-0.5000000000000004,0.8660254037844384,-0.5524353131676203,0.8335557718385695,11,-0.1319424695,-0.2712621234,-0.1976487143,66.263712043,6.701159559,22.628224251,0.05207666692523228,0.1024356933378431,0.07799166238405437,5.728453820480753,0.0,3.925900115676657,46.94711746
Field_87,2023-12-12,dataset1_field_satellite,1579,ok,12.53538658,74.74685314,-0.240275457,-0.480714446,0.480714446,-0.359544611,78.06565422,18.63343834,6.701159559,Coconut,2023,12,346,-2.4492935982947064e-16,1.0,-0.32126966169236515,0.9469877530760751,12,-0.140804459,-0.29180684745454544,-0.21091488418181817,67.40332183181819,6.701159559,24.42839450090909,0.05748621357435743,0.11868743275467616,0.08608329314072126,6.619628390968406,0.0,7.03691443472765,46.94711746
Field_87,2023-12-27,dataset1_field_satellite,1580,ok,12.53538658,74.74685314,-0.151400726,-0.541242059,0.541242059,-0.225677021,80.24879224,17.02412871,6.701159559,Coconut,2023,12,361,-2.4492935982947064e-16,1.0,-0.06880242680232064,0.9976303053065857,13,-0.14909370883333334,-0.30754914733333333,-0.22330069475,68.29184953083333,6.701159559,23.9454814875,0.061877141469417495,0.12561821945934007,0.09261515173133009,7.022084348929034,0.0,6.9148371753748314,46.94711746
Field_88,2023-01-01,dataset1_field_satellite,1581,ok,17.3226167,78.41278751,0.301425369,0.303457212,-0.303457212,0.452070137,32.49009973,20.60931593,6.21383671,Oil Palm,2023,1,1,0.49999999999999994,0.8660254037844387,0.017213356155834685,0.9998518392091162,1,,,,,,,,,,,,,32.96730915
Field_88,2023-01-04,dataset1_field_satellite,1587,ok,17.3226167,78.41278751,0.454999097,0.49748785,-0.49748785,0.682195919,21.01361816,19.48385123,7.130154191,Oil Palm,2023,1,4,0.49999999999999994,0.8660254037844387,0.06880242680231986,0.9976303053065857,2,0.301425369,0.303457212,0.452070137,32.49009973,6.21383671,20.60931593,,,,,,,35.85716505
Field_88,2023-01-05,dataset1_field_satellite,1589,ok,17.3226167,78.41278751,0.447777166,0.504799138,-0.504799138,0.671572964,20.71402852,24.12691472,14.44658237,Oil Palm,2023,1,5,0.49999999999999994,0.8660254037844387,0.08596479873744647,0.9962981749346078,3,0.378212233,0.400472531,0.567133028,26.751858945,6.6719954505,20.04658358,0.10859302448089837,0.13720037988775222,0.16272350097805713,8.115097942309433,0.6479343045348755,0.7958237213560847,48.68937715
Field_88,2023-01-16,dataset1_field_satellite,1582,ok,17.3226167,78.41278751,0.389361585,0.44636878,-0.44636878,0.583937322,24.29432893,15.00731817,6.663528451,Oil Palm,2023,1,16,0.49999999999999994,0.8660254037844387,0.2719581575341055,0.9623090774541486,4,0.40140054399999997,0.43524806666666666,0.60194634,24.73924880333333,9.263524423666667,21.40669396,0.08665630839155716,0.11419275705307486,0.12990523069725066,6.714105007642936,4.5119814591577585,2.4220587183401965,34.12533805
Field_88,2023-01-31,dataset1_field_satellite,1583,ok,17.3226167,78.41278751,0.360467893,0.430030533,-0.430030533,0.5406101,25.42371886,17.00112555,6.443386469,Oil Palm,2023,1,31,0.49999999999999994,0.8660254037844387,0.5086709438521044,0.8609610158889943,5,0.39839080425,0.438028245,0.5974440855,24.628018835,8.6135254305,19.8068500125,0.07101017290608926,0.09340364772596194,0.1064487066963945,5.486555609778541,3.9066583192023554,3.7615043420775196,33.26985724
Field_88,2023-02-03,dataset1_field_satellite,1585,ok,17.3226167,78.41278751,0.306599326,0.383447892,-0.383447892,0.459832073,28.35258501,21.58616563,6.071779278,Oil Palm,2023,2,34,0.8660254037844386,0.5000000000000001,0.5524353131676196,0.8335557718385699,6,0.39080622200000004,0.43642870259999994,0.5860772884000001,24.78715884,8.1794976382,19.24570512,0.06379234226495838,0.08096896773353163,0.09562696141551352,4.7648029392988835,3.519713772409454,3.490860085780467,31.91360718
Field_88,2023-02-15,dataset1_field_satellite,1584,ok,17.3226167,78.41278751,0.319515354,0.394312866,-0.394312866,0.479197333,27.66586218,22.54911929,6.162093937,Oil Palm,2023,2,46,0.8660254037844386,0.5000000000000001,0.7116566222817746,0.7025274741691571,7,0.37677173933333336,0.4275985675,0.5650364191666667,25.381396534999997,7.828211244833334,19.635781871666666,0.06661359146334536,0.07558178817660019,0.099859509653396,4.503486235044413,3.263605492815943,3.2652477002428277,32.24745335
Field_88,2023-03-17,dataset1_field_satellite,1586,ok,17.3226167,78.41278751,0.345393218,0.444054977,-0.444054977,0.518013798,24.86152526,26.74159049,10.33256148,Oil Palm,2023,3,76,1.0,6.123233995736766e-17,0.9657399376548549,0.2595117970697999,8,0.3685922557142857,0.4228434672857143,0.5527736925714286,25.70774877,7.590194486571428,20.05197293142857,0.0645456154381621,0.07013403191731542,0.09676030161363092,4.200797229104878,3.0450776428705177,3.177636507563086,43.41043461
Field_88,2023-04-16,dataset1_field_satellite,1588,ok,17.3226167,78.41278751,0.459367743,0.516770333,-0.516770333,0.688958019,19.98435385,23.82283493,7.123568747,Oil Palm,2023,4,106,0.8660254037844387,-0.4999999999999998,0.9679377830240642,-0.25119006388481935,9,0.365692376,0.425494906,0.54842870575,25.60197083125,7.93299036075,20.88817512625,0.06031789566923959,0.0653631413436704,0.0904216747063878,3.9006733230229154,2.981262717672182,3.7747535934744927,35.73197274
Field_88,2023-05-16,dataset1_field_satellite,1590,ok,17.3226167,78.41278751,0.405871977,0.432598033,-0.432598033,0.608722953,24.82890491,22.05124265,6.843216992,Oil Palm,2023,5,136,0.49999999999999994,-0.8660254037844387,0.717676913675962,-0.6963762255968722,10,0.3761007501111111,0.4356366201111111,0.564043073888889,24.977791166666666,7.843054625888889,21.21424843777778,0.06448624454448597,0.06829338914951538,0.09668684388793582,4.1011886215387685,2.8017373887383576,3.6639573340083724,34.98081886
Field_88,2023-05-31,dataset1_field_satellite,1591,ok,17.3226167,78.41278751,0.390377206,0.434981197,-0.434981197,0.58549236,24.86545628,33.99616752,6.699278004,Oil Palm,2023,5,151,0.49999999999999994,-0.8660254037844387,0.5160623910158528,-0.8565509959010036,11,0.3790778728,0.43533276139999993,0.5685110618,24.962902541,7.7430708625,21.297947858999997,0.06152280447934435,0.06439479423635784,0.0922457037155093,3.8669243489021996,2.6603585165320593,3.464537329117444,34.3444246
Field_88,2023-06-15,dataset1_field_satellite,1592,ok,17.3226167,78.41278751,0.37883603,0.427640892,-0.427640892,0.56818343,25.35815293,44.53928683,6.613667233,Oil Palm,2023,6,166,1.2246467991473532e-16,-1.0,0.2802306751992159,-0.9599326896597447,12,0.38010508490909084,0.435300801,0.5700548161818182,24.95404379,7.648180602636364,22.452331464545455,0.05846500436834811,0.061090357736777325,0.08766160973925692,3.66860420054842,2.5433840583803042,5.045922473704563,34.01057843
Field_88,2023-09-28,dataset1_field_satellite,1593,ok,17.3226167,78.41278751,0.561316821,0.550523729,-0.550523729,0.841864967,17.21956483,29.0539513,22.92581178,Oil Palm,2023,9,271,-1.0,-1.8369701987210297e-16,-0.9988797155850335,-0.04732138832243232,13,0.37999933033333333,0.43466247524999996,0.5698988673333333,24.987719551666668,7.561971155166667,24.292911078333333,0.055745398220112714,0.05828932755332366,0.08358381121338315,3.4998215969695665,2.4433408159208176,7.987456835254834,57.06682945
Field_88,2023-10-13,dataset1_field_satellite,1594,ok,17.3226167,78.41278751,0.480760412,0.454711205,-0.454711205,0.721011986,22.93488354,35.45953777,7.460367163,Oil Palm,2023,10,286,-0.8660254037844386,0.5000000000000001,-0.9778483415056568,0.20931464596304888,14,0.39394682961538463,0.4435748793846154,0.5908193365384615,24.390169188461535,8.743805049384616,24.65914494153846,0.07333152488338406,0.06439806582005128,0.10997146956577843,3.98370250124541,4.861062546053066,7.760573343750247,37.52639589
Field_88,2023-10-28,dataset1_field_satellite,1595,ok,17.3226167,78.41278751,0.520923875,0.541272237,-0.541272237,0.781279414,18.10451454,38.63431696,7.616536262,Oil Palm,2023,10,301,-0.8660254037844386,0.5000000000000001,-0.8919813464595487,0.45207220393230374,15,0.40014779978571424,0.44437033121428576,0.6001188115,24.28622021357143,8.652130914642857,25.430601572142855,0.07417672253185033,0.0619432059439496,0.11123920591073241,3.847128882370847,4.6829371426829765,7.995356508495114,37.72461705
Field_88,2023-12-12,dataset1_field_satellite,1596,ok,17.3226167,78.41278751,0.441833365,0.456123895,-0.456123895,0.662646928,23.26030247,24.44541085,7.109457081,Oil Palm,2023,12,346,-2.4492935982947064e-16,1.0,-0.32126966169236515,0.9469877530760751,16,0.4081995381333333,0.4508304582666666,0.6121961850000001,23.874106502,8.583091271133332,26.31084926466667,0.07798480765062123,0.06472164058262952,0.11695399332024894,4.036185678637364,4.5205061574144,8.425090055109163,36.00322275
Field_89,2023-01-01,dataset1_field_satellite,1597,ok,11.24402434,76.68692062,0.821338366,0.727101182,-0.727101182,1.231815361,5.547181026,16.23195301,9.864054188,Oil Palm,2023,1,1,0.49999999999999994,0.8660254037844387,0.017213356155834685,0.9998518392091162,1,,,,,,,,,,,,,44.06769426
Field_89,2023-01-04,dataset1_field_satellite,1603,ok,11.24402434,76.68692062,0.713009898,0.631199207,-0.631199207,1.069366954,11.55070006,17.25567439,2.043369165,Oil Palm,2023,1,4,0.49999999999999994,0.8660254037844387,0.06880242680231986,0.9976303053065857,2,0.821338366,0.727101182,1.231815361,5.547181026,9.864054188,16.23195301,,,,,,,43.7234154
Field_89,2023-01-16,dataset1_field_satellite,1598,ok,11.24402434,76.68692062,0.83211895,0.739793325,-0.739793325,1.247979099,4.788964009,22.56616483,16.79570428,Oil Palm,2023,1,16,0.49999999999999994,0.8660254037844387,0.2719581575341055,0.9623090774541486,3,0.7671741320000001,0.6791501945,1.1505911575,8.548940543,5.9537116765,16.7438137,0.07659979431834993,0.06781293685168277,0.11486837018265235,4.245129019923912,5.530059413287371,0.7238803298436489,58.35005066
Field_89,2023-01-31,dataset1_field_satellite,1599,ok,11.24402434,76.68692062,0.826227377,0.735067671,-0.735067671,1.239134117,5.090446412,22.90450628,17.1240357,Oil Palm,2023,1,31,0.49999999999999994,0.8660254037844387,0.5086709438521044,0.8609610158889943,4,0.7888224046666666,0.6993645713333333,1.1830538046666665,7.295615031666667,9.567709211,18.68459741,0.0658764553779102,0.059373060343098076,0.0987868494153543,3.704461460182433,7.380630941549669,3.4002831636455473,58.52740644
Field_89,2023-02-03,dataset1_field_satellite,1601,ok,11.24402434,76.68692062,0.680401179,0.646127146,-0.646127146,1.02043141,11.12144299,23.21626636,8.794389942,Oil Palm,2023,2,34,0.8660254037844386,0.5000000000000001,0.5524353131676196,0.8335557718385699,5,0.79817364775,0.70829034625,1.19707388275,6.74432287675,11.45679083325,19.7395746275,0.056946652558216446,0.05166028159481351,0.08539405582040814,3.2193760213653135,7.112687693996623,3.487098810342261,42.23154033
Field_89,2023-02-15,dataset1_field_satellite,1600,ok,11.24402434,76.68692062,0.712363408,0.65735494,-0.65735494,1.068364027,10.2216765,24.9137438,9.054044588,Oil Palm,2023,2,46,0.8660254037844386,0.5000000000000001,0.7116566222817746,0.7025274741691571,6,0.774619154,0.6958577062,1.1617453882,7.619746899400001,10.924310655,20.434912974,0.07215443026788872,0.05267296473434822,0.10821100319718475,3.40662920969835,6.273788359149041,3.396670526469203,43.29567499
Field_89,2023-03-17,dataset1_field_satellite,1602,ok,11.24402434,76.68692062,0.611201945,0.608653638,-0.608653638,0.916644382,13.74172715,32.34816864,15.34126196,Oil Palm,2023,3,76,1.0,6.123233995736766e-17,0.9657399376548549,0.2595117970697999,7,0.7642431963333333,0.6894405785000001,1.146181828,8.053401832833334,10.612599643833333,21.181384778333335,0.06936117379939331,0.049665180344315225,0.1040242443228839,3.226830901308963,5.663154494379478,3.5458733000906326,53.87442546
Field_89,2023-04-16,dataset1_field_satellite,1604,ok,11.24402434,76.68692062,0.658235789,0.614713466,-0.614713466,0.987198745,12.95193512,24.28456869,8.670207286,Oil Palm,2023,4,106,0.8660254037844387,-0.4999999999999998,0.9679377830240642,-0.25119006388481935,8,0.7423801604285715,0.677899587,1.1133907642857144,8.866019735285715,11.288122831857143,22.776639615714284,0.08576182172253803,0.05466156336173801,0.12862469898528933,3.6468433440083623,5.46995613013307,5.3189799012803505,41.86639608
Field_89,2023-08-14,dataset1_field_satellite,1605,ok,11.24402434,76.68692062,0.707148451,0.623307577,-0.623307577,1.060566565,12.01354339,44.11388436,16.34224943,Oil Palm,2023,8,226,-0.8660254037844384,-0.5000000000000004,-0.680773409477016,-0.732494071613579,9,0.731862114,0.670001321875,1.097616761875,9.376759158375,10.960883388625,22.96513075,0.08479031382410468,0.0553182276934932,0.12716679241358464,3.672380791006853,5.148083096413759,4.953193803320779,57.90144487
Field_89,2023-09-28,dataset1_field_satellite,1606,ok,11.24402434,76.68692062,0.615161626,0.573172476,-0.573172476,0.922583495,15.51311059,27.47612224,15.04868009,Oil Palm,2023,9,271,-1.0,-1.8369701987210297e-16,-0.9988797155850335,-0.04732138832243232,10,0.7291161514444444,0.664813128,1.0935000733333333,9.669735184111111,11.558812948777778,25.31499226222222,0.07974073894064443,0.05403562923587363,0.11959303105577083,3.5458564063977187,5.138831817813645,8.435876059201453,54.41692549
Field_89,2023-10-13,dataset1_field_satellite,1607,ok,11.24402434,76.68692062,0.615161626,0.573172476,-0.573172476,0.922583495,15.51311059,30.05700624,15.23683563,Oil Palm,2023,10,286,-0.8660254037844386,0.5000000000000001,-0.9778483415056568,0.20931464596304888,11,0.7177206989,0.6556490628,1.0764084155,10.2540727247,11.9077996629,25.53110526,0.08337049441881683,0.058610770724634435,0.12503829355268625,3.819763136331105,4.969037409702825,7.982727698617189,54.52125241
Field_89,2023-12-27,dataset1_field_satellite,1608,ok,11.24402434,76.68692062,0.786473892,0.677960268,-0.677960268,1.179542149,8.412597373,18.832268,9.668372426,Oil Palm,2023,12,361,-2.4492935982947064e-16,1.0,-0.06880242680232064,0.9976303053065857,12,0.7083971468181818,0.6481511912727272,1.0624243318181819,10.73216707609091,12.210439296272728,25.942550803636365,0.08492226011665205,0.06091058243258272,0.1273664709793437,3.9554832414077383,4.819719672936519,7.695044453958893,44.45370389
Field_9,2023-01-04,dataset1_field_satellite,159,ok,25.5450625,84.97383098,0.362210366,0.448770759,-0.448770759,0.543229865,24.44896539,8.914717125,6.415163138,Maize,2023,1,4,0.49999999999999994,0.8660254037844387,0.06880242680231986,0.9976303053065857,1,,,,,,,,,,,,,33.040338
Field_9,2023-01-05,dataset1_field_satellite,161,ok,25.5450625,84.97383098,0.321281709,0.388084205,-0.388084205,0.481859569,27.96588529,13.99049495,13.2555578,Maize,2023,1,5,0.49999999999999994,0.8660254037844387,0.08596479873744647,0.9962981749346078,2,0.362210366,0.448770759,0.543229865,24.44896539,6.415163138,8.914717125,,,,,,,44.97533853
Field_9,2023-01-16,dataset1_field_satellite,154,ok,25.5450625,84.97383098,0.383495926,0.385259925,-0.385259925,0.575149001,27.47471941,14.65802682,14.19163161,Maize,2023,1,16,0.49999999999999994,0.8660254037844387,0.2719581575341055,0.9623090774541486,3,0.3417460375,0.418427482,0.512544717,26.20742534,9.835360469,11.4526060375,0.028940930909558224,0.0429118738602436,0.043395352465025704,2.486837910179913,4.836889451492462,3.5891169198538053,47.93822328
Field_9,2023-01-31,dataset1_field_satellite,155,ok,25.5450625,84.97383098,0.376542965,0.324264212,-0.324264212,0.564732384,30.66043681,12.58819336,6.83569077,Maize,2023,1,31,0.49999999999999994,0.8660254037844387,0.5086709438521044,0.8609610158889943,4,0.355662667,0.4073716296666667,0.5334128116666667,26.629856696666668,11.287450849333334,12.521079631666666,0.031619716489505754,0.03588049709170911,0.04741318838501363,1.9046065601692435,4.2454033025084135,3.1409851315287587,35.54418427
Field_9,2023-02-03,dataset1_field_satellite,157,ok,25.5450625,84.97383098,0.611699534,0.589051664,-0.589051664,0.917413179,14.73760777,8.941489762,14.98282566,Maize,2023,2,34,0.8660254037844386,0.5000000000000001,0.5524353131676196,0.8335557718385699,5,0.3608827415,0.38659477525,0.54124270475,27.637501725,10.1745108295,12.53785806375,0.027848417520450766,0.05084273889984235,0.04176005896397001,2.5455342815460202,4.1194871952245915,2.5648231506524035,53.99961777
Field_9,2023-02-15,dataset1_field_satellite,156,ok,25.5450625,84.97383098,0.633705237,0.627633275,-0.627633275,0.950407267,12.54272064,14.39035038,8.420901195,Maize,2023,2,46,0.8660254037844386,0.5000000000000001,0.7116566222817746,0.7025274741691571,6,0.41104609999999997,0.42708615299999997,0.6164767996,25.057522933999998,11.1361737956,11.8185844034,0.11473213782019676,0.10068016902346821,0.1720719966554688,6.17586118642118,4.165526301148005,2.742355071459261,40.71879988
Field_9,2023-03-17,dataset1_field_satellite,158,ok,25.5450625,84.97383098,0.543902705,0.545733824,-0.545733824,0.815745606,17.64200652,16.44350385,14.46445714,Maize,2023,3,76,1.0,6.123233995736766e-17,0.9657399376548549,0.2595117970697999,7,0.44815595616666665,0.4605106733333333,0.6721318775,22.97172255166667,10.683628362166667,12.247212066166666,0.13708982204123774,0.12170615639628005,0.20560141974881918,7.5243862556893095,3.8871675688568925,2.6680965331298556,51.77745421
Field_9,2023-04-16,dataset1_field_satellite,160,ok,25.5450625,84.97383098,0.263412022,0.383564838,-0.383564838,0.395067474,28.78767974,19.76316407,5.686060421,Maize,2023,4,106,0.8660254037844387,-0.4999999999999998,0.9679377830240642,-0.25119006388481935,8,0.4618340631428572,0.4726854091428571,0.6926481244285715,22.210334547142857,11.223746758999999,12.846682321,0.13027272813568197,0.11567725114091532,0.19537920706115905,7.158093714439695,3.8254178336266325,2.906515903407242,30.24437634
Field_9,2023-05-16,dataset1_field_satellite,162,ok,25.5450625,84.97383098,0.307265309,0.395098731,-0.395098731,0.460839763,27.75084067,20.25557495,6.050141391,Maize,2023,5,136,0.49999999999999994,-0.8660254037844387,0.717676913675962,-0.6963762255968722,9,0.437031308,0.46154533775,0.655450543125,23.03250269625,10.53153596675,13.711242539625,0.13952767021294443,0.11163526405527434,0.2092582718562634,7.023263586222955,4.046791557020113,3.636030272382508,31.75711679
Field_9,2023-05-31,dataset1_field_satellite,163,ok,25.5450625,84.97383098,0.305885982,0.387500077,-0.387500077,0.458772103,28.15294806,21.66282371,6.055786057,Maize,2023,5,151,0.49999999999999994,-0.8660254037844387,0.5160623910158528,-0.8565509959010036,10,0.42261286366666667,0.45416238144444443,0.6338271231111111,23.55676247111111,10.033603236111112,14.438390585222221,0.13749726631323092,0.10674830468158339,0.20621238308018644,6.755300680221899,4.069507305055075,4.040646624726604,31.83014564
Field_9,2023-06-15,dataset1_field_satellite,164,ok,25.5450625,84.97383098,0.285185327,0.407479753,-0.407479753,0.427726171,27.34411163,27.23500446,13.09468481,Maize,2023,6,166,1.2246467991473532e-16,-1.0,0.2802306751992159,-0.9599326896597447,11,0.41094017550000006,0.447496151,0.6163216211,24.016381029999998,9.6358215182,15.160833897699998,0.1347865120033051,0.10282729910420821,0.20214631926854035,6.532696635747927,4.037708979202072,4.442068984209245,43.19134807
Field_9,2023-08-29,dataset1_field_satellite,165,ok,25.5450625,84.97383098,0.677957346,0.593383751,-0.593383751,1.016812084,13.83970982,26.90717088,15.70346137,Maize,2023,8,241,-0.8660254037844384,-0.5000000000000004,-0.8452490573530633,-0.5343725582809785,12,0.39950791654545453,0.4438582966363636,0.5991765801818182,24.318901993636363,9.950263635636363,16.258485767,0.13337288116051566,0.09829385497090333,0.20002574250176952,6.278154272481306,3.9699366138582914,5.568843242755357,56.88947367
Field_9,2023-09-28,dataset1_field_satellite,166,ok,25.5450625,84.97383098,0.682561923,0.584518154,-0.584518154,1.023719757,14.24539995,24.8127179,16.12587056,Maize,2023,9,271,-1.0,-1.8369701987210297e-16,-0.9988797155850335,-0.04732138832243232,13,0.4227120356666667,0.45631875116666665,0.6339795388333332,23.445635979166667,10.429696780166667,17.145876193083335,0.15044061508051346,0.10318188954367766,0.2256278995306048,6.706947259225934,4.133510258961313,6.1353306500509115,57.44240639
Field_9,2023-10-13,dataset1_field_satellite,167,ok,25.5450625,84.97383098,0.699194144,0.632071335,-0.632071335,1.048645779,11.64726395,15.10279495,8.99571637,Maize,2023,10,286,-0.8660254037844386,0.5000000000000001,-0.9778483415056568,0.20931464596304888,14,0.44270048853846156,0.4661802436923077,0.6639595556153846,22.737925515384614,10.867863994,17.73563324746154,0.16106006437668885,0.10499300574396664,0.24155752573797742,6.909822697940541,4.261215562154413,6.247159299883543,43.18091537
Field_9,2023-10-28,dataset1_field_satellite,168,ok,25.5450625,84.97383098,0.590777535,0.567623835,-0.567623835,0.886045156,16.04548014,10.87413897,14.83794589,Maize,2023,10,301,-0.8660254037844386,0.5000000000000001,-0.8919813464595487,0.45207220393230374,15,0.4610214639285714,0.4780296073571429,0.6914371429999999,21.94573540357143,10.734139163714286,17.547573369071426,0.16924581880686268,0.11018743658924908,0.2538342433150259,7.270407131421008,4.124505386742876,6.04318241471645,53.44668506
Field_9,2023-11-27,dataset1_field_satellite,170,ok,25.5450625,84.97383098,0.40752919,0.46147401,-0.46147401,0.611205835,23.33744642,22.49293702,14.29041327,Maize,2023,11,331,-0.5000000000000004,0.8660254037844384,-0.5524353131676203,0.8335557718385695,16,0.46967186866666666,0.4840025558666667,0.7044110105333333,21.55238505266667,11.0077262788,17.102677742466664,0.16649498251443984,0.10867004755085986,0.24970856730157515,7.169662289481462,4.113293448530343,6.072928470845753,47.72956942
Field_9,2023-12-11,dataset1_field_satellite,169,ok,25.5450625,84.97383098,0.465109249,0.487582483,-0.487582483,0.697555671,21.41617581,10.12380438,7.243988292,Maize,2023,12,345,-2.4492935982947064e-16,1.0,-0.33752289959411347,0.941317317512847,17,0.46578795125,0.48259452175,0.6985856870625,21.663951388125,11.21289421575,17.439568947312498,0.16159795054695622,0.10513620489744827,0.2423641082645195,6.940912976272406,4.057676623197677,6.019775228941801,36.41009777
Field_9,2023-12-12,dataset1_field_satellite,171,ok,25.5450625,84.97383098,0.337189696,0.362113607,-0.362113607,0.50571222,29.12959129,7.031918516,13.23297913,Maize,2023,12,346,-2.4492935982947064e-16,1.0,-0.32126966169236515,0.9469877530760751,18,0.4657480275882353,0.4828879312352941,0.698525097882353,21.64937635411765,10.979429161411765,17.009229855117646,0.15646662940047165,0.10180488076028753,0.23466817172713478,6.720778766084506,4.04503327451626,6.09270854601248,45.98730973
Field_9,2023-12-27,dataset1_field_satellite,172,ok,25.5450625,84.97383098,0.368316561,0.369377014,-0.369377014,0.552405914,28.4407952,5.746996227,13.82755064,Maize,2023,12,361,-2.4492935982947064e-16,1.0,-0.06880242680232064,0.9976303053065857,19,0.4586058980555555,0.4761782465555555,0.6878132713333334,22.064943850555554,11.104626381888888,16.454934780722223,0.1547897933668061,0.10278584810672722,0.23215332673258124,6.754288210226646,3.960043496045661,6.361436786714326,47.40615594
Field_90,2023-01-01,dataset1_field_satellite,1609,ok,14.4801889,77.59343049,0.414156416,0.534677599,-0.534677599,0.621146144,19.53166821,19.74768621,6.677640117,Oil Palm,2023,1,1,0.49999999999999994,0.8660254037844387,0.017213356155834685,0.9998518392091162,1,,,,,,,,,,,,,33.69759765
Field_90,2023-01-04,dataset1_field_satellite,1615,ok,14.4801889,77.59343049,0.294314734,0.477610881,-0.477610881,0.441424669,23.66967227,22.69645257,5.740625527,Oil Palm,2023,1,4,0.49999999999999994,0.8660254037844387,0.06880242680231986,0.9976303053065857,2,0.414156416,0.534677599,0.621146144,19.53166821,6.677640117,19.74768621,,,,,,,29.97312633
Field_90,2023-01-05,dataset1_field_satellite,1617,ok,14.4801889,77.59343049,0.236571071,0.467543545,-0.467543545,0.354818967,24.77348318,18.63666135,12.141677,Oil Palm,2023,1,5,0.49999999999999994,0.8660254037844387,0.08596479873744647,0.9962981749346078,3,0.354235575,0.50614424,0.5312854065,21.60067024,6.209132822,21.22206939,0.08474086601100181,0.04035226327786044,0.1270822736973486,2.926010731403465,0.6625693706597329,2.085092689290773,39.84245369
Field_90,2023-01-16,dataset1_field_satellite,1610,ok,14.4801889,77.59343049,0.352531615,0.487652383,-0.487652383,0.528727376,22.5623476,17.27280577,13.70524954,Oil Palm,2023,1,16,0.49999999999999994,0.8660254037844387,0.2719581575341055,0.9623090774541486,4,0.31501407366666667,0.49327734166666665,0.47246326,22.65827455333333,8.186647548,20.36026671,0.09058413595475363,0.03620530063380073,0.13584950092159448,2.7633946607185766,3.4570496901416936,2.098074674369924,44.8710116
Field_90,2023-01-31,dataset1_field_satellite,1611,ok,14.4801889,77.59343049,0.368454734,0.523486009,-0.523486009,0.552610392,20.56990521,20.3416472,13.27719568,Oil Palm,2023,1,31,0.49999999999999994,0.8660254037844387,0.5086709438521044,0.8609610158889943,5,0.32439345900000005,0.491871102,0.486529289,22.634292815,9.566298046,19.588401475,0.07630344204580455,0.02969499232737772,0.11443253014074665,2.256812027843534,3.9473033444702192,2.306017199305922,44.69365582
Field_90,2023-02-03,dataset1_field_satellite,1613,ok,14.4801889,77.59343049,0.331831966,0.502908641,-0.502908641,0.497692454,21.99469931,22.54286014,6.016273393,Oil Palm,2023,2,34,0.8660254037844386,0.5000000000000001,0.5524353131676196,0.8335557718385699,6,0.33320571400000004,0.49819408339999993,0.49974550959999997,22.221415294,10.3084775728,19.73905062,0.06895607762882991,0.029346974220794804,0.1034139516726297,2.1615364057771407,3.800007239460827,2.0252807995601994,31.0163956
Field_90,2023-02-15,dataset1_field_satellite,1612,ok,14.4801889,77.59343049,0.343234039,0.495367156,-0.495367156,0.514789991,22.26335254,19.66441251,6.135752161,Oil Palm,2023,2,46,0.8660254037844386,0.5000000000000001,0.7116566222817746,0.7025274741691571,7,0.33297675600000004,0.49897984300000003,0.4994033336666666,22.183629296666666,9.593110209499999,20.20635220666667,0.06167874061747011,0.026319202602410822,0.09250004771163801,1.9355511867080177,3.823943880709093,2.142809952156482,31.57976101
Field_90,2023-03-17,dataset1_field_satellite,1614,ok,14.4801889,77.59343049,0.275853446,0.394937491,-0.394937491,0.413732235,28.07987967,32.02607074,13.00625171,Oil Palm,2023,3,76,1.0,6.123233995736766e-17,0.9657399376548549,0.2595117970697999,8,0.33444208214285714,0.49846374485714284,0.5016014275714286,22.19501833142857,9.099201916857142,20.12893225,0.05643804392191684,0.02406480533352351,0.08464063448827924,1.7671653293043452,3.7273413420023807,1.966804266752524,42.98269421
Field_90,2023-04-16,dataset1_field_satellite,1616,ok,14.4801889,77.59343049,0.262876035,0.467010124,-0.467010124,0.394271934,24.53207269,38.2964112,5.484733993,Oil Palm,2023,4,106,0.8660254037844387,-0.4999999999999998,0.9679377830240642,-0.25119006388481935,9,0.32711850262500003,0.485522963125,0.4906177785,22.93062599875,9.587583141,21.616074561250002,0.05620760822908278,0.04284967697398528,0.08429547748183287,2.646827849629173,3.7170523883493662,4.583496487574512,28.91942436
Field_90,2023-05-16,dataset1_field_satellite,1618,ok,14.4801889,77.59343049,0.267962817,0.46022429,-0.46022429,0.401901876,24.82663639,25.63467713,5.545884543,Oil Palm,2023,5,136,0.49999999999999994,-0.8660254037844387,0.717676913675962,-0.6963762255968722,10,0.31998045066666664,0.48346598099999993,0.47991268466666664,23.10856452,9.131711013444445,23.46944529888889,0.05677102598877876,0.040554451590930796,0.08514048912960367,2.532774074701048,3.736280666740023,7.021198819673318,29.22197245
Field_90,2023-05-31,dataset1_field_satellite,1619,ok,14.4801889,77.59343049,0.255494761,0.449513737,-0.449513737,0.383201755,25.50089872,30.87468287,5.459332995,Oil Palm,2023,5,151,0.49999999999999994,-0.8660254037844387,0.5160623910158528,-0.8565509959010036,11,0.3147786873,0.4811418119,0.4721116038,23.280371707,8.7731283664,23.685968482,0.05599488659749837,0.03893508405198286,0.08397641253204499,2.4489487532240526,3.7006107918343583,6.654966974767936,28.90899166
Field_90,2023-06-15,dataset1_field_satellite,1620,ok,14.4801889,77.59343049,0.273513869,0.460120531,-0.460120531,0.410229058,24.77524257,42.40038476,5.595745761,Oil Palm,2023,6,166,1.2246467991473532e-16,-1.0,0.2802306751992159,-0.9599326896597447,12,0.3093892394545455,0.47826653236363637,0.46402889027272726,23.48223779909091,8.471874241727273,24.339487971818183,0.05604812415618968,0.038148214239411254,0.08405633178518152,2.4178221826309905,3.650118180735038,6.675154818505791,29.441059
Field_90,2023-08-14,dataset1_field_satellite,1621,ok,14.4801889,77.59343049,0.246900618,0.338603656,-0.338603656,0.370316761,31.25222311,44.66552102,12.92816716,Oil Palm,2023,8,226,-0.8660254037844384,-0.5000000000000004,-0.680773409477016,-0.732494071613579,13,0.30639962525000003,0.47675436558333334,0.45954557091666665,23.589988196666667,8.232196868333334,25.844562704166666,0.05443403923550975,0.036748160228026586,0.08163549208914066,2.3353251793756638,3.577917111839983,8.227392782120209,42.70101151
Field_90,2023-10-13,dataset1_field_satellite,1622,ok,14.4801889,77.59343049,0.403294264,0.562631525,-0.562631525,0.60487571,18.21515235,38.3844643,6.514885575,Oil Palm,2023,10,286,-0.8660254037844386,0.5000000000000001,-0.9778483415056568,0.20931464596304888,14,0.30182277853846157,0.46612738792307695,0.45268181630769233,24.179390882307693,8.593425352307692,27.292328728461538,0.05466681270088732,0.052019382714106145,0.08198436086576891,3.084705316272244,3.6648353555803337,9.449735621681535,32.84211684
Field_90,2023-10-28,dataset1_field_satellite,1623,ok,14.4801889,77.59343049,0.338009404,0.496379601,-0.496379601,0.506959294,22.26501121,34.29333557,13.09750714,Oil Palm,2023,10,301,-0.8660254037844386,0.5000000000000001,-0.8919813464595487,0.45207220393230374,15,0.3090707417857143,0.47302054057142856,0.4635528087142857,23.75337384428571,8.444958225357142,28.084624126428572,0.059110408880974984,0.056241255635105424,0.08865044046634031,3.3651626626078848,3.5646118677375562,9.550744084611159,43.83817502
Field_90,2023-12-27,dataset1_field_satellite,1624,ok,14.4801889,77.59343049,0.286447197,0.474224266,-0.474224266,0.429616693,23.92295776,12.63254021,5.678534199,Oil Palm,2023,12,361,-2.4492935982947064e-16,1.0,-0.06880242680232064,0.9976303053065857,16,0.31099998593333333,0.47457781126666665,0.4664465744,23.654149668666665,8.755128153,28.49853822266667,0.05744820158880041,0.05453000103757076,0.0861577550197442,3.265443510363607,3.6389468808388523,9.341900571427487,29.7227417
